{
	"format_version": "1.8.0",
	"minecraft:client_entity": {
		"description": {
			"identifier": "mclaren:sennablackblack",
			"materials": {
				"default": "enderman",
				"glass": "entity_alphablend"
			},
			"textures": {
				"default": "textures/entity/mclaren/mclaren/sennablackblack"
			},
			"geometry": {
				"default": "geometry.mclarensenna"
			},
			"render_controllers": [
				"controller.render.mclaren"
			],
			"animations": {
				"drive": "animation.mclaren.drive",
				"turning": "animation.mclaren.turning"
			},
			"spawn_egg": {
				"texture": "sennablackblack",
				"texture_index": 0
			},
			"animation_controllers": [
				{
					"general": "controller.animation.mclaren.general1"
				}
			]
		}
	}
}