{
  "format_version":"1.10.0",
  "particle_effect": {
    "description": {
      "identifier": "xm:gun_laser_trail",
      "basic_render_parameters": {
        "material": "particles_alpha",
        "texture": "particles/laser"
      }
    },
    "components": {
      "minecraft:emitter_rate_steady": {
        "spawn_rate": 600,
        "max_particles": 600
      },

      "minecraft:emitter_lifetime_looping": {
        "active_time": 0.3
      },

      "minecraft:emitter_shape_sphere": {
        "radius": 0.1,
        "direction": "outwards"
      },

      "minecraft:particle_initial_speed": "Math.random(0.0, 0.0)",

      "minecraft:particle_initial_spin": {
        "rotation": "Math.random(0, 0)",
        "rotation_rate": "Math.random(0, 0)"
      },

      "minecraft:particle_lifetime_expression": {
        "max_lifetime": "Math.random(0.3, 0.3)"
      },

      "minecraft:particle_motion_dynamic": {
        "linear_acceleration": [ 0, 0.0, 0 ],
        "linear_drag_coefficient": 0,
        "rotation_drag_coefficient": 0.0
      },

      "minecraft:particle_appearance_billboard": {
        "size": [ "0.1 + variable.particle_age * 0.1f", "0.1 + variable.particle_age * 0.1f" ],
        "facing_camera_mode": "lookat_xyz",

        "uv": {
          "texture_width": 80,
          "texture_height": 8,
          "uv": [ 0, 0 ],
          "uv_size": [ 8, 8 ]
        }
      },

      "minecraft:particle_appearance_lighting": {}
    }
  }
}
