{
  "format_version":"1.10.0",
  "particle_effect": {
    "description": {
      "identifier": "xm:gun_taser_trail",
      "basic_render_parameters": {
        "material": "particles_alpha",
        "texture": "particles/bubble"
      }
    },
    "components": {
      "minecraft:emitter_rate_steady": {
        "spawn_rate": 600,
        "max_particles": 600
      },

      "minecraft:emitter_lifetime_looping": {
        "active_time": 0.0
      },

      "minecraft:emitter_shape_sphere": {
        "radius": 0.0,
        "direction": "outwards"
      },

      "minecraft:particle_initial_speed": "Math.random(0.0, 0.0)",

      "minecraft:particle_initial_spin": {
        "rotation": "Math.random(0, 0)",
        "rotation_rate": "Math.random(0, 0)"
      },

      "minecraft:particle_lifetime_expression": {
        "max_lifetime": "Math.random(0.3, 0.3)"
      },

      "minecraft:particle_motion_dynamic": {
        "linear_acceleration": [ 0, 0.0, 0 ],
        "linear_drag_coefficient": 0,
        "rotation_drag_coefficient": 0.0
      },

      "minecraft:particle_appearance_billboard": {
        "size": [ 0.1, 0.1 ],
        "facing_camera_mode": "lookat_xyz",

        "uv": {
          "texture_width": 80,
          "texture_height": 8,

          "flipbook": {
            "base_UV": [ 0, 0 ],
            "size_UV": [ 8, 8 ],
            "step_UV": [ 8, 0 ],
            "frames_per_second": 1.2,
            "max_frame": 10,
            "stretch_to_lifetime": true,
            "loop": true
          }
        }
      },
      "minecraft:particle_appearance_lighting": {}
    }
  }
}
