{
  "format_version":"1.10.0",
  "particle_effect": {
    "description": {
      "identifier": "xm:bomb_peace",
      "basic_render_parameters": {
        "material": "particles_alpha",
        "texture": "particles/peace"
      }
    },
    "components": {
      "minecraft:emitter_rate_instant": {
        "num_particles": 1
      },
      "minecraft:emitter_lifetime_looping": {
        "active_time": 6
      },

      "minecraft:emitter_shape_sphere": {
        "radius": 0.0,
        "direction": "outwards"
      },

      "minecraft:particle_lifetime_expression": {
        "max_lifetime": 6
      },


      "minecraft:particle_appearance_billboard": {
        "size": [ 2.0, 2.0 ],
        "facing_camera_mode": "lookat_xyz",
        "uv": {
          "texture_width": 128,
          "texture_height": 64,

          "flipbook": {
            "base_UV": [ 64, 0 ],
            "size_UV": [ 64, 64 ],
            "step_UV": [ -64, 0 ],
            "frames_per_second": 1,
            "max_frame": 2,
            "stretch_to_lifetime": false,
            "loop": true
          }
        }
      },
      "minecraft:particle_appearance_tinting": {
        "color": [ 1, 1, 1, 1 ]
      },
      "minecraft:particle_appearance_lighting": {}
    }
  }
}
