{
  "tiers": [
    {
      "groups": [
        {
          "num_to_select": 11,
          "trades": [
            {
              "max_uses": 4,
              "wants": [
                {
                  "item": "minecraft:stick",
                  "quantity": 8
                }
              ],
              "gives": [
                {
                  "item": "items:waifu_coins",
                  "quantity": 16
                }
              ]
            },
            {
              "max_uses": 4,
              "wants": [
                {
                  "item": "minecraft:planks",
                  "quantity": 16
                }
              ],
              "gives": [
                {
                  "item": "items:waifu_coins",
                  "quantity": 32
                }
              ]
            },
            {
              "max_uses": 4,
              "wants": [
                {
                  "item": "minecraft:oak_log",
                  "quantity": 16
                }
              ],
              "gives": [
                {
                  "item": "items:waifu_coins",
                  "quantity": 32
                }
              ]
            },
            {
              "max_uses": 4,
              "wants": [
                {
                  "item": "minecraft:emerald",
                  "quantity": 1
                }
              ],
              "gives": [
                {
                  "item": "items:waifu_coins",
                  "quantity": 64
                }
              ]
            },
            {
              "max_uses": 4,
              "wants": [
                {
                  "item": "items:waifu_coins",
                  "quantity": 16
                }
              ],
              "gives": [
                {
                  "item": "items:waifu_guardian_tales",
                  "quantity": 1
                }
              ]
            },
            {
              "max_uses": 4,
              "wants": [
                {
                  "item": "items:waifu_coins",
                  "quantity": 16
                }
              ],
              "gives": [
                {
                  "item": "items:waifu_genshin_impact",
                  "quantity": 1
                }
              ]
            },
            {
              "max_uses": 4,
              "wants": [
                {
                  "item": "items:waifu_coins",
                  "quantity": 16
                }
              ],
              "gives": [
                {
                  "item": "items:waifu_blue_archive",
                  "quantity": 1
                }
              ]
            },
            {
              "max_uses": 4,
              "wants": [
                {
                  "item": "items:waifu_coins",
                  "quantity": 16
                }
              ],
              "gives": [
                {
                  "item": "items:waifu_kimetsu_no_yaiba",
                  "quantity": 1
                }
              ]
            },
            {
              "max_uses": 4,
              "wants": [
                {
                  "item": "items:waifu_coins",
                  "quantity": 16
                }
              ],
              "gives": [
                {
                  "item": "items:waifus",
                  "quantity": 1
                }
              ]
            },
            {
              "max_uses": 4,
              "wants": [
                {
                  "item": "items:waifu_coins",
                  "quantity": 16
                }
              ],
              "gives": [
                {
                  "item": "items:waifu_oshi_no_ko",
                  "quantity": 1
                }
              ]
            },
            {
              "max_uses": 4,
              "wants": [
                {
                  "item": "items:waifu_coins",
                  "quantity": 16
                }
              ],
              "gives": [
                {
                  "item": "items:waifu_boku_no_hero",
                  "quantity": 1
                }
              ]
            }
          ]
        }
      ]
    }
  ]
}