{
	"format_version": "1.10.0",
	"animation_controllers": {
		"controller.animation.ak47": {
			"states": {
                                                                                                               
				"default": {
					"transitions": [
						{
							"ak47_31": "query.mark_variant == 31 && query.variant == 1"
						},
						{
							"ak47_30": "query.mark_variant == 30 && query.variant == 1 && query.item_remaining_use_duration > 0"
						},
						{
							"ak47_29": "query.mark_variant == 29 && query.variant == 1 && query.item_remaining_use_duration > 0"
						},
						{
							"ak47_28": "query.mark_variant == 28 && query.variant == 1 && query.item_remaining_use_duration > 0"
						},
						{
							"ak47_27": "query.mark_variant == 27 && query.variant == 1 && query.item_remaining_use_duration > 0"
						},
						{
							"ak47_26": "query.mark_variant == 26 && query.variant == 1 && query.item_remaining_use_duration > 0"
						},
						{
							"ak47_25": "query.mark_variant == 25 && query.variant == 1 && query.item_remaining_use_duration > 0"
						},
						{
							"ak47_24": "query.mark_variant == 24 && query.variant == 1 && query.item_remaining_use_duration > 0"
						},
						{
							"ak47_23": "query.mark_variant == 23 && query.variant == 1 && query.item_remaining_use_duration > 0"
						},
						{
							"ak47_22": "query.mark_variant == 22 && query.variant == 1 && query.item_remaining_use_duration > 0"
						},
						{
							"ak47_21": "query.mark_variant == 21 && query.variant == 1 && query.item_remaining_use_duration > 0"
						},
						{
							"ak47_20": "query.mark_variant == 20 && query.variant == 1 && query.item_remaining_use_duration > 0"
						},
						{
							"ak47_19": "query.mark_variant == 19 && query.variant == 1 && query.item_remaining_use_duration > 0"
						},
						{
							"ak47_18": "query.mark_variant == 18 && query.variant == 1 && query.item_remaining_use_duration > 0"
						},
						{
							"ak47_17": "query.mark_variant == 17 && query.variant == 1 && query.item_remaining_use_duration > 0"
						},
						{
							"ak47_16": "query.mark_variant == 16 && query.variant == 1 && query.item_remaining_use_duration > 0"
						},
						{
							"ak47_15": "query.mark_variant == 15 && query.variant == 1 && query.item_remaining_use_duration > 0"
						},
						{
							"ak47_14": "query.mark_variant == 14 && query.variant == 1 && query.item_remaining_use_duration > 0"
						},
						{
							"ak47_13": "query.mark_variant == 13 && query.variant == 1 && query.item_remaining_use_duration > 0"
						},
						{
							"ak47_12": "query.mark_variant == 12 && query.variant == 1 && query.item_remaining_use_duration > 0"
						},
						{
							"ak47_11": "query.mark_variant == 11 && query.variant == 1 && query.item_remaining_use_duration > 0"
						},
						{
							"ak47_10": "query.mark_variant == 10 && query.variant == 1 && query.item_remaining_use_duration > 0"
						},
						{
							"ak47_9": "query.mark_variant == 9 && query.variant == 1 && query.item_remaining_use_duration > 0"
						},
						{
							"ak47_8": "query.mark_variant == 8 && query.variant == 1 && query.item_remaining_use_duration > 0"
						},
						{
							"ak47_7": "query.mark_variant == 7 && query.variant == 1 && query.item_remaining_use_duration > 0"
						},
						{
							"ak47_6": "query.mark_variant == 6 && query.variant == 1 && query.item_remaining_use_duration > 0"
						},
						{
							"ak47_5": "query.mark_variant == 5 && query.variant == 1 && query.item_remaining_use_duration > 0"
						},
						{
							"ak47_4": "query.mark_variant == 4 && query.variant == 1 && query.item_remaining_use_duration > 0"
						},
						{
							"ak47_3": "query.mark_variant == 3 && query.variant == 1 && query.item_remaining_use_duration > 0"
						},
						{
							"ak47_2": "query.mark_variant == 2 && query.variant == 1 && query.item_remaining_use_duration > 0"
						},
						{
							"ak47_1": "query.mark_variant == 1 && query.variant == 1 && query.item_remaining_use_duration > 0"
						}
					],
					"on_entry": [
						"@s mm"
					]
				},
				"ak47_31": {
					"transitions": [
						{
							"default": "(1.0)"
						}
					],
					"on_entry": [
	"/replaceitem entity @s slot.weapon.mainhand 0 gun:ak47 1 30"
					]
				},
				"ak47_30": {
					"transitions": [
						{
							"default": "(1.0)"
						}
					],
					"on_entry": [
	"@s ak47:fire",
	"/replaceitem entity @s slot.weapon.mainhand 0 gun:ak47 1 29"
					]
				},
				"ak47_29": {
					"transitions": [
						{
							"default": "(1.0)"
						}
					],
					"on_entry": [
	"@s ak47:fire",
	"/replaceitem entity @s slot.weapon.mainhand 0 gun:ak47 1 28"
					]
				},
				"ak47_28": {
					"transitions": [
						{
							"default": "(1.0)"
						}
					],
					"on_entry": [
	"@s ak47:fire",
	"/replaceitem entity @s slot.weapon.mainhand 0 gun:ak47 1 27"
					]
                },
				"ak47_27": {
					"transitions": [
						{
							"default": "(1.0)"
						}
					],
					"on_entry": [
	"@s ak47:fire",
	"/replaceitem entity @s slot.weapon.mainhand 0 gun:ak47 1 26"
					]
                },
				"ak47_26": {
					"transitions": [
						{
							"default": "(1.0)"
						}
					],
					"on_entry": [
	"@s ak47:fire",
	"/replaceitem entity @s slot.weapon.mainhand 0 gun:ak47 1 25"
					]
				},
				"ak47_25": {
					"transitions": [
						{
							"default": "(1.0)"
						}
					],
					"on_entry": [
	"@s ak47:fire",
	"/replaceitem entity @s slot.weapon.mainhand 0 gun:ak47 1 24"
					]
				},
				"ak47_24": {
					"transitions": [
						{
							"default": "(1.0)"
						}
					],
					"on_entry": [
	"@s ak47:fire",
	"/replaceitem entity @s slot.weapon.mainhand 0 gun:ak47 1 23"
					]
				},
				"ak47_23": {
					"transitions": [
						{
							"default": "(1.0)"
						}
					],
					"on_entry": [
	"@s ak47:fire",
	"/replaceitem entity @s slot.weapon.mainhand 0 gun:ak47 1 22"
					]
				},
				"ak47_22": {
					"transitions": [
						{
							"default": "(1.0)"
						}
					],
					"on_entry": [
	"@s ak47:fire",
	"/replaceitem entity @s slot.weapon.mainhand 0 gun:ak47 1 21"
					]
				},
				"ak47_21": {
					"transitions": [
						{
							"default": "(1.0)"
						}
					],
					"on_entry": [
	"@s ak47:fire",
	"/replaceitem entity @s slot.weapon.mainhand 0 gun:ak47 1 20"
					]
				},
				"ak47_20": {
					"transitions": [
						{
							"default": "(1.0)"
						}
					],
					"on_entry": [
	"@s ak47:fire",
	"/replaceitem entity @s slot.weapon.mainhand 0 gun:ak47 1 19"
					]
				},
				"ak47_19": {
					"transitions": [
						{
							"default": "(1.0)"
						}
					],
					"on_entry": [
	"@s ak47:fire",
	"/replaceitem entity @s slot.weapon.mainhand 0 gun:ak47 1 18"
					]
				},
				"ak47_18": {
					"transitions": [
						{
							"default": "(1.0)"
						}
					],
					"on_entry": [
	"@s ak47:fire",
	"/replaceitem entity @s slot.weapon.mainhand 0 gun:ak47 1 17"
					]
				},
				"ak47_17": {
					"transitions": [
						{
							"default": "(1.0)"
						}
					],
					"on_entry": [
	"@s ak47:fire",
	"/replaceitem entity @s slot.weapon.mainhand 0 gun:ak47 1 16"
					]
				},
				"ak47_16": {
					"transitions": [
						{
							"default": "(1.0)"
						}
					],
					"on_entry": [
	"@s ak47:fire",
	"/replaceitem entity @s slot.weapon.mainhand 0 gun:ak47 1 15"
					]
				},
				"ak47_15": {
					"transitions": [
						{
							"default": "(1.0)"
						}
					],
					"on_entry": [
	"@s ak47:fire",
	"/replaceitem entity @s slot.weapon.mainhand 0 gun:ak47 1 14"
					]
				},
				"ak47_14": {
					"transitions": [
						{
							"default": "(1.0)"
						}
					],
					"on_entry": [
	"@s ak47:fire",
	"/replaceitem entity @s slot.weapon.mainhand 0 gun:ak47 1 13"
					]
				},
				"ak47_13": {
					"transitions": [
						{
							"default": "(1.0)"
						}
					],
					"on_entry": [
	"@s ak47:fire",
	"/replaceitem entity @s slot.weapon.mainhand 0 gun:ak47 1 12"
					]
				},
				"ak47_12": {
					"transitions": [
						{
							"default": "(1.0)"
						}
					],
					"on_entry": [
	"@s ak47:fire",
	"/replaceitem entity @s slot.weapon.mainhand 0 gun:ak47 1 11"
					]
				},
				"ak47_11": {
					"transitions": [
						{
							"default": "(1.0)"
						}
					],
					"on_entry": [
	"@s ak47:fire",
	"/replaceitem entity @s slot.weapon.mainhand 0 gun:ak47 1 10"
					]
				},
				"ak47_10": {
					"transitions": [
						{
							"default": "(1.0)"
						}
					],
					"on_entry": [
	"@s ak47:fire",
	"/replaceitem entity @s slot.weapon.mainhand 0 gun:ak47 1 9"
					]
				},
				"ak47_9": {
					"transitions": [
						{
							"default": "(1.0)"
						}
					],
					"on_entry": [
	"@s ak47:fire",
	"/replaceitem entity @s slot.weapon.mainhand 0 gun:ak47 1 8"
					]
				},
				"ak47_8": {
					"transitions": [
						{
							"default": "(1.0)"
						}
					],
					"on_entry": [
	"@s ak47:fire",
	"/replaceitem entity @s slot.weapon.mainhand 0 gun:ak47 1 7"
					]
				},
				"ak47_7": {
					"transitions": [
						{
							"default": "(1.0)"
						}
					],
					"on_entry": [
	"@s ak47:fire",
	"/replaceitem entity @s slot.weapon.mainhand 0 gun:ak47 1 6"
					]
				},
				"ak47_6": {
					"transitions": [
						{
							"default": "(1.0)"
						}
					],
					"on_entry": [
	"@s ak47:fire",
	"/replaceitem entity @s slot.weapon.mainhand 0 gun:ak47 1 5"
					]
				},
				"ak47_5": {
					"transitions": [
						{
							"default": "(1.0)"
						}
					],
					"on_entry": [
	"@s ak47:fire",
	"/replaceitem entity @s slot.weapon.mainhand 0 gun:ak47 1 4"
					]
				},
				"ak47_4": {
					"transitions": [
						{
							"default": "(1.0)"
						}
					],
					"on_entry": [
	"@s ak47:fire",
	"/replaceitem entity @s slot.weapon.mainhand 0 gun:ak47 1 3"
					]
				},
				"ak47_3": {
					"transitions": [
						{
							"default": "(1.0)"
						}
					],
					"on_entry": [
	"@s ak47:fire",
	"/replaceitem entity @s slot.weapon.mainhand 0 gun:ak47 1 2"
					]
				},
				"ak47_2": {
					"transitions": [
						{
							"default": "(1.0)"
						}
					],
					"on_entry": [
	"@s ak47:fire",
	"/replaceitem entity @s slot.weapon.mainhand 0 gun:ak47 1 1"
					]
				},
				"ak47_1": {
					"transitions": [
						{
							"default": "(1.0)"
						}
					],
					"on_entry": [
	"@s ak47:fire",
    "/replaceitem entity @s slot.weapon.mainhand 0 gun:ak47_empty 1 0"
					]
				}
			}
		}
	}
}