{
	"format_version": "1.10.0",
	"animation_controllers": {
		"controller.animation.aug": {
			"states": {
                                                                                                               
				"default": {
					"transitions": [
						{
							"aug_31": "query.mark_variant == 31 && query.variant == 8"
						},
						{
							"aug_30": "query.mark_variant == 30 && query.variant == 8 && query.item_remaining_use_duration > 0"
						},
						{
							"aug_29": "query.mark_variant == 29 && query.variant == 8 && query.item_remaining_use_duration > 0"
						},
						{
							"aug_28": "query.mark_variant == 28 && query.variant == 8 && query.item_remaining_use_duration > 0"
						},
						{
							"aug_27": "query.mark_variant == 27 && query.variant == 8 && query.item_remaining_use_duration > 0"
						},
						{
							"aug_26": "query.mark_variant == 26 && query.variant == 8 && query.item_remaining_use_duration > 0"
						},
						{
							"aug_25": "query.mark_variant == 25 && query.variant == 8 && query.item_remaining_use_duration > 0"
						},
						{
							"aug_24": "query.mark_variant == 24 && query.variant == 8 && query.item_remaining_use_duration > 0"
						},
						{
							"aug_23": "query.mark_variant == 23 && query.variant == 8 && query.item_remaining_use_duration > 0"
						},
						{
							"aug_22": "query.mark_variant == 22 && query.variant == 8 && query.item_remaining_use_duration > 0"
						},
						{
							"aug_21": "query.mark_variant == 21 && query.variant == 8 && query.item_remaining_use_duration > 0"
						},
						{
							"aug_20": "query.mark_variant == 20 && query.variant == 8 && query.item_remaining_use_duration > 0"
						},
						{
							"aug_19": "query.mark_variant == 19 && query.variant == 8 && query.item_remaining_use_duration > 0"
						},
						{
							"aug_18": "query.mark_variant == 18 && query.variant == 8 && query.item_remaining_use_duration > 0"
						},
						{
							"aug_17": "query.mark_variant == 17 && query.variant == 8 && query.item_remaining_use_duration > 0"
						},
						{
							"aug_16": "query.mark_variant == 16 && query.variant == 8 && query.item_remaining_use_duration > 0"
						},
						{
							"aug_15": "query.mark_variant == 15 && query.variant == 8 && query.item_remaining_use_duration > 0"
						},
						{
							"aug_14": "query.mark_variant == 14 && query.variant == 8 && query.item_remaining_use_duration > 0"
						},
						{
							"aug_13": "query.mark_variant == 13 && query.variant == 8 && query.item_remaining_use_duration > 0"
						},
						{
							"aug_12": "query.mark_variant == 12 && query.variant == 8 && query.item_remaining_use_duration > 0"
						},
						{
							"aug_11": "query.mark_variant == 11 && query.variant == 8 && query.item_remaining_use_duration > 0"
						},
						{
							"aug_10": "query.mark_variant == 10 && query.variant == 8 && query.item_remaining_use_duration > 0"
						},
						{
							"aug_9": "query.mark_variant == 9 && query.variant == 8 && query.item_remaining_use_duration > 0"
						},
						{
							"aug_8": "query.mark_variant == 8 && query.variant == 8 && query.item_remaining_use_duration > 0"
						},
						{
							"aug_7": "query.mark_variant == 7 && query.variant == 8 && query.item_remaining_use_duration > 0"
						},
						{
							"aug_6": "query.mark_variant == 6 && query.variant == 8 && query.item_remaining_use_duration > 0"
						},
						{
							"aug_5": "query.mark_variant == 5 && query.variant == 8 && query.item_remaining_use_duration > 0"
						},
						{
							"aug_4": "query.mark_variant == 4 && query.variant == 8 && query.item_remaining_use_duration > 0"
						},
						{
							"aug_3": "query.mark_variant == 3 && query.variant == 8 && query.item_remaining_use_duration > 0"
						},
						{
							"aug_2": "query.mark_variant == 2 && query.variant == 8 && query.item_remaining_use_duration > 0"
						},
						{
							"aug_1": "query.mark_variant == 1 && query.variant == 8 && query.item_remaining_use_duration > 0"
						}
					],
					"on_entry": [
						"@s mm"
					]
				},
				"aug_31": {
					"transitions": [
						{
							"default": "(1.0)"
						}
					],
					"on_entry": [
	"/replaceitem entity @s slot.weapon.mainhand 0 gun:aug 1 30"
					]
				},
				"aug_30": {
					"transitions": [
						{
							"default": "(1.0)"
						}
					],
					"on_entry": [
	"@s aug:fire",
	"/replaceitem entity @s slot.weapon.mainhand 0 gun:aug 1 29"
					]
				},
				"aug_29": {
					"transitions": [
						{
							"default": "(1.0)"
						}
					],
					"on_entry": [
	"@s aug:fire",
	"/replaceitem entity @s slot.weapon.mainhand 0 gun:aug 1 28"
					]
				},
				"aug_28": {
					"transitions": [
						{
							"default": "(1.0)"
						}
					],
					"on_entry": [
	"@s aug:fire",
	"/replaceitem entity @s slot.weapon.mainhand 0 gun:aug 1 27"
					]
                },
				"aug_27": {
					"transitions": [
						{
							"default": "(1.0)"
						}
					],
					"on_entry": [
	"@s aug:fire",
	"/replaceitem entity @s slot.weapon.mainhand 0 gun:aug 1 26"
					]
                },
				"aug_26": {
					"transitions": [
						{
							"default": "(1.0)"
						}
					],
					"on_entry": [
	"@s aug:fire",
	"/replaceitem entity @s slot.weapon.mainhand 0 gun:aug 1 25"
					]
				},
				"aug_25": {
					"transitions": [
						{
							"default": "(1.0)"
						}
					],
					"on_entry": [
	"@s aug:fire",
	"/replaceitem entity @s slot.weapon.mainhand 0 gun:aug 1 24"
					]
				},
				"aug_24": {
					"transitions": [
						{
							"default": "(1.0)"
						}
					],
					"on_entry": [
	"@s aug:fire",
	"/replaceitem entity @s slot.weapon.mainhand 0 gun:aug 1 23"
					]
				},
				"aug_23": {
					"transitions": [
						{
							"default": "(1.0)"
						}
					],
					"on_entry": [
	"@s aug:fire",
	"/replaceitem entity @s slot.weapon.mainhand 0 gun:aug 1 22"
					]
				},
				"aug_22": {
					"transitions": [
						{
							"default": "(1.0)"
						}
					],
					"on_entry": [
	"@s aug:fire",
	"/replaceitem entity @s slot.weapon.mainhand 0 gun:aug 1 21"
					]
				},
				"aug_21": {
					"transitions": [
						{
							"default": "(1.0)"
						}
					],
					"on_entry": [
	"@s aug:fire",
	"/replaceitem entity @s slot.weapon.mainhand 0 gun:aug 1 20"
					]
				},
				"aug_20": {
					"transitions": [
						{
							"default": "(1.0)"
						}
					],
					"on_entry": [
	"@s aug:fire",
	"/replaceitem entity @s slot.weapon.mainhand 0 gun:aug 1 19"
					]
				},
				"aug_19": {
					"transitions": [
						{
							"default": "(1.0)"
						}
					],
					"on_entry": [
	"@s aug:fire",
	"/replaceitem entity @s slot.weapon.mainhand 0 gun:aug 1 18"
					]
				},
				"aug_18": {
					"transitions": [
						{
							"default": "(1.0)"
						}
					],
					"on_entry": [
	"@s aug:fire",
	"/replaceitem entity @s slot.weapon.mainhand 0 gun:aug 1 17"
					]
				},
				"aug_17": {
					"transitions": [
						{
							"default": "(1.0)"
						}
					],
					"on_entry": [
	"@s aug:fire",
	"/replaceitem entity @s slot.weapon.mainhand 0 gun:aug 1 16"
					]
				},
				"aug_16": {
					"transitions": [
						{
							"default": "(1.0)"
						}
					],
					"on_entry": [
	"@s aug:fire",
	"/replaceitem entity @s slot.weapon.mainhand 0 gun:aug 1 15"
					]
				},
				"aug_15": {
					"transitions": [
						{
							"default": "(1.0)"
						}
					],
					"on_entry": [
	"@s aug:fire",
	"/replaceitem entity @s slot.weapon.mainhand 0 gun:aug 1 14"
					]
				},
				"aug_14": {
					"transitions": [
						{
							"default": "(1.0)"
						}
					],
					"on_entry": [
	"@s aug:fire",
	"/replaceitem entity @s slot.weapon.mainhand 0 gun:aug 1 13"
					]
				},
				"aug_13": {
					"transitions": [
						{
							"default": "(1.0)"
						}
					],
					"on_entry": [
	"@s aug:fire",
	"/replaceitem entity @s slot.weapon.mainhand 0 gun:aug 1 12"
					]
				},
				"aug_12": {
					"transitions": [
						{
							"default": "(1.0)"
						}
					],
					"on_entry": [
	"@s aug:fire",
	"/replaceitem entity @s slot.weapon.mainhand 0 gun:aug 1 11"
					]
				},
				"aug_11": {
					"transitions": [
						{
							"default": "(1.0)"
						}
					],
					"on_entry": [
	"@s aug:fire",
	"/replaceitem entity @s slot.weapon.mainhand 0 gun:aug 1 10"
					]
				},
				"aug_10": {
					"transitions": [
						{
							"default": "(1.0)"
						}
					],
					"on_entry": [
	"@s aug:fire",
	"/replaceitem entity @s slot.weapon.mainhand 0 gun:aug 1 9"
					]
				},
				"aug_9": {
					"transitions": [
						{
							"default": "(1.0)"
						}
					],
					"on_entry": [
	"@s aug:fire",
	"/replaceitem entity @s slot.weapon.mainhand 0 gun:aug 1 8"
					]
				},
				"aug_8": {
					"transitions": [
						{
							"default": "(1.0)"
						}
					],
					"on_entry": [
	"@s aug:fire",
	"/replaceitem entity @s slot.weapon.mainhand 0 gun:aug 1 7"
					]
				},
				"aug_7": {
					"transitions": [
						{
							"default": "(1.0)"
						}
					],
					"on_entry": [
	"@s aug:fire",
	"/replaceitem entity @s slot.weapon.mainhand 0 gun:aug 1 6"
					]
				},
				"aug_6": {
					"transitions": [
						{
							"default": "(1.0)"
						}
					],
					"on_entry": [
	"@s aug:fire",
	"/replaceitem entity @s slot.weapon.mainhand 0 gun:aug 1 5"
					]
				},
				"aug_5": {
					"transitions": [
						{
							"default": "(1.0)"
						}
					],
					"on_entry": [
	"@s aug:fire",
	"/replaceitem entity @s slot.weapon.mainhand 0 gun:aug 1 4"
					]
				},
				"aug_4": {
					"transitions": [
						{
							"default": "(1.0)"
						}
					],
					"on_entry": [
	"@s aug:fire",
	"/replaceitem entity @s slot.weapon.mainhand 0 gun:aug 1 3"
					]
				},
				"aug_3": {
					"transitions": [
						{
							"default": "(1.0)"
						}
					],
					"on_entry": [
	"@s aug:fire",
	"/replaceitem entity @s slot.weapon.mainhand 0 gun:aug 1 2"
					]
				},
				"aug_2": {
					"transitions": [
						{
							"default": "(1.0)"
						}
					],
					"on_entry": [
	"@s aug:fire",
	"/replaceitem entity @s slot.weapon.mainhand 0 gun:aug 1 1"
					]
				},
				"aug_1": {
					"transitions": [
						{
							"default": "(1.0)"
						}
					],
					"on_entry": [
	"@s aug:fire",
    "/replaceitem entity @s slot.weapon.mainhand 0 gun:aug_empty 1 0"
					]
				}
			}
		}
	}
}