{
	"format_version": "1.10.0",
	"animation_controllers": {
		"controller.animation.awm": {
			"states": {
                                                                                                               
				"default": {
					"transitions": [
						{
							"awm_8": "query.mark_variant == 8 && query.variant == 3"
						},
						{
							"awm_7": "query.mark_variant == 7 && query.variant == 3 && query.item_remaining_use_duration > 0"
						},
						{
							"awm_6": "query.mark_variant == 6 && query.variant == 3 && query.item_remaining_use_duration > 0"
						},
						{
							"awm_5": "query.mark_variant == 5 && query.variant == 3 && query.item_remaining_use_duration > 0"
						},
						{
							"awm_4": "query.mark_variant == 4 && query.variant == 3 && query.item_remaining_use_duration > 0"
						},
						{
							"awm_3": "query.mark_variant == 3 && query.variant == 3 && query.item_remaining_use_duration > 0"
						},
						{
							"awm_2": "query.mark_variant == 2 && query.variant == 3 && query.item_remaining_use_duration > 0"
						},
						{
							"awm_1": "query.mark_variant == 1 && query.variant == 3 && query.item_remaining_use_duration > 0"
						}
					],
					"on_entry": [
						"@s mm"
					]
				},
				"awm_8": {
					"transitions": [
						{
							"default": "(1.0)"
						}
					],
					"on_entry": [
    "/replaceitem entity @s slot.weapon.mainhand 0 gun:awm 1 7"
					]
				},
				"awm_7": {
					"transitions": [
						{
							"default": "(1.0)"
						}
					],
					"on_entry": [
	"@s awm:fire",
    "/tp @s ~ ~ ~ ~ ~-1",
    "/replaceitem entity @s slot.weapon.mainhand 0 gun:awm 1 6"
					]
				},
				"awm_6": {
					"transitions": [
						{
							"default": "(1.0)"
						}
					],
					"on_entry": [
	"@s awm:fire",
    "/tp @s ~ ~ ~ ~ ~-1",
	"/replaceitem entity @s slot.weapon.mainhand 0 gun:awm 1 5"
					]
				},
				"awm_5": {
					"transitions": [
						{
							"default": "(1.0)"
						}
					],
					"on_entry": [
	"@s awm:fire",
    "/tp @s ~ ~ ~ ~ ~-1",
	"/replaceitem entity @s slot.weapon.mainhand 0 gun:awm 1 4"
					]
				},
				"awm_4": {
					"transitions": [
						{
							"default": "(1.0)"
						}
					],
					"on_entry": [
	"@s awm:fire",
    "/tp @s ~ ~ ~ ~ ~-1",
	"/replaceitem entity @s slot.weapon.mainhand 0 gun:awm 1 3"
					]
				},
				"awm_3": {
					"transitions": [
						{
							"default": "(1.0)"
						}
					],
					"on_entry": [
	"@s awm:fire",
    "/tp @s ~ ~ ~ ~ ~-1",
	"/replaceitem entity @s slot.weapon.mainhand 0 gun:awm 1 2"
					]
				},
				"awm_2": {
					"transitions": [
						{
							"default": "(1.0)"
						}
					],
					"on_entry": [
	"@s awm:fire",
    "/tp @s ~ ~ ~ ~ ~-1",
	"/replaceitem entity @s slot.weapon.mainhand 0 gun:awm 1 1"
					]
				},
				"awm_1": {
					"transitions": [
						{
							"default": "(1.0)"
						}
					],
					"on_entry": [
	"@s awm:fire",
    "/tp @s ~ ~ ~ ~ ~-1",
    "/replaceitem entity @s slot.weapon.mainhand 0 gun:awm_empty 1 0"
					]
				}
			}
		}
	}
}