{
	"format_version": "1.10.0",
	"animation_controllers": {
		"controller.animation.bat": {
			"states": {
				"default": {
					"transitions": [
						{
							"bat": "query.mark_variant == 1 && query.variant == 23 && query.item_remaining_use_duration > 0"
						}
					],
					"on_entry": [
						"@s bat:fire",
                        "/replaceitem entity @s slot.weapon.mainhand 0 gun:bat 1 2"
					]
				},
				"bat": {
					"transitions": [
						{
							"default": "query.mark_variant == 1 && query.variant == 23 && query.item_remaining_use_duration > 0"
						}
					],
					"on_entry": [
						"@s bat:fire",
                        "/replaceitem entity @s slot.weapon.mainhand 0 gun:bat 1 1"
					]
				}
			}
		}
	}
}