{
	"format_version": "1.10.0",
	"animation_controllers": {
		"controller.animation.bubble": {
			"states": {
				"default": {
					"transitions": [
						{
							"bubble": "query.mark_variant == 1 && query.variant == 12 && query.item_remaining_use_duration > 0"
						}
					],
					"on_entry": [
						"@s bubble:fire",
                        "/replaceitem entity @s slot.weapon.mainhand 0 gun:bubble 1 2"
					]
				},
				"bubble": {
					"transitions": [
						{
							"default": "query.mark_variant == 1 && query.variant == 12 && query.item_remaining_use_duration > 0"
						}
					],
					"on_entry": [
						"@s bubble:fire",
                        "/replaceitem entity @s slot.weapon.mainhand 0 gun:bubble 1 1"
					]
				}
			}
		}
	}
}