{
	"format_version": "1.10.0",
	"animation_controllers": {
		"controller.animation.deagle": {
			"states": {
                                                                                                               
				"default": {
					"transitions": [
						{
							"deagle_8": "query.mark_variant == 8 && query.variant == 7"
						},
						{
							"deagle_7": "query.mark_variant == 7 && query.variant == 7 && query.item_remaining_use_duration > 0"
						},
						{
							"deagle_6": "query.mark_variant == 6 && query.variant == 7 && query.item_remaining_use_duration > 0"
						},
						{
							"deagle_5": "query.mark_variant == 5 && query.variant == 7 && query.item_remaining_use_duration > 0"
						},
						{
							"deagle_4": "query.mark_variant == 4 && query.variant == 7 && query.item_remaining_use_duration > 0"
						},
						{
							"deagle_3": "query.mark_variant == 3 && query.variant == 7 && query.item_remaining_use_duration > 0"
						},
						{
							"deagle_2": "query.mark_variant == 2 && query.variant == 7 && query.item_remaining_use_duration > 0"
						},
						{
							"deagle_1": "query.mark_variant == 1 && query.variant == 7 && query.item_remaining_use_duration > 0"
						}
					],
					"on_entry": [
						"@s mm"
					]
				},
				"deagle_8": {
					"transitions": [
						{
							"default": "(1.0)"
						}
					],
					"on_entry": [
    "/replaceitem entity @s slot.weapon.mainhand 0 gun:deagle 1 7"
					]
				},
				"deagle_7": {
					"transitions": [
						{
							"default": "(1.0)"
						}
					],
					"on_entry": [
	"@s deagle:fire",
    "/tp @s ~ ~ ~ ~ ~-1",
    "/replaceitem entity @s slot.weapon.mainhand 0 gun:deagle 1 6"
					]
				},
				"deagle_6": {
					"transitions": [
						{
							"default": "(1.0)"
						}
					],
					"on_entry": [
	"@s deagle:fire",
    "/tp @s ~ ~ ~ ~ ~-1",
	"/replaceitem entity @s slot.weapon.mainhand 0 gun:deagle 1 5"
					]
				},
				"deagle_5": {
					"transitions": [
						{
							"default": "(1.0)"
						}
					],
					"on_entry": [
	"@s deagle:fire",
    "/tp @s ~ ~ ~ ~ ~-1",
	"/replaceitem entity @s slot.weapon.mainhand 0 gun:deagle 1 4"
					]
				},
				"deagle_4": {
					"transitions": [
						{
							"default": "(1.0)"
						}
					],
					"on_entry": [
	"@s deagle:fire",
    "/tp @s ~ ~ ~ ~ ~-1",
	"/replaceitem entity @s slot.weapon.mainhand 0 gun:deagle 1 3"
					]
				},
				"deagle_3": {
					"transitions": [
						{
							"default": "(1.0)"
						}
					],
					"on_entry": [
	"@s deagle:fire",
    "/tp @s ~ ~ ~ ~ ~-1",
	"/replaceitem entity @s slot.weapon.mainhand 0 gun:deagle 1 2"
					]
				},
				"deagle_2": {
					"transitions": [
						{
							"default": "(1.0)"
						}
					],
					"on_entry": [
	"@s deagle:fire",
    "/tp @s ~ ~ ~ ~ ~-1",
	"/replaceitem entity @s slot.weapon.mainhand 0 gun:deagle 1 1"
					]
				},
				"deagle_1": {
					"transitions": [
						{
							"default": "(1.0)"
						}
					],
					"on_entry": [
	"@s deagle:fire",
    "/tp @s ~ ~ ~ ~ ~-1",
    "/replaceitem entity @s slot.weapon.mainhand 0 gun:deagle_empty 1 0"
					]
				}
			}
		}
	}
}