{
	"format_version": "1.10.0",
	"animation_controllers": {
		"controller.animation.dsword": {
			"states": {
				"default": {
					"transitions": [
						{
							"dsword": "query.mark_variant == 1 && query.variant == 11 && query.item_remaining_use_duration > 0"
						}
					],
					"on_entry": [
						"@s dsword:fire",
                        "/replaceitem entity @s slot.weapon.mainhand 0 gun:dsword 1 2"
					]
				},
				"dsword": {
					"transitions": [
						{
							"default": "query.mark_variant == 1 && query.variant == 11 && query.item_remaining_use_duration > 0"
						}
					],
					"on_entry": [
						"@s dsword:fire",
                        "/replaceitem entity @s slot.weapon.mainhand 0 gun:dsword 1 1"
					]
				}
			}
		}
	}
}