{
	"format_version": "1.10.0",
	"animation_controllers": {
		"controller.animation.flame": {
			"states": {
				"default": {
					"transitions": [
						{
							"flame": "query.mark_variant == 1 && query.variant == 13 && query.item_remaining_use_duration > 0"
						}
					],
					"on_entry": [
						"@s flame:fire",
                        "/replaceitem entity @s slot.weapon.mainhand 0 gun:flame 1 2"
					]
				},
				"flame": {
					"transitions": [
						{
							"default": "query.mark_variant == 1 && query.variant == 13 && query.item_remaining_use_duration > 0"
						}
					],
					"on_entry": [
						"@s flame:fire",
                        "/replaceitem entity @s slot.weapon.mainhand 0 gun:flame 1 1"
					]
				}
			}
		}
	}
}