{
	"format_version": "1.10.0",
	"animation_controllers": {
		"controller.animation.kar98k": {
			"states": {
                                                                                                               
				"default": {
					"transitions": [
						{
							"kar98k_8": "query.mark_variant == 8 && query.variant == 6"
						},
						{
							"kar98k_7": "query.mark_variant == 7 && query.variant == 6 && query.item_remaining_use_duration > 0"
						},
						{
							"kar98k_6": "query.mark_variant == 6 && query.variant == 6 && query.item_remaining_use_duration > 0"
						},
						{
							"kar98k_5": "query.mark_variant == 5 && query.variant == 6 && query.item_remaining_use_duration > 0"
						},
						{
							"kar98k_4": "query.mark_variant == 4 && query.variant == 6 && query.item_remaining_use_duration > 0"
						},
						{
							"kar98k_3": "query.mark_variant == 3 && query.variant == 6 && query.item_remaining_use_duration > 0"
						},
						{
							"kar98k_2": "query.mark_variant == 2 && query.variant == 6 && query.item_remaining_use_duration > 0"
						},
						{
							"kar98k_1": "query.mark_variant == 1 && query.variant == 6 && query.item_remaining_use_duration > 0"
						}
					],
					"on_entry": [
						"@s mm"
					]
				},
				"kar98k_8": {
					"transitions": [
						{
							"default": "(1.0)"
						}
					],
					"on_entry": [
    "/replaceitem entity @s slot.weapon.mainhand 0 gun:kar98k 1 7"
					]
				},
				"kar98k_7": {
					"transitions": [
						{
							"default": "(1.0)"
						}
					],
					"on_entry": [
	"@s kar98k:fire",
    "/tp @s ~ ~ ~ ~ ~-1",
    "/replaceitem entity @s slot.weapon.mainhand 0 gun:kar98k 1 6"
					]
				},
				"kar98k_6": {
					"transitions": [
						{
							"default": "(1.0)"
						}
					],
					"on_entry": [
	"@s kar98k:fire",
    "/tp @s ~ ~ ~ ~ ~-1",
	"/replaceitem entity @s slot.weapon.mainhand 0 gun:kar98k 1 5"
					]
				},
				"kar98k_5": {
					"transitions": [
						{
							"default": "(1.0)"
						}
					],
					"on_entry": [
	"@s kar98k:fire",
    "/tp @s ~ ~ ~ ~ ~-1",
	"/replaceitem entity @s slot.weapon.mainhand 0 gun:kar98k 1 4"
					]
				},
				"kar98k_4": {
					"transitions": [
						{
							"default": "(1.0)"
						}
					],
					"on_entry": [
	"@s kar98k:fire",
    "/tp @s ~ ~ ~ ~ ~-1",
	"/replaceitem entity @s slot.weapon.mainhand 0 gun:kar98k 1 3"
					]
				},
				"kar98k_3": {
					"transitions": [
						{
							"default": "(1.0)"
						}
					],
					"on_entry": [
	"@s kar98k:fire",
    "/tp @s ~ ~ ~ ~ ~-1",
	"/replaceitem entity @s slot.weapon.mainhand 0 gun:kar98k 1 2"
					]
				},
				"kar98k_2": {
					"transitions": [
						{
							"default": "(1.0)"
						}
					],
					"on_entry": [
	"@s kar98k:fire",
    "/tp @s ~ ~ ~ ~ ~-1",
	"/replaceitem entity @s slot.weapon.mainhand 0 gun:kar98k 1 1"
					]
				},
				"kar98k_1": {
					"transitions": [
						{
							"default": "(1.0)"
						}
					],
					"on_entry": [
	"@s kar98k:fire",
    "/tp @s ~ ~ ~ ~ ~-1",
    "/replaceitem entity @s slot.weapon.mainhand 0 gun:kar98k_empty 1 0"
					]
				}
			}
		}
	}
}