{
	"format_version": "1.10.0",
	"animation_controllers": {
		"controller.animation.kar98k_ammo": {
			"states": {
                                                                                                               
				"default": {
					"transitions": [
						{
							"ammo_7": "query.mark_variant == 7 && query.variant == 6"
						},
						{
							"ammo_6": "query.mark_variant == 6 && query.variant == 6"
						},
						{
							"ammo_5": "query.mark_variant == 5 && query.variant == 6"
						},
						{
							"ammo_4": "query.mark_variant == 4 && query.variant == 6"
						},
						{
							"ammo_3": "query.mark_variant == 3 && query.variant == 6"
						},
						{
							"ammo_2": "query.mark_variant == 2 && query.variant == 6"
						},
						{
							"ammo_1": "query.mark_variant == 1 && query.variant == 6"
						},
						{
							"ammo_0": "query.mark_variant == 0 && query.variant == 6"
						}
					],
					"on_entry": [
						"@s mm"
					]
				},
				"ammo_7": {
					"transitions": [
						{
							"default": "(1.0)"
						}
					],
					"on_entry": [
	"/title @s actionbar §l7§r/7"
					]
				},
				"ammo_6": {
					"transitions": [
						{
							"default": "(1.0)"
						}
					],
					"on_entry": [
	"/title @s actionbar §l6§r/7"
					]
				},
				"ammo_5": {
					"transitions": [
						{
							"default": "(1.0)"
						}
					],
					"on_entry": [
	"/title @s actionbar §l5§r/7"
					]
				},
				"ammo_4": {
					"transitions": [
						{
							"default": "(1.0)"
						}
					],
					"on_entry": [
	"/title @s actionbar §l4§r/7"
					]
				},
				"ammo_3": {
					"transitions": [
						{
							"default": "(1.0)"
						}
					],
					"on_entry": [
	"/title @s actionbar §l3§r/7"
					]
				},
				"ammo_2": {
					"transitions": [
						{
							"default": "(1.0)"
						}
					],
					"on_entry": [
	"/title @s actionbar §l2§r/7"
					]
				},
				"ammo_1": {
					"transitions": [
						{
							"default": "(1.0)"
						}
					],
					"on_entry": [
	"/title @s actionbar §l1§r/7"
					]
				},
				"ammo_0": {
					"transitions": [
						{
							"default": "(1.0)"
						}
					],
					"on_entry": [
	"/title @s actionbar §l0§r/7"
					]
				}
			}
		}
	}
}