{
	"format_version": "1.10.0",
	"animation_controllers": {
		"controller.animation.laser": {
			"states": {
				"default": {
					"transitions": [
						{
							"laser": "query.mark_variant == 1 && query.variant == 14 && query.item_remaining_use_duration > 0"
						}
					],
					"on_entry": [
						"@s laser:fire",
                        "/replaceitem entity @s slot.weapon.mainhand 0 gun:laser 1 2"
					]
				},
				"laser": {
					"transitions": [
						{
							"default": "query.mark_variant == 1 && query.variant == 14 && query.item_remaining_use_duration > 0"
						}
					],
					"on_entry": [
						"@s laser:fire",
                        "/replaceitem entity @s slot.weapon.mainhand 0 gun:laser 1 1"
					]
				}
			}
		}
	}
}