{
	"format_version": "1.10.0",
	"animation_controllers": {
		"controller.animation.m16a4_ammo": {
			"states": {
                                                                                                               
				"default": {
					"transitions": [
						{
							"ammo_30": "query.mark_variant == 30 && query.variant == 2"
						},
						{
							"ammo_29": "query.mark_variant == 29 && query.variant == 2"
						},
						{
							"ammo_28": "query.mark_variant == 28 && query.variant == 2"
						},
						{
							"ammo_27": "query.mark_variant == 27 && query.variant == 2"
						},
						{
							"ammo_26": "query.mark_variant == 26 && query.variant == 2"
						},
						{
							"ammo_25": "query.mark_variant == 25 && query.variant == 2"
						},
						{
							"ammo_24": "query.mark_variant == 24 && query.variant == 2"
						},
						{
							"ammo_23": "query.mark_variant == 23 && query.variant == 2"
						},
						{
							"ammo_22": "query.mark_variant == 22 && query.variant == 2"
						},
						{
							"ammo_21": "query.mark_variant == 21 && query.variant == 2"
						},
						{
							"ammo_20": "query.mark_variant == 20 && query.variant == 2"
						},
						{
							"ammo_19": "query.mark_variant == 19 && query.variant == 2"
						},
						{
							"ammo_18": "query.mark_variant == 18 && query.variant == 2"
						},
						{
							"ammo_17": "query.mark_variant == 17 && query.variant == 2"
						},
						{
							"ammo_16": "query.mark_variant == 16 && query.variant == 2"
						},
						{
							"ammo_15": "query.mark_variant == 15 && query.variant == 2"
						},
						{
							"ammo_14": "query.mark_variant == 14 && query.variant == 2"
						},
						{
							"ammo_13": "query.mark_variant == 13 && query.variant == 2"
						},
						{
							"ammo_12": "query.mark_variant == 12 && query.variant == 2"
						},
						{
							"ammo_11": "query.mark_variant == 11 && query.variant == 2"
						},
						{
							"ammo_10": "query.mark_variant == 10 && query.variant == 2"
						},
						{
							"ammo_9": "query.mark_variant == 9 && query.variant == 2"
						},
						{
							"ammo_8": "query.mark_variant == 8 && query.variant == 2"
						},
						{
							"ammo_7": "query.mark_variant == 7 && query.variant == 2"
						},
						{
							"ammo_6": "query.mark_variant == 6 && query.variant == 2"
						},
						{
							"ammo_5": "query.mark_variant == 5 && query.variant == 2"
						},
						{
							"ammo_4": "query.mark_variant == 4 && query.variant == 2"
						},
						{
							"ammo_3": "query.mark_variant == 3 && query.variant == 2"
						},
						{
							"ammo_2": "query.mark_variant == 2 && query.variant == 2"
						},
						{
							"ammo_1": "query.mark_variant == 1 && query.variant == 2"
						},
						{
							"ammo_0": "query.mark_variant == 0 && query.variant == 2"
						}
					],
					"on_entry": [
						"@s mm"
					]
				},
				"ammo_30": {
					"transitions": [
						{
							"default": "(1.0)"
						}
					],
					"on_entry": [
	"/title @s actionbar §l30§r/30"
					]
				},
				"ammo_29": {
					"transitions": [
						{
							"default": "(1.0)"
						}
					],
					"on_entry": [
	"/title @s actionbar §l29§r/30"
					]
				},
				"ammo_28": {
					"transitions": [
						{
							"default": "(1.0)"
						}
					],
					"on_entry": [
	"/title @s actionbar §l28§r/30"
					]
                },
				"ammo_27": {
					"transitions": [
						{
							"default": "(1.0)"
						}
					],
					"on_entry": [
	"/title @s actionbar §l27§r/30"
					]
                },
				"ammo_26": {
					"transitions": [
						{
							"default": "(1.0)"
						}
					],
					"on_entry": [
	"/title @s actionbar §l26§r/30"
					]
				},
				"ammo_25": {
					"transitions": [
						{
							"default": "(1.0)"
						}
					],
					"on_entry": [
	"/title @s actionbar §l25§r/30"
					]
				},
				"ammo_24": {
					"transitions": [
						{
							"default": "(1.0)"
						}
					],
					"on_entry": [
	"/title @s actionbar §l24§r/30"
					]
				},
				"ammo_23": {
					"transitions": [
						{
							"default": "(1.0)"
						}
					],
					"on_entry": [
	"/title @s actionbar §l23§r/30"
					]
				},
				"ammo_22": {
					"transitions": [
						{
							"default": "(1.0)"
						}
					],
					"on_entry": [
	"/title @s actionbar §l22§r/30"
					]
				},
				"ammo_21": {
					"transitions": [
						{
							"default": "(1.0)"
						}
					],
					"on_entry": [
	"/title @s actionbar §l21§r/30"
					]
				},
				"ammo_20": {
					"transitions": [
						{
							"default": "(1.0)"
						}
					],
					"on_entry": [
	"/title @s actionbar §l20§r/30"
					]
				},
				"ammo_19": {
					"transitions": [
						{
							"default": "(1.0)"
						}
					],
					"on_entry": [
	"/title @s actionbar §l19§r/30"
					]
				},
				"ammo_18": {
					"transitions": [
						{
							"default": "(1.0)"
						}
					],
					"on_entry": [
	"/title @s actionbar §l18§r/30"
					]
				},
				"ammo_17": {
					"transitions": [
						{
							"default": "(1.0)"
						}
					],
					"on_entry": [
	"/title @s actionbar §l17§r/30"
					]
				},
				"ammo_16": {
					"transitions": [
						{
							"default": "(1.0)"
						}
					],
					"on_entry": [
	"/title @s actionbar §l16§r/30"
					]
				},
				"ammo_15": {
					"transitions": [
						{
							"default": "(1.0)"
						}
					],
					"on_entry": [
	"/title @s actionbar §l15§r/30"
					]
				},
				"ammo_14": {
					"transitions": [
						{
							"default": "(1.0)"
						}
					],
					"on_entry": [
	"/title @s actionbar §l14§r/30"
					]
				},
				"ammo_13": {
					"transitions": [
						{
							"default": "(1.0)"
						}
					],
					"on_entry": [
	"/title @s actionbar §l13§r/30"
					]
				},
				"ammo_12": {
					"transitions": [
						{
							"default": "(1.0)"
						}
					],
					"on_entry": [
	"/title @s actionbar §l12§r/30"
					]
				},
				"ammo_11": {
					"transitions": [
						{
							"default": "(1.0)"
						}
					],
					"on_entry": [
	"/title @s actionbar §l11§r/30"
					]
				},
				"ammo_10": {
					"transitions": [
						{
							"default": "(1.0)"
						}
					],
					"on_entry": [
	"/title @s actionbar §l10§r/30"
					]
				},
				"ammo_9": {
					"transitions": [
						{
							"default": "(1.0)"
						}
					],
					"on_entry": [
	"/title @s actionbar §l9§r/30"
					]
				},
				"ammo_8": {
					"transitions": [
						{
							"default": "(1.0)"
						}
					],
					"on_entry": [
	"/title @s actionbar §l8§r/30"
					]
				},
				"ammo_7": {
					"transitions": [
						{
							"default": "(1.0)"
						}
					],
					"on_entry": [
	"/title @s actionbar §l7§r/30"
					]
				},
				"ammo_6": {
					"transitions": [
						{
							"default": "(1.0)"
						}
					],
					"on_entry": [
	"/title @s actionbar §l6§r/30"
					]
				},
				"ammo_5": {
					"transitions": [
						{
							"default": "(1.0)"
						}
					],
					"on_entry": [
	"/title @s actionbar §l5§r/30"
					]
				},
				"ammo_4": {
					"transitions": [
						{
							"default": "(1.0)"
						}
					],
					"on_entry": [
	"/title @s actionbar §l4§r/30"
					]
				},
				"ammo_3": {
					"transitions": [
						{
							"default": "(1.0)"
						}
					],
					"on_entry": [
	"/title @s actionbar §l3§r/30"
					]
				},
				"ammo_2": {
					"transitions": [
						{
							"default": "(1.0)"
						}
					],
					"on_entry": [
	"/title @s actionbar §l2§r/30"
					]
				},
				"ammo_1": {
					"transitions": [
						{
							"default": "(1.0)"
						}
					],
					"on_entry": [
	"/title @s actionbar §l1§r/30"
					]
				},
				"ammo_0": {
					"transitions": [
						{
							"default": "(1.0)"
						}
					],
					"on_entry": [
	"/title @s actionbar §l0§r/30"
					]
				}
			}
		}
	}
}