{
	"format_version": "1.10.0",
	"animation_controllers": {
		"controller.animation.m16a4": {
			"states": {
                                                                                                               
				"default": {
					"transitions": [
						{
							"m16a4_31": "query.mark_variant == 31 && query.variant == 2"
						},
						{
							"m16a4_30": "query.mark_variant == 30 && query.variant == 2 && query.item_remaining_use_duration > 0"
						},
						{
							"m16a4_29": "query.mark_variant == 29 && query.variant == 2 && query.item_remaining_use_duration > 0"
						},
						{
							"m16a4_28": "query.mark_variant == 28 && query.variant == 2 && query.item_remaining_use_duration > 0"
						},
						{
							"m16a4_27": "query.mark_variant == 27 && query.variant == 2 && query.item_remaining_use_duration > 0"
						},
						{
							"m16a4_26": "query.mark_variant == 26 && query.variant == 2 && query.item_remaining_use_duration > 0"
						},
						{
							"m16a4_25": "query.mark_variant == 25 && query.variant == 2 && query.item_remaining_use_duration > 0"
						},
						{
							"m16a4_24": "query.mark_variant == 24 && query.variant == 2 && query.item_remaining_use_duration > 0"
						},
						{
							"m16a4_23": "query.mark_variant == 23 && query.variant == 2 && query.item_remaining_use_duration > 0"
						},
						{
							"m16a4_22": "query.mark_variant == 22 && query.variant == 2 && query.item_remaining_use_duration > 0"
						},
						{
							"m16a4_21": "query.mark_variant == 21 && query.variant == 2 && query.item_remaining_use_duration > 0"
						},
						{
							"m16a4_20": "query.mark_variant == 20 && query.variant == 2 && query.item_remaining_use_duration > 0"
						},
						{
							"m16a4_19": "query.mark_variant == 19 && query.variant == 2 && query.item_remaining_use_duration > 0"
						},
						{
							"m16a4_18": "query.mark_variant == 18 && query.variant == 2 && query.item_remaining_use_duration > 0"
						},
						{
							"m16a4_17": "query.mark_variant == 17 && query.variant == 2 && query.item_remaining_use_duration > 0"
						},
						{
							"m16a4_16": "query.mark_variant == 16 && query.variant == 2 && query.item_remaining_use_duration > 0"
						},
						{
							"m16a4_15": "query.mark_variant == 15 && query.variant == 2 && query.item_remaining_use_duration > 0"
						},
						{
							"m16a4_14": "query.mark_variant == 14 && query.variant == 2 && query.item_remaining_use_duration > 0"
						},
						{
							"m16a4_13": "query.mark_variant == 13 && query.variant == 2 && query.item_remaining_use_duration > 0"
						},
						{
							"m16a4_12": "query.mark_variant == 12 && query.variant == 2 && query.item_remaining_use_duration > 0"
						},
						{
							"m16a4_11": "query.mark_variant == 11 && query.variant == 2 && query.item_remaining_use_duration > 0"
						},
						{
							"m16a4_10": "query.mark_variant == 10 && query.variant == 2 && query.item_remaining_use_duration > 0"
						},
						{
							"m16a4_9": "query.mark_variant == 9 && query.variant == 2 && query.item_remaining_use_duration > 0"
						},
						{
							"m16a4_8": "query.mark_variant == 8 && query.variant == 2 && query.item_remaining_use_duration > 0"
						},
						{
							"m16a4_7": "query.mark_variant == 7 && query.variant == 2 && query.item_remaining_use_duration > 0"
						},
						{
							"m16a4_6": "query.mark_variant == 6 && query.variant == 2 && query.item_remaining_use_duration > 0"
						},
						{
							"m16a4_5": "query.mark_variant == 5 && query.variant == 2 && query.item_remaining_use_duration > 0"
						},
						{
							"m16a4_4": "query.mark_variant == 4 && query.variant == 2 && query.item_remaining_use_duration > 0"
						},
						{
							"m16a4_3": "query.mark_variant == 3 && query.variant == 2 && query.item_remaining_use_duration > 0"
						},
						{
							"m16a4_2": "query.mark_variant == 2 && query.variant == 2 && query.item_remaining_use_duration > 0"
						},
						{
							"m16a4_1": "query.mark_variant == 1 && query.variant == 2 && query.item_remaining_use_duration > 0"
						}
					],
					"on_entry": [
						"@s mm"
					]
				},
				"m16a4_31": {
					"transitions": [
						{
							"default": "(1.0)"
						}
					],
					"on_entry": [
	"/replaceitem entity @s slot.weapon.mainhand 0 gun:m16a4 1 30"
					]
				},
				"m16a4_30": {
					"transitions": [
						{
							"default": "(1.0)"
						}
					],
					"on_entry": [
	"@s m16a4:fire",
	"/replaceitem entity @s slot.weapon.mainhand 0 gun:m16a4 1 29"
					]
				},
				"m16a4_29": {
					"transitions": [
						{
							"default": "(1.0)"
						}
					],
					"on_entry": [
	"@s m16a4:fire",
	"/replaceitem entity @s slot.weapon.mainhand 0 gun:m16a4 1 28"
					]
				},
				"m16a4_28": {
					"transitions": [
						{
							"default": "(1.0)"
						}
					],
					"on_entry": [
	"@s m16a4:fire",
	"/replaceitem entity @s slot.weapon.mainhand 0 gun:m16a4 1 27"
					]
                },
				"m16a4_27": {
					"transitions": [
						{
							"default": "(1.0)"
						}
					],
					"on_entry": [
	"@s m16a4:fire",
	"/replaceitem entity @s slot.weapon.mainhand 0 gun:m16a4 1 26"
					]
                },
				"m16a4_26": {
					"transitions": [
						{
							"default": "(1.0)"
						}
					],
					"on_entry": [
	"@s m16a4:fire",
	"/replaceitem entity @s slot.weapon.mainhand 0 gun:m16a4 1 25"
					]
				},
				"m16a4_25": {
					"transitions": [
						{
							"default": "(1.0)"
						}
					],
					"on_entry": [
	"@s m16a4:fire",
	"/replaceitem entity @s slot.weapon.mainhand 0 gun:m16a4 1 24"
					]
				},
				"m16a4_24": {
					"transitions": [
						{
							"default": "(1.0)"
						}
					],
					"on_entry": [
	"@s m16a4:fire",
	"/replaceitem entity @s slot.weapon.mainhand 0 gun:m16a4 1 23"
					]
				},
				"m16a4_23": {
					"transitions": [
						{
							"default": "(1.0)"
						}
					],
					"on_entry": [
	"@s m16a4:fire",
	"/replaceitem entity @s slot.weapon.mainhand 0 gun:m16a4 1 22"
					]
				},
				"m16a4_22": {
					"transitions": [
						{
							"default": "(1.0)"
						}
					],
					"on_entry": [
	"@s m16a4:fire",
	"/replaceitem entity @s slot.weapon.mainhand 0 gun:m16a4 1 21"
					]
				},
				"m16a4_21": {
					"transitions": [
						{
							"default": "(1.0)"
						}
					],
					"on_entry": [
	"@s m16a4:fire",
	"/replaceitem entity @s slot.weapon.mainhand 0 gun:m16a4 1 20"
					]
				},
				"m16a4_20": {
					"transitions": [
						{
							"default": "(1.0)"
						}
					],
					"on_entry": [
	"@s m16a4:fire",
	"/replaceitem entity @s slot.weapon.mainhand 0 gun:m16a4 1 19"
					]
				},
				"m16a4_19": {
					"transitions": [
						{
							"default": "(1.0)"
						}
					],
					"on_entry": [
	"@s m16a4:fire",
	"/replaceitem entity @s slot.weapon.mainhand 0 gun:m16a4 1 18"
					]
				},
				"m16a4_18": {
					"transitions": [
						{
							"default": "(1.0)"
						}
					],
					"on_entry": [
	"@s m16a4:fire",
	"/replaceitem entity @s slot.weapon.mainhand 0 gun:m16a4 1 17"
					]
				},
				"m16a4_17": {
					"transitions": [
						{
							"default": "(1.0)"
						}
					],
					"on_entry": [
	"@s m16a4:fire",
	"/replaceitem entity @s slot.weapon.mainhand 0 gun:m16a4 1 16"
					]
				},
				"m16a4_16": {
					"transitions": [
						{
							"default": "(1.0)"
						}
					],
					"on_entry": [
	"@s m16a4:fire",
	"/replaceitem entity @s slot.weapon.mainhand 0 gun:m16a4 1 15"
					]
				},
				"m16a4_15": {
					"transitions": [
						{
							"default": "(1.0)"
						}
					],
					"on_entry": [
	"@s m16a4:fire",
	"/replaceitem entity @s slot.weapon.mainhand 0 gun:m16a4 1 14"
					]
				},
				"m16a4_14": {
					"transitions": [
						{
							"default": "(1.0)"
						}
					],
					"on_entry": [
	"@s m16a4:fire",
	"/replaceitem entity @s slot.weapon.mainhand 0 gun:m16a4 1 13"
					]
				},
				"m16a4_13": {
					"transitions": [
						{
							"default": "(1.0)"
						}
					],
					"on_entry": [
	"@s m16a4:fire",
	"/replaceitem entity @s slot.weapon.mainhand 0 gun:m16a4 1 12"
					]
				},
				"m16a4_12": {
					"transitions": [
						{
							"default": "(1.0)"
						}
					],
					"on_entry": [
	"@s m16a4:fire",
	"/replaceitem entity @s slot.weapon.mainhand 0 gun:m16a4 1 11"
					]
				},
				"m16a4_11": {
					"transitions": [
						{
							"default": "(1.0)"
						}
					],
					"on_entry": [
	"@s m16a4:fire",
	"/replaceitem entity @s slot.weapon.mainhand 0 gun:m16a4 1 10"
					]
				},
				"m16a4_10": {
					"transitions": [
						{
							"default": "(1.0)"
						}
					],
					"on_entry": [
	"@s m16a4:fire",
	"/replaceitem entity @s slot.weapon.mainhand 0 gun:m16a4 1 9"
					]
				},
				"m16a4_9": {
					"transitions": [
						{
							"default": "(1.0)"
						}
					],
					"on_entry": [
	"@s m16a4:fire",
	"/replaceitem entity @s slot.weapon.mainhand 0 gun:m16a4 1 8"
					]
				},
				"m16a4_8": {
					"transitions": [
						{
							"default": "(1.0)"
						}
					],
					"on_entry": [
	"@s m16a4:fire",
	"/replaceitem entity @s slot.weapon.mainhand 0 gun:m16a4 1 7"
					]
				},
				"m16a4_7": {
					"transitions": [
						{
							"default": "(1.0)"
						}
					],
					"on_entry": [
	"@s m16a4:fire",
	"/replaceitem entity @s slot.weapon.mainhand 0 gun:m16a4 1 6"
					]
				},
				"m16a4_6": {
					"transitions": [
						{
							"default": "(1.0)"
						}
					],
					"on_entry": [
	"@s m16a4:fire",
	"/replaceitem entity @s slot.weapon.mainhand 0 gun:m16a4 1 5"
					]
				},
				"m16a4_5": {
					"transitions": [
						{
							"default": "(1.0)"
						}
					],
					"on_entry": [
	"@s m16a4:fire",
	"/replaceitem entity @s slot.weapon.mainhand 0 gun:m16a4 1 4"
					]
				},
				"m16a4_4": {
					"transitions": [
						{
							"default": "(1.0)"
						}
					],
					"on_entry": [
	"@s m16a4:fire",
	"/replaceitem entity @s slot.weapon.mainhand 0 gun:m16a4 1 3"
					]
				},
				"m16a4_3": {
					"transitions": [
						{
							"default": "(1.0)"
						}
					],
					"on_entry": [
	"@s m16a4:fire",
	"/replaceitem entity @s slot.weapon.mainhand 0 gun:m16a4 1 2"
					]
				},
				"m16a4_2": {
					"transitions": [
						{
							"default": "(1.0)"
						}
					],
					"on_entry": [
	"@s m16a4:fire",
	"/replaceitem entity @s slot.weapon.mainhand 0 gun:m16a4 1 1"
					]
				},
				"m16a4_1": {
					"transitions": [
						{
							"default": "(1.0)"
						}
					],
					"on_entry": [
	"@s m16a4:fire",
    "/replaceitem entity @s slot.weapon.mainhand 0 gun:m16a4_empty 1 0"
					]
				}
			}
		}
	}
}