{
	"format_version": "1.10.0",
	"animation_controllers": {
		"controller.animation.m1897": {
			"states": {
                                                                                                               
				"default": {
					"transitions": [
						{
							"m1897_9": "query.mark_variant == 9 && query.variant == 5"
						},
						{
							"m1897_8": "query.mark_variant == 8 && query.variant == 5 && query.item_remaining_use_duration > 0"
						},
						{
							"m1897_7": "query.mark_variant == 7 && query.variant == 5 && query.item_remaining_use_duration > 0"
						},
						{
							"m1897_6": "query.mark_variant == 6 && query.variant == 5 && query.item_remaining_use_duration > 0"
						},
						{
							"m1897_5": "query.mark_variant == 5 && query.variant == 5 && query.item_remaining_use_duration > 0"
						},
						{
							"m1897_4": "query.mark_variant == 4 && query.variant == 5 && query.item_remaining_use_duration > 0"
						},
						{
							"m1897_3": "query.mark_variant == 3 && query.variant == 5 && query.item_remaining_use_duration > 0"
						},
						{
							"m1897_2": "query.mark_variant == 2 && query.variant == 5 && query.item_remaining_use_duration > 0"
						},
						{
							"m1897_1": "query.mark_variant == 1 && query.variant == 5 && query.item_remaining_use_duration > 0"
						}
					],
					"on_entry": [
						"@s mm"
					]
				},
				"m1897_9": {
					"transitions": [
						{
							"default": "(1.0)"
						}
					],
					"on_entry": [
    "/replaceitem entity @s slot.weapon.mainhand 0 gun:m1897 1 8"
					]
				},
				"m1897_8": {
					"transitions": [
						{
							"default": "(1.0)"
						}
					],
					"on_entry": [
    "/playsound gun.m1897 @a[r=30] ~ ~ ~ 1",
	"@s m1897:fire",
    "/tp @s ~ ~ ~ ~ ~-1",
    "/replaceitem entity @s slot.weapon.mainhand 0 gun:m1897 1 7"
					]
				},
				"m1897_7": {
					"transitions": [
						{
							"default": "(1.0)"
						}
					],
					"on_entry": [
    "/playsound gun.m1897 @a[r=30] ~ ~ ~ 1",
	"@s m1897:fire",
    "/tp @s ~ ~ ~ ~ ~-1",
    "/replaceitem entity @s slot.weapon.mainhand 0 gun:m1897 1 6"
					]
				},
				"m1897_6": {
					"transitions": [
						{
							"default": "(1.0)"
						}
					],
					"on_entry": [
    "/playsound gun.m1897 @a[r=30] ~ ~ ~ 1",
	"@s m1897:fire",
    "/tp @s ~ ~ ~ ~ ~-1",
	"/replaceitem entity @s slot.weapon.mainhand 0 gun:m1897 1 5"
					]
				},
				"m1897_5": {
					"transitions": [
						{
							"default": "(1.0)"
						}
					],
					"on_entry": [
    "/playsound gun.m1897 @a[r=30] ~ ~ ~ 1",
	"@s m1897:fire",
    "/tp @s ~ ~ ~ ~ ~-1",
	"/replaceitem entity @s slot.weapon.mainhand 0 gun:m1897 1 4"
					]
				},
				"m1897_4": {
					"transitions": [
						{
							"default": "(1.0)"
						}
					],
					"on_entry": [
    "/playsound gun.m1897 @a[r=30] ~ ~ ~ 1",
	"@s m1897:fire",
    "/tp @s ~ ~ ~ ~ ~-1",
	"/replaceitem entity @s slot.weapon.mainhand 0 gun:m1897 1 3"
					]
				},
				"m1897_3": {
					"transitions": [
						{
							"default": "(1.0)"
						}
					],
					"on_entry": [
    "/playsound gun.m1897 @a[r=30] ~ ~ ~ 1",
	"@s m1897:fire",
    "/tp @s ~ ~ ~ ~ ~-1",
	"/replaceitem entity @s slot.weapon.mainhand 0 gun:m1897 1 2"
					]
				},
				"m1897_2": {
					"transitions": [
						{
							"default": "(1.0)"
						}
					],
					"on_entry": [
    "/playsound gun.m1897 @a[r=30] ~ ~ ~ 1",
	"@s m1897:fire",
    "/tp @s ~ ~ ~ ~ ~-1",
	"/replaceitem entity @s slot.weapon.mainhand 0 gun:m1897 1 1"
					]
				},
				"m1897_1": {
					"transitions": [
						{
							"default": "(1.0)"
						}
					],
					"on_entry": [
    "/playsound gun.m1897 @a[r=30] ~ ~ ~ 1",
	"@s m1897:fire",
    "/tp @s ~ ~ ~ ~ ~-1",
    "/replaceitem entity @s slot.weapon.mainhand 0 gun:m1897_empty 1 0"
					]
				}
			}
		}
	}
}