{
	"format_version": "1.10.0",
	"animation_controllers": {
		"controller.animation.m249": {
			"states": {
                                                                                                               
				"default": {
					"transitions": [
						{
							"m249_101": "query.mark_variant == 101 && query.variant == 22"
						},
						{
							"m249_100": "query.mark_variant == 100 && query.variant == 22 && query.item_remaining_use_duration > 0"
						},
						{
							"m249_99": "query.mark_variant == 99 && query.variant == 22 && query.item_remaining_use_duration > 0"
						},
						{
							"m249_98": "query.mark_variant == 98 && query.variant == 22 && query.item_remaining_use_duration > 0"
						},
						{
							"m249_97": "query.mark_variant == 97 && query.variant == 22 && query.item_remaining_use_duration > 0"
						},
						{
							"m249_96": "query.mark_variant == 96 && query.variant == 22 && query.item_remaining_use_duration > 0"
						},
						{
							"m249_95": "query.mark_variant == 95 && query.variant == 22 && query.item_remaining_use_duration > 0"
						},
						{
							"m249_94": "query.mark_variant == 94 && query.variant == 22 && query.item_remaining_use_duration > 0"
						},
						{
							"m249_93": "query.mark_variant == 93 && query.variant == 22 && query.item_remaining_use_duration > 0"
						},
						{
							"m249_92": "query.mark_variant == 92 && query.variant == 22 && query.item_remaining_use_duration > 0"
						},
						{
							"m249_91": "query.mark_variant == 91 && query.variant == 22 && query.item_remaining_use_duration > 0"
						},
						{
							"m249_90": "query.mark_variant == 90 && query.variant == 22 && query.item_remaining_use_duration > 0"
						},
						{
							"m249_89": "query.mark_variant == 89 && query.variant == 22 && query.item_remaining_use_duration > 0"
						},
						{
							"m249_88": "query.mark_variant == 88 && query.variant == 22 && query.item_remaining_use_duration > 0"
						},
						{
							"m249_87": "query.mark_variant == 87 && query.variant == 22 && query.item_remaining_use_duration > 0"
						},
						{
							"m249_86": "query.mark_variant == 86 && query.variant == 22 && query.item_remaining_use_duration > 0"
						},
						{
							"m249_85": "query.mark_variant == 85 && query.variant == 22 && query.item_remaining_use_duration > 0"
						},
						{
							"m249_84": "query.mark_variant == 84 && query.variant == 22 && query.item_remaining_use_duration > 0"
						},
						{
							"m249_83": "query.mark_variant == 83 && query.variant == 22 && query.item_remaining_use_duration > 0"
						},
						{
							"m249_82": "query.mark_variant == 82 && query.variant == 22 && query.item_remaining_use_duration > 0"
						},
						{
							"m249_81": "query.mark_variant == 81 && query.variant == 22 && query.item_remaining_use_duration > 0"
						},
						{
							"m249_80": "query.mark_variant == 80 && query.variant == 22 && query.item_remaining_use_duration > 0"
						},
						{
							"m249_79": "query.mark_variant == 79 && query.variant == 22 && query.item_remaining_use_duration > 0"
						},
						{
							"m249_78": "query.mark_variant == 78 && query.variant == 22 && query.item_remaining_use_duration > 0"
						},
						{
							"m249_77": "query.mark_variant == 77 && query.variant == 22 && query.item_remaining_use_duration > 0"
						},
						{
							"m249_76": "query.mark_variant == 76 && query.variant == 22 && query.item_remaining_use_duration > 0"
						},
						{
							"m249_75": "query.mark_variant == 75 && query.variant == 22 && query.item_remaining_use_duration > 0"
						},
						{
							"m249_74": "query.mark_variant == 74 && query.variant == 22 && query.item_remaining_use_duration > 0"
						},
						{
							"m249_73": "query.mark_variant == 73 && query.variant == 22 && query.item_remaining_use_duration > 0"
						},
						{
							"m249_72": "query.mark_variant == 72 && query.variant == 22 && query.item_remaining_use_duration > 0"
						},
						{
							"m249_71": "query.mark_variant == 71 && query.variant == 22 && query.item_remaining_use_duration > 0"
						},
						{
							"m249_70": "query.mark_variant == 70 && query.variant == 22 && query.item_remaining_use_duration > 0"
						},
						{
							"m249_69": "query.mark_variant == 69 && query.variant == 22 && query.item_remaining_use_duration > 0"
						},
						{
							"m249_68": "query.mark_variant == 68 && query.variant == 22 && query.item_remaining_use_duration > 0"
						},
						{
							"m249_67": "query.mark_variant == 67 && query.variant == 22 && query.item_remaining_use_duration > 0"
						},
						{
							"m249_66": "query.mark_variant == 66 && query.variant == 22 && query.item_remaining_use_duration > 0"
						},
						{
							"m249_65": "query.mark_variant == 65 && query.variant == 22 && query.item_remaining_use_duration > 0"
						},
						{
							"m249_64": "query.mark_variant == 64 && query.variant == 22 && query.item_remaining_use_duration > 0"
						},
						{
							"m249_63": "query.mark_variant == 63 && query.variant == 22 && query.item_remaining_use_duration > 0"
						},
						{
							"m249_62": "query.mark_variant == 62 && query.variant == 22 && query.item_remaining_use_duration > 0"
						},
						{
							"m249_61": "query.mark_variant == 61 && query.variant == 22 && query.item_remaining_use_duration > 0"
						},
						{
							"m249_60": "query.mark_variant == 60 && query.variant == 22 && query.item_remaining_use_duration > 0"
						},
						{
							"m249_59": "query.mark_variant == 59 && query.variant == 22 && query.item_remaining_use_duration > 0"
						},
						{
							"m249_58": "query.mark_variant == 58 && query.variant == 22 && query.item_remaining_use_duration > 0"
						},
						{
							"m249_57": "query.mark_variant == 57 && query.variant == 22 && query.item_remaining_use_duration > 0"
						},
						{
							"m249_56": "query.mark_variant == 56 && query.variant == 22 && query.item_remaining_use_duration > 0"
						},
						{
							"m249_55": "query.mark_variant == 55 && query.variant == 22 && query.item_remaining_use_duration > 0"
						},
						{
							"m249_54": "query.mark_variant == 54 && query.variant == 22 && query.item_remaining_use_duration > 0"
						},
						{
							"m249_53": "query.mark_variant == 53 && query.variant == 22 && query.item_remaining_use_duration > 0"
						},
						{
							"m249_52": "query.mark_variant == 52 && query.variant == 22 && query.item_remaining_use_duration > 0"
						},
						{
							"m249_51": "query.mark_variant == 51 && query.variant == 22 && query.item_remaining_use_duration > 0"
						},
						{
							"m249_50": "query.mark_variant == 50 && query.variant == 22 && query.item_remaining_use_duration > 0"
						},
						{
							"m249_49": "query.mark_variant == 49 && query.variant == 22 && query.item_remaining_use_duration > 0"
						},
						{
							"m249_48": "query.mark_variant == 48 && query.variant == 22 && query.item_remaining_use_duration > 0"
						},
						{
							"m249_47": "query.mark_variant == 47 && query.variant == 22 && query.item_remaining_use_duration > 0"
						},
						{
							"m249_46": "query.mark_variant == 46 && query.variant == 22 && query.item_remaining_use_duration > 0"
						},
						{
							"m249_45": "query.mark_variant == 45 && query.variant == 22 && query.item_remaining_use_duration > 0"
						},
						{
							"m249_44": "query.mark_variant == 44 && query.variant == 22 && query.item_remaining_use_duration > 0"
						},
						{
							"m249_43": "query.mark_variant == 43 && query.variant == 22 && query.item_remaining_use_duration > 0"
						},
						{
							"m249_42": "query.mark_variant == 42 && query.variant == 22 && query.item_remaining_use_duration > 0"
						},
						{
							"m249_41": "query.mark_variant == 41 && query.variant == 22 && query.item_remaining_use_duration > 0"
						},
						{
							"m249_40": "query.mark_variant == 40 && query.variant == 22 && query.item_remaining_use_duration > 0"
						},
						{
							"m249_39": "query.mark_variant == 39 && query.variant == 22 && query.item_remaining_use_duration > 0"
						},
						{
							"m249_38": "query.mark_variant == 38 && query.variant == 22 && query.item_remaining_use_duration > 0"
						},
						{
							"m249_37": "query.mark_variant == 37 && query.variant == 22 && query.item_remaining_use_duration > 0"
						},
						{
							"m249_36": "query.mark_variant == 36 && query.variant == 22 && query.item_remaining_use_duration > 0"
						},
						{
							"m249_35": "query.mark_variant == 35 && query.variant == 22 && query.item_remaining_use_duration > 0"
						},
						{
							"m249_34": "query.mark_variant == 34 && query.variant == 22 && query.item_remaining_use_duration > 0"
						},
						{
							"m249_33": "query.mark_variant == 33 && query.variant == 22 && query.item_remaining_use_duration > 0"
						},
						{
							"m249_32": "query.mark_variant == 32 && query.variant == 22 && query.item_remaining_use_duration > 0"
						},
						{
							"m249_31": "query.mark_variant == 31 && query.variant == 22 && query.item_remaining_use_duration > 0"
						},
						{
							"m249_30": "query.mark_variant == 30 && query.variant == 22 && query.item_remaining_use_duration > 0"
						},
						{
							"m249_29": "query.mark_variant == 29 && query.variant == 22 && query.item_remaining_use_duration > 0"
						},
						{
							"m249_28": "query.mark_variant == 28 && query.variant == 22 && query.item_remaining_use_duration > 0"
						},
						{
							"m249_27": "query.mark_variant == 27 && query.variant == 22 && query.item_remaining_use_duration > 0"
						},
						{
							"m249_26": "query.mark_variant == 26 && query.variant == 22 && query.item_remaining_use_duration > 0"
						},
						{
							"m249_25": "query.mark_variant == 25 && query.variant == 22 && query.item_remaining_use_duration > 0"
						},
						{
							"m249_24": "query.mark_variant == 24 && query.variant == 22 && query.item_remaining_use_duration > 0"
						},
						{
							"m249_23": "query.mark_variant == 23 && query.variant == 22 && query.item_remaining_use_duration > 0"
						},
						{
							"m249_22": "query.mark_variant == 22 && query.variant == 22 && query.item_remaining_use_duration > 0"
						},
						{
							"m249_21": "query.mark_variant == 21 && query.variant == 22 && query.item_remaining_use_duration > 0"
						},
						{
							"m249_20": "query.mark_variant == 20 && query.variant == 22 && query.item_remaining_use_duration > 0"
						},
						{
							"m249_19": "query.mark_variant == 19 && query.variant == 22 && query.item_remaining_use_duration > 0"
						},
						{
							"m249_18": "query.mark_variant == 18 && query.variant == 22 && query.item_remaining_use_duration > 0"
						},
						{
							"m249_17": "query.mark_variant == 17 && query.variant == 22 && query.item_remaining_use_duration > 0"
						},
						{
							"m249_16": "query.mark_variant == 16 && query.variant == 22 && query.item_remaining_use_duration > 0"
						},
						{
							"m249_15": "query.mark_variant == 15 && query.variant == 22 && query.item_remaining_use_duration > 0"
						},
						{
							"m249_14": "query.mark_variant == 14 && query.variant == 22 && query.item_remaining_use_duration > 0"
						},
						{
							"m249_13": "query.mark_variant == 13 && query.variant == 22 && query.item_remaining_use_duration > 0"
						},
						{
							"m249_12": "query.mark_variant == 12 && query.variant == 22 && query.item_remaining_use_duration > 0"
						},
						{
							"m249_11": "query.mark_variant == 11 && query.variant == 22 && query.item_remaining_use_duration > 0"
						},
						{
							"m249_10": "query.mark_variant == 10 && query.variant == 22 && query.item_remaining_use_duration > 0"
						},
						{
							"m249_9": "query.mark_variant == 9 && query.variant == 22 && query.item_remaining_use_duration > 0"
						},
						{
							"m249_8": "query.mark_variant == 8 && query.variant == 22 && query.item_remaining_use_duration > 0"
						},
						{
							"m249_7": "query.mark_variant == 7 && query.variant == 22 && query.item_remaining_use_duration > 0"
						},
						{
							"m249_6": "query.mark_variant == 6 && query.variant == 22 && query.item_remaining_use_duration > 0"
						},
						{
							"m249_5": "query.mark_variant == 5 && query.variant == 22 && query.item_remaining_use_duration > 0"
						},
						{
							"m249_4": "query.mark_variant == 4 && query.variant == 22 && query.item_remaining_use_duration > 0"
						},
						{
							"m249_3": "query.mark_variant == 3 && query.variant == 22 && query.item_remaining_use_duration > 0"
						},
						{
							"m249_2": "query.mark_variant == 2 && query.variant == 22 && query.item_remaining_use_duration > 0"
						},
						{
							"m249_1": "query.mark_variant == 1 && query.variant == 22 && query.item_remaining_use_duration > 0"
						}
					],
					"on_entry": [
						"@s mm"
					]
				},
				"m249_101": {
					"transitions": [
						{
							"default": "(1.0)"
						}
					],
					"on_entry": [
	"@s m249:fire",
	"/replaceitem entity @s slot.weapon.mainhand 0 gun:m249 1 100"
					]
				},
				"m249_100": {
					"transitions": [
						{
							"default": "(1.0)"
						}
					],
					"on_entry": [
	"@s m249:fire",
	"/replaceitem entity @s slot.weapon.mainhand 0 gun:m249 1 99"
					]
				},
				"m249_99": {
					"transitions": [
						{
							"default": "(1.0)"
						}
					],
					"on_entry": [
	"@s m249:fire",
	"/replaceitem entity @s slot.weapon.mainhand 0 gun:m249 1 98"
					]
				},
				"m249_98": {
					"transitions": [
						{
							"default": "(1.0)"
						}
					],
					"on_entry": [
	"@s m249:fire",
	"/replaceitem entity @s slot.weapon.mainhand 0 gun:m249 1 97"
					]
				},
				"m249_97": {
					"transitions": [
						{
							"default": "(1.0)"
						}
					],
					"on_entry": [
	"@s m249:fire",
	"/replaceitem entity @s slot.weapon.mainhand 0 gun:m249 1 96"
					]
				},
				"m249_96": {
					"transitions": [
						{
							"default": "(1.0)"
						}
					],
					"on_entry": [
	"@s m249:fire",
	"/replaceitem entity @s slot.weapon.mainhand 0 gun:m249 1 95"
					]
				},
				"m249_95": {
					"transitions": [
						{
							"default": "(1.0)"
						}
					],
					"on_entry": [
	"@s m249:fire",
	"/replaceitem entity @s slot.weapon.mainhand 0 gun:m249 1 94"
					]
				},
				"m249_94": {
					"transitions": [
						{
							"default": "(1.0)"
						}
					],
					"on_entry": [
	"@s m249:fire",
	"/replaceitem entity @s slot.weapon.mainhand 0 gun:m249 1 93"
					]
				},
				"m249_93": {
					"transitions": [
						{
							"default": "(1.0)"
						}
					],
					"on_entry": [
	"@s m249:fire",
	"/replaceitem entity @s slot.weapon.mainhand 0 gun:m249 1 92"
					]
				},
				"m249_92": {
					"transitions": [
						{
							"default": "(1.0)"
						}
					],
					"on_entry": [
	"@s m249:fire",
	"/replaceitem entity @s slot.weapon.mainhand 0 gun:m249 1 91"
					]
				},
				"m249_91": {
					"transitions": [
						{
							"default": "(1.0)"
						}
					],
					"on_entry": [
	"@s m249:fire",
	"/replaceitem entity @s slot.weapon.mainhand 0 gun:m249 1 90"
					]
				},
				"m249_90": {
					"transitions": [
						{
							"default": "(1.0)"
						}
					],
					"on_entry": [
	"@s m249:fire",
	"/replaceitem entity @s slot.weapon.mainhand 0 gun:m249 1 89"
					]
				},
				"m249_89": {
					"transitions": [
						{
							"default": "(1.0)"
						}
					],
					"on_entry": [
	"@s m249:fire",
	"/replaceitem entity @s slot.weapon.mainhand 0 gun:m249 1 88"
					]
				},
				"m249_88": {
					"transitions": [
						{
							"default": "(1.0)"
						}
					],
					"on_entry": [
	"@s m249:fire",
	"/replaceitem entity @s slot.weapon.mainhand 0 gun:m249 1 87"
					]
				},
				"m249_87": {
					"transitions": [
						{
							"default": "(1.0)"
						}
					],
					"on_entry": [
	"@s m249:fire",
	"/replaceitem entity @s slot.weapon.mainhand 0 gun:m249 1 86"
					]
				},
				"m249_86": {
					"transitions": [
						{
							"default": "(1.0)"
						}
					],
					"on_entry": [
	"@s m249:fire",
	"/replaceitem entity @s slot.weapon.mainhand 0 gun:m249 1 85"
					]
				},
				"m249_85": {
					"transitions": [
						{
							"default": "(1.0)"
						}
					],
					"on_entry": [
	"@s m249:fire",
	"/replaceitem entity @s slot.weapon.mainhand 0 gun:m249 1 84"
					]
				},
				"m249_84": {
					"transitions": [
						{
							"default": "(1.0)"
						}
					],
					"on_entry": [
	"@s m249:fire",
	"/replaceitem entity @s slot.weapon.mainhand 0 gun:m249 1 83"
					]
				},
				"m249_83": {
					"transitions": [
						{
							"default": "(1.0)"
						}
					],
					"on_entry": [
	"@s m249:fire",
	"/replaceitem entity @s slot.weapon.mainhand 0 gun:m249 1 82"
					]
				},
				"m249_82": {
					"transitions": [
						{
							"default": "(1.0)"
						}
					],
					"on_entry": [
	"@s m249:fire",
	"/replaceitem entity @s slot.weapon.mainhand 0 gun:m249 1 81"
					]
				},
				"m249_81": {
					"transitions": [
						{
							"default": "(1.0)"
						}
					],
					"on_entry": [
	"@s m249:fire",
	"/replaceitem entity @s slot.weapon.mainhand 0 gun:m249 1 80"
					]
				},
				"m249_80": {
					"transitions": [
						{
							"default": "(1.0)"
						}
					],
					"on_entry": [
	"@s m249:fire",
	"/replaceitem entity @s slot.weapon.mainhand 0 gun:m249 1 79"
					]
				},
				"m249_79": {
					"transitions": [
						{
							"default": "(1.0)"
						}
					],
					"on_entry": [
	"@s m249:fire",
	"/replaceitem entity @s slot.weapon.mainhand 0 gun:m249 1 78"
					]
				},
				"m249_78": {
					"transitions": [
						{
							"default": "(1.0)"
						}
					],
					"on_entry": [
	"@s m249:fire",
	"/replaceitem entity @s slot.weapon.mainhand 0 gun:m249 1 77"
					]
				},
				"m249_77": {
					"transitions": [
						{
							"default": "(1.0)"
						}
					],
					"on_entry": [
	"@s m249:fire",
	"/replaceitem entity @s slot.weapon.mainhand 0 gun:m249 1 76"
					]
				},
				"m249_76": {
					"transitions": [
						{
							"default": "(1.0)"
						}
					],
					"on_entry": [
	"@s m249:fire",
	"/replaceitem entity @s slot.weapon.mainhand 0 gun:m249 1 75"
					]
				},
				"m249_75": {
					"transitions": [
						{
							"default": "(1.0)"
						}
					],
					"on_entry": [
	"@s m249:fire",
	"/replaceitem entity @s slot.weapon.mainhand 0 gun:m249 1 74"
					]
				},
				"m249_74": {
					"transitions": [
						{
							"default": "(1.0)"
						}
					],
					"on_entry": [
	"@s m249:fire",
	"/replaceitem entity @s slot.weapon.mainhand 0 gun:m249 1 73"
					]
				},
				"m249_73": {
					"transitions": [
						{
							"default": "(1.0)"
						}
					],
					"on_entry": [
	"@s m249:fire",
	"/replaceitem entity @s slot.weapon.mainhand 0 gun:m249 1 72"
					]
				},
				"m249_72": {
					"transitions": [
						{
							"default": "(1.0)"
						}
					],
					"on_entry": [
	"@s m249:fire",
	"/replaceitem entity @s slot.weapon.mainhand 0 gun:m249 1 71"
					]
				},
				"m249_71": {
					"transitions": [
						{
							"default": "(1.0)"
						}
					],
					"on_entry": [
	"@s m249:fire",
	"/replaceitem entity @s slot.weapon.mainhand 0 gun:m249 1 70"
					]
				},
				"m249_70": {
					"transitions": [
						{
							"default": "(1.0)"
						}
					],
					"on_entry": [
	"@s m249:fire",
	"/replaceitem entity @s slot.weapon.mainhand 0 gun:m249 1 69"
					]
				},
				"m249_69": {
					"transitions": [
						{
							"default": "(1.0)"
						}
					],
					"on_entry": [
	"@s m249:fire",
	"/replaceitem entity @s slot.weapon.mainhand 0 gun:m249 1 68"
					]
				},
				"m249_68": {
					"transitions": [
						{
							"default": "(1.0)"
						}
					],
					"on_entry": [
	"@s m249:fire",
	"/replaceitem entity @s slot.weapon.mainhand 0 gun:m249 1 67"
					]
				},
				"m249_67": {
					"transitions": [
						{
							"default": "(1.0)"
						}
					],
					"on_entry": [
	"@s m249:fire",
	"/replaceitem entity @s slot.weapon.mainhand 0 gun:m249 1 66"
					]
				},
				"m249_66": {
					"transitions": [
						{
							"default": "(1.0)"
						}
					],
					"on_entry": [
	"@s m249:fire",
	"/replaceitem entity @s slot.weapon.mainhand 0 gun:m249 1 65"
					]
				},
				"m249_65": {
					"transitions": [
						{
							"default": "(1.0)"
						}
					],
					"on_entry": [
	"@s m249:fire",
	"/replaceitem entity @s slot.weapon.mainhand 0 gun:m249 1 64"
					]
				},
				"m249_64": {
					"transitions": [
						{
							"default": "(1.0)"
						}
					],
					"on_entry": [
	"@s m249:fire",
	"/replaceitem entity @s slot.weapon.mainhand 0 gun:m249 1 63"
					]
				},
				"m249_63": {
					"transitions": [
						{
							"default": "(1.0)"
						}
					],
					"on_entry": [
	"@s m249:fire",
	"/replaceitem entity @s slot.weapon.mainhand 0 gun:m249 1 62"
					]
				},
				"m249_62": {
					"transitions": [
						{
							"default": "(1.0)"
						}
					],
					"on_entry": [
	"@s m249:fire",
	"/replaceitem entity @s slot.weapon.mainhand 0 gun:m249 1 61"
					]
				},
				"m249_61": {
					"transitions": [
						{
							"default": "(1.0)"
						}
					],
					"on_entry": [
	"@s m249:fire",
	"/replaceitem entity @s slot.weapon.mainhand 0 gun:m249 1 60"
					]
				},
				"m249_60": {
					"transitions": [
						{
							"default": "(1.0)"
						}
					],
					"on_entry": [
	"@s m249:fire",
	"/replaceitem entity @s slot.weapon.mainhand 0 gun:m249 1 59"
					]
				},
				"m249_59": {
					"transitions": [
						{
							"default": "(1.0)"
						}
					],
					"on_entry": [
	"@s m249:fire",
	"/replaceitem entity @s slot.weapon.mainhand 0 gun:m249 1 58"
					]
				},
				"m249_58": {
					"transitions": [
						{
							"default": "(1.0)"
						}
					],
					"on_entry": [
	"@s m249:fire",
	"/replaceitem entity @s slot.weapon.mainhand 0 gun:m249 1 57"
					]
				},
				"m249_57": {
					"transitions": [
						{
							"default": "(1.0)"
						}
					],
					"on_entry": [
	"@s m249:fire",
	"/replaceitem entity @s slot.weapon.mainhand 0 gun:m249 1 56"
					]
				},
				"m249_56": {
					"transitions": [
						{
							"default": "(1.0)"
						}
					],
					"on_entry": [
	"@s m249:fire",
	"/replaceitem entity @s slot.weapon.mainhand 0 gun:m249 1 55"
					]
				},
				"m249_55": {
					"transitions": [
						{
							"default": "(1.0)"
						}
					],
					"on_entry": [
	"@s m249:fire",
	"/replaceitem entity @s slot.weapon.mainhand 0 gun:m249 1 54"
					]
				},
				"m249_54": {
					"transitions": [
						{
							"default": "(1.0)"
						}
					],
					"on_entry": [
	"@s m249:fire",
	"/replaceitem entity @s slot.weapon.mainhand 0 gun:m249 1 53"
					]
				},
				"m249_53": {
					"transitions": [
						{
							"default": "(1.0)"
						}
					],
					"on_entry": [
	"@s m249:fire",
	"/replaceitem entity @s slot.weapon.mainhand 0 gun:m249 1 52"
					]
				},
				"m249_52": {
					"transitions": [
						{
							"default": "(1.0)"
						}
					],
					"on_entry": [
	"@s m249:fire",
	"/replaceitem entity @s slot.weapon.mainhand 0 gun:m249 1 51"
					]
				},
				"m249_51": {
					"transitions": [
						{
							"default": "(1.0)"
						}
					],
					"on_entry": [
	"/replaceitem entity @s slot.weapon.mainhand 0 gun:m249 1 50"
					]
				},
				"m249_50": {
					"transitions": [
						{
							"default": "(1.0)"
						}
					],
					"on_entry": [
	"@s m249:fire",
	"/replaceitem entity @s slot.weapon.mainhand 0 gun:m249 1 49"
					]
				},
				"m249_49": {
					"transitions": [
						{
							"default": "(1.0)"
						}
					],
					"on_entry": [
	"@s m249:fire",
	"/replaceitem entity @s slot.weapon.mainhand 0 gun:m249 1 48"
					]
				},
				"m249_48": {
					"transitions": [
						{
							"default": "(1.0)"
						}
					],
					"on_entry": [
	"@s m249:fire",
	"/replaceitem entity @s slot.weapon.mainhand 0 gun:m249 1 47"
					]
				},
				"m249_47": {
					"transitions": [
						{
							"default": "(1.0)"
						}
					],
					"on_entry": [
	"@s m249:fire",
	"/replaceitem entity @s slot.weapon.mainhand 0 gun:m249 1 46"
					]
				},
				"m249_46": {
					"transitions": [
						{
							"default": "(1.0)"
						}
					],
					"on_entry": [
	"@s m249:fire",
	"/replaceitem entity @s slot.weapon.mainhand 0 gun:m249 1 45"
					]
				},
				"m249_45": {
					"transitions": [
						{
							"default": "(1.0)"
						}
					],
					"on_entry": [
	"@s m249:fire",
	"/replaceitem entity @s slot.weapon.mainhand 0 gun:m249 1 44"
					]
				},
				"m249_44": {
					"transitions": [
						{
							"default": "(1.0)"
						}
					],
					"on_entry": [
	"@s m249:fire",
	"/replaceitem entity @s slot.weapon.mainhand 0 gun:m249 1 43"
					]
				},
				"m249_43": {
					"transitions": [
						{
							"default": "(1.0)"
						}
					],
					"on_entry": [
	"@s m249:fire",
	"/replaceitem entity @s slot.weapon.mainhand 0 gun:m249 1 42"
					]
				},
				"m249_42": {
					"transitions": [
						{
							"default": "(1.0)"
						}
					],
					"on_entry": [
	"@s m249:fire",
	"/replaceitem entity @s slot.weapon.mainhand 0 gun:m249 1 41"
					]
				},
				"m249_41": {
					"transitions": [
						{
							"default": "(1.0)"
						}
					],
					"on_entry": [
	"@s m249:fire",
	"/replaceitem entity @s slot.weapon.mainhand 0 gun:m249 1 40"
					]
				},
				"m249_40": {
					"transitions": [
						{
							"default": "(1.0)"
						}
					],
					"on_entry": [
	"@s m249:fire",
	"/replaceitem entity @s slot.weapon.mainhand 0 gun:m249 1 39"
					]
				},
				"m249_39": {
					"transitions": [
						{
							"default": "(1.0)"
						}
					],
					"on_entry": [
	"@s m249:fire",
	"/replaceitem entity @s slot.weapon.mainhand 0 gun:m249 1 38"
					]
				},
				"m249_38": {
					"transitions": [
						{
							"default": "(1.0)"
						}
					],
					"on_entry": [
	"@s m249:fire",
	"/replaceitem entity @s slot.weapon.mainhand 0 gun:m249 1 37"
					]
				},
				"m249_37": {
					"transitions": [
						{
							"default": "(1.0)"
						}
					],
					"on_entry": [
	"@s m249:fire",
	"/replaceitem entity @s slot.weapon.mainhand 0 gun:m249 1 36"
					]
				},
				"m249_36": {
					"transitions": [
						{
							"default": "(1.0)"
						}
					],
					"on_entry": [
	"@s m249:fire",
	"/replaceitem entity @s slot.weapon.mainhand 0 gun:m249 1 35"
					]
				},
				"m249_35": {
					"transitions": [
						{
							"default": "(1.0)"
						}
					],
					"on_entry": [
	"@s m249:fire",
	"/replaceitem entity @s slot.weapon.mainhand 0 gun:m249 1 34"
					]
				},
				"m249_34": {
					"transitions": [
						{
							"default": "(1.0)"
						}
					],
					"on_entry": [
	"@s m249:fire",
	"/replaceitem entity @s slot.weapon.mainhand 0 gun:m249 1 33"
					]
				},
				"m249_33": {
					"transitions": [
						{
							"default": "(1.0)"
						}
					],
					"on_entry": [
	"@s m249:fire",
	"/replaceitem entity @s slot.weapon.mainhand 0 gun:m249 1 32"
					]
				},
				"m249_32": {
					"transitions": [
						{
							"default": "(1.0)"
						}
					],
					"on_entry": [
	"@s m249:fire",
	"/replaceitem entity @s slot.weapon.mainhand 0 gun:m249 1 31"
					]
				},
				"m249_31": {
					"transitions": [
						{
							"default": "(1.0)"
						}
					],
					"on_entry": [
	"@s m249:fire",
	"/replaceitem entity @s slot.weapon.mainhand 0 gun:m249 1 30"
					]
				},
				"m249_30": {
					"transitions": [
						{
							"default": "(1.0)"
						}
					],
					"on_entry": [
	"@s m249:fire",
	"/replaceitem entity @s slot.weapon.mainhand 0 gun:m249 1 29"
					]
				},
				"m249_29": {
					"transitions": [
						{
							"default": "(1.0)"
						}
					],
					"on_entry": [
	"@s m249:fire",
	"/replaceitem entity @s slot.weapon.mainhand 0 gun:m249 1 28"
					]
				},
				"m249_28": {
					"transitions": [
						{
							"default": "(1.0)"
						}
					],
					"on_entry": [
	"@s m249:fire",
	"/replaceitem entity @s slot.weapon.mainhand 0 gun:m249 1 27"
					]
                },
				"m249_27": {
					"transitions": [
						{
							"default": "(1.0)"
						}
					],
					"on_entry": [
	"@s m249:fire",
	"/replaceitem entity @s slot.weapon.mainhand 0 gun:m249 1 26"
					]
                },
				"m249_26": {
					"transitions": [
						{
							"default": "(1.0)"
						}
					],
					"on_entry": [
	"@s m249:fire",
	"/replaceitem entity @s slot.weapon.mainhand 0 gun:m249 1 25"
					]
				},
				"m249_25": {
					"transitions": [
						{
							"default": "(1.0)"
						}
					],
					"on_entry": [
	"@s m249:fire",
	"/replaceitem entity @s slot.weapon.mainhand 0 gun:m249 1 24"
					]
				},
				"m249_24": {
					"transitions": [
						{
							"default": "(1.0)"
						}
					],
					"on_entry": [
	"@s m249:fire",
	"/replaceitem entity @s slot.weapon.mainhand 0 gun:m249 1 23"
					]
				},
				"m249_23": {
					"transitions": [
						{
							"default": "(1.0)"
						}
					],
					"on_entry": [
	"@s m249:fire",
	"/replaceitem entity @s slot.weapon.mainhand 0 gun:m249 1 22"
					]
				},
				"m249_22": {
					"transitions": [
						{
							"default": "(1.0)"
						}
					],
					"on_entry": [
	"@s m249:fire",
	"/replaceitem entity @s slot.weapon.mainhand 0 gun:m249 1 21"
					]
				},
				"m249_21": {
					"transitions": [
						{
							"default": "(1.0)"
						}
					],
					"on_entry": [
	"@s m249:fire",
	"/replaceitem entity @s slot.weapon.mainhand 0 gun:m249 1 20"
					]
				},
				"m249_20": {
					"transitions": [
						{
							"default": "(1.0)"
						}
					],
					"on_entry": [
	"@s m249:fire",
	"/replaceitem entity @s slot.weapon.mainhand 0 gun:m249 1 19"
					]
				},
				"m249_19": {
					"transitions": [
						{
							"default": "(1.0)"
						}
					],
					"on_entry": [
	"@s m249:fire",
	"/replaceitem entity @s slot.weapon.mainhand 0 gun:m249 1 18"
					]
				},
				"m249_18": {
					"transitions": [
						{
							"default": "(1.0)"
						}
					],
					"on_entry": [
	"@s m249:fire",
	"/replaceitem entity @s slot.weapon.mainhand 0 gun:m249 1 17"
					]
				},
				"m249_17": {
					"transitions": [
						{
							"default": "(1.0)"
						}
					],
					"on_entry": [
	"@s m249:fire",
	"/replaceitem entity @s slot.weapon.mainhand 0 gun:m249 1 16"
					]
				},
				"m249_16": {
					"transitions": [
						{
							"default": "(1.0)"
						}
					],
					"on_entry": [
	"@s m249:fire",
	"/replaceitem entity @s slot.weapon.mainhand 0 gun:m249 1 15"
					]
				},
				"m249_15": {
					"transitions": [
						{
							"default": "(1.0)"
						}
					],
					"on_entry": [
	"@s m249:fire",
	"/replaceitem entity @s slot.weapon.mainhand 0 gun:m249 1 14"
					]
				},
				"m249_14": {
					"transitions": [
						{
							"default": "(1.0)"
						}
					],
					"on_entry": [
	"@s m249:fire",
	"/replaceitem entity @s slot.weapon.mainhand 0 gun:m249 1 13"
					]
				},
				"m249_13": {
					"transitions": [
						{
							"default": "(1.0)"
						}
					],
					"on_entry": [
	"@s m249:fire",
	"/replaceitem entity @s slot.weapon.mainhand 0 gun:m249 1 12"
					]
				},
				"m249_12": {
					"transitions": [
						{
							"default": "(1.0)"
						}
					],
					"on_entry": [
	"@s m249:fire",
	"/replaceitem entity @s slot.weapon.mainhand 0 gun:m249 1 11"
					]
				},
				"m249_11": {
					"transitions": [
						{
							"default": "(1.0)"
						}
					],
					"on_entry": [
	"@s m249:fire",
	"/replaceitem entity @s slot.weapon.mainhand 0 gun:m249 1 10"
					]
				},
				"m249_10": {
					"transitions": [
						{
							"default": "(1.0)"
						}
					],
					"on_entry": [
	"@s m249:fire",
	"/replaceitem entity @s slot.weapon.mainhand 0 gun:m249 1 9"
					]
				},
				"m249_9": {
					"transitions": [
						{
							"default": "(1.0)"
						}
					],
					"on_entry": [
	"@s m249:fire",
	"/replaceitem entity @s slot.weapon.mainhand 0 gun:m249 1 8"
					]
				},
				"m249_8": {
					"transitions": [
						{
							"default": "(1.0)"
						}
					],
					"on_entry": [
	"@s m249:fire",
	"/replaceitem entity @s slot.weapon.mainhand 0 gun:m249 1 7"
					]
				},
				"m249_7": {
					"transitions": [
						{
							"default": "(1.0)"
						}
					],
					"on_entry": [
	"@s m249:fire",
	"/replaceitem entity @s slot.weapon.mainhand 0 gun:m249 1 6"
					]
				},
				"m249_6": {
					"transitions": [
						{
							"default": "(1.0)"
						}
					],
					"on_entry": [
	"@s m249:fire",
	"/replaceitem entity @s slot.weapon.mainhand 0 gun:m249 1 5"
					]
				},
				"m249_5": {
					"transitions": [
						{
							"default": "(1.0)"
						}
					],
					"on_entry": [
	"@s m249:fire",
	"/replaceitem entity @s slot.weapon.mainhand 0 gun:m249 1 4"
					]
				},
				"m249_4": {
					"transitions": [
						{
							"default": "(1.0)"
						}
					],
					"on_entry": [
	"@s m249:fire",
	"/replaceitem entity @s slot.weapon.mainhand 0 gun:m249 1 3"
					]
				},
				"m249_3": {
					"transitions": [
						{
							"default": "(1.0)"
						}
					],
					"on_entry": [
	"@s m249:fire",
	"/replaceitem entity @s slot.weapon.mainhand 0 gun:m249 1 2"
					]
				},
				"m249_2": {
					"transitions": [
						{
							"default": "(1.0)"
						}
					],
					"on_entry": [
	"@s m249:fire",
	"/replaceitem entity @s slot.weapon.mainhand 0 gun:m249 1 1"
					]
				},
				"m249_1": {
					"transitions": [
						{
							"default": "(1.0)"
						}
					],
					"on_entry": [
	"@s m249:fire",
    "/replaceitem entity @s slot.weapon.mainhand 0 gun:m249_empty 20 0"
					]
				}
			}
		}
	}
}