{
	"format_version": "1.10.0",
	"animation_controllers": {
		"controller.animation.p90": {
			"states": {
                                                                                                               
				"default": {
					"transitions": [
						{
							"p90_51": "query.mark_variant == 51 && query.variant == 20"
						},
						{
							"p90_50": "query.mark_variant == 50 && query.variant == 20 && query.item_remaining_use_duration > 0"
						},
						{
							"p90_49": "query.mark_variant == 49 && query.variant == 20 && query.item_remaining_use_duration > 0"
						},
						{
							"p90_48": "query.mark_variant == 48 && query.variant == 20 && query.item_remaining_use_duration > 0"
						},
						{
							"p90_47": "query.mark_variant == 47 && query.variant == 20 && query.item_remaining_use_duration > 0"
						},
						{
							"p90_46": "query.mark_variant == 46 && query.variant == 20 && query.item_remaining_use_duration > 0"
						},
						{
							"p90_45": "query.mark_variant == 45 && query.variant == 20 && query.item_remaining_use_duration > 0"
						},
						{
							"p90_44": "query.mark_variant == 44 && query.variant == 20 && query.item_remaining_use_duration > 0"
						},
						{
							"p90_43": "query.mark_variant == 43 && query.variant == 20 && query.item_remaining_use_duration > 0"
						},
						{
							"p90_42": "query.mark_variant == 42 && query.variant == 20 && query.item_remaining_use_duration > 0"
						},
						{
							"p90_41": "query.mark_variant == 41 && query.variant == 20 && query.item_remaining_use_duration > 0"
						},
						{
							"p90_40": "query.mark_variant == 40 && query.variant == 20 && query.item_remaining_use_duration > 0"
						},
						{
							"p90_39": "query.mark_variant == 39 && query.variant == 20 && query.item_remaining_use_duration > 0"
						},
						{
							"p90_38": "query.mark_variant == 38 && query.variant == 20 && query.item_remaining_use_duration > 0"
						},
						{
							"p90_37": "query.mark_variant == 37 && query.variant == 20 && query.item_remaining_use_duration > 0"
						},
						{
							"p90_36": "query.mark_variant == 36 && query.variant == 20 && query.item_remaining_use_duration > 0"
						},
						{
							"p90_35": "query.mark_variant == 35 && query.variant == 20 && query.item_remaining_use_duration > 0"
						},
						{
							"p90_34": "query.mark_variant == 34 && query.variant == 20 && query.item_remaining_use_duration > 0"
						},
						{
							"p90_33": "query.mark_variant == 33 && query.variant == 20 && query.item_remaining_use_duration > 0"
						},
						{
							"p90_32": "query.mark_variant == 32 && query.variant == 20 && query.item_remaining_use_duration > 0"
						},
						{
							"p90_31": "query.mark_variant == 31 && query.variant == 20 && query.item_remaining_use_duration > 0"
						},
						{
							"p90_30": "query.mark_variant == 30 && query.variant == 20 && query.item_remaining_use_duration > 0"
						},
						{
							"p90_29": "query.mark_variant == 29 && query.variant == 20 && query.item_remaining_use_duration > 0"
						},
						{
							"p90_28": "query.mark_variant == 28 && query.variant == 20 && query.item_remaining_use_duration > 0"
						},
						{
							"p90_27": "query.mark_variant == 27 && query.variant == 20 && query.item_remaining_use_duration > 0"
						},
						{
							"p90_26": "query.mark_variant == 26 && query.variant == 20 && query.item_remaining_use_duration > 0"
						},
						{
							"p90_25": "query.mark_variant == 25 && query.variant == 20 && query.item_remaining_use_duration > 0"
						},
						{
							"p90_24": "query.mark_variant == 24 && query.variant == 20 && query.item_remaining_use_duration > 0"
						},
						{
							"p90_23": "query.mark_variant == 23 && query.variant == 20 && query.item_remaining_use_duration > 0"
						},
						{
							"p90_22": "query.mark_variant == 22 && query.variant == 20 && query.item_remaining_use_duration > 0"
						},
						{
							"p90_21": "query.mark_variant == 21 && query.variant == 20 && query.item_remaining_use_duration > 0"
						},
						{
							"p90_20": "query.mark_variant == 20 && query.variant == 20 && query.item_remaining_use_duration > 0"
						},
						{
							"p90_19": "query.mark_variant == 19 && query.variant == 20 && query.item_remaining_use_duration > 0"
						},
						{
							"p90_18": "query.mark_variant == 18 && query.variant == 20 && query.item_remaining_use_duration > 0"
						},
						{
							"p90_17": "query.mark_variant == 17 && query.variant == 20 && query.item_remaining_use_duration > 0"
						},
						{
							"p90_16": "query.mark_variant == 16 && query.variant == 20 && query.item_remaining_use_duration > 0"
						},
						{
							"p90_15": "query.mark_variant == 15 && query.variant == 20 && query.item_remaining_use_duration > 0"
						},
						{
							"p90_14": "query.mark_variant == 14 && query.variant == 20 && query.item_remaining_use_duration > 0"
						},
						{
							"p90_13": "query.mark_variant == 13 && query.variant == 20 && query.item_remaining_use_duration > 0"
						},
						{
							"p90_12": "query.mark_variant == 12 && query.variant == 20 && query.item_remaining_use_duration > 0"
						},
						{
							"p90_11": "query.mark_variant == 11 && query.variant == 20 && query.item_remaining_use_duration > 0"
						},
						{
							"p90_10": "query.mark_variant == 10 && query.variant == 20 && query.item_remaining_use_duration > 0"
						},
						{
							"p90_9": "query.mark_variant == 9 && query.variant == 20 && query.item_remaining_use_duration > 0"
						},
						{
							"p90_8": "query.mark_variant == 8 && query.variant == 20 && query.item_remaining_use_duration > 0"
						},
						{
							"p90_7": "query.mark_variant == 7 && query.variant == 20 && query.item_remaining_use_duration > 0"
						},
						{
							"p90_6": "query.mark_variant == 6 && query.variant == 20 && query.item_remaining_use_duration > 0"
						},
						{
							"p90_5": "query.mark_variant == 5 && query.variant == 20 && query.item_remaining_use_duration > 0"
						},
						{
							"p90_4": "query.mark_variant == 4 && query.variant == 20 && query.item_remaining_use_duration > 0"
						},
						{
							"p90_3": "query.mark_variant == 3 && query.variant == 20 && query.item_remaining_use_duration > 0"
						},
						{
							"p90_2": "query.mark_variant == 2 && query.variant == 20 && query.item_remaining_use_duration > 0"
						},
						{
							"p90_1": "query.mark_variant == 1 && query.variant == 20 && query.item_remaining_use_duration > 0"
						}
					],
					"on_entry": [
						"@s mm"
					]
				},
				"p90_51": {
					"transitions": [
						{
							"default": "(1.0)"
						}
					],
					"on_entry": [
	"/replaceitem entity @s slot.weapon.mainhand 0 gun:p90 1 50"
					]
				},
				"p90_50": {
					"transitions": [
						{
							"default": "(1.0)"
						}
					],
					"on_entry": [
	"@s p90:fire",
	"/replaceitem entity @s slot.weapon.mainhand 0 gun:p90 1 49"
					]
				},
				"p90_49": {
					"transitions": [
						{
							"default": "(1.0)"
						}
					],
					"on_entry": [
	"@s p90:fire",
	"/replaceitem entity @s slot.weapon.mainhand 0 gun:p90 1 48"
					]
				},
				"p90_48": {
					"transitions": [
						{
							"default": "(1.0)"
						}
					],
					"on_entry": [
	"@s p90:fire",
	"/replaceitem entity @s slot.weapon.mainhand 0 gun:p90 1 47"
					]
				},
				"p90_47": {
					"transitions": [
						{
							"default": "(1.0)"
						}
					],
					"on_entry": [
	"@s p90:fire",
	"/replaceitem entity @s slot.weapon.mainhand 0 gun:p90 1 46"
					]
				},
				"p90_46": {
					"transitions": [
						{
							"default": "(1.0)"
						}
					],
					"on_entry": [
	"@s p90:fire",
	"/replaceitem entity @s slot.weapon.mainhand 0 gun:p90 1 45"
					]
				},
				"p90_45": {
					"transitions": [
						{
							"default": "(1.0)"
						}
					],
					"on_entry": [
	"@s p90:fire",
	"/replaceitem entity @s slot.weapon.mainhand 0 gun:p90 1 44"
					]
				},
				"p90_44": {
					"transitions": [
						{
							"default": "(1.0)"
						}
					],
					"on_entry": [
	"@s p90:fire",
	"/replaceitem entity @s slot.weapon.mainhand 0 gun:p90 1 43"
					]
				},
				"p90_43": {
					"transitions": [
						{
							"default": "(1.0)"
						}
					],
					"on_entry": [
	"@s p90:fire",
	"/replaceitem entity @s slot.weapon.mainhand 0 gun:p90 1 42"
					]
				},
				"p90_42": {
					"transitions": [
						{
							"default": "(1.0)"
						}
					],
					"on_entry": [
	"@s p90:fire",
	"/replaceitem entity @s slot.weapon.mainhand 0 gun:p90 1 41"
					]
				},
				"p90_41": {
					"transitions": [
						{
							"default": "(1.0)"
						}
					],
					"on_entry": [
	"@s p90:fire",
	"/replaceitem entity @s slot.weapon.mainhand 0 gun:p90 1 40"
					]
				},
				"p90_40": {
					"transitions": [
						{
							"default": "(1.0)"
						}
					],
					"on_entry": [
	"@s p90:fire",
	"/replaceitem entity @s slot.weapon.mainhand 0 gun:p90 1 39"
					]
				},
				"p90_39": {
					"transitions": [
						{
							"default": "(1.0)"
						}
					],
					"on_entry": [
	"@s p90:fire",
	"/replaceitem entity @s slot.weapon.mainhand 0 gun:p90 1 38"
					]
				},
				"p90_38": {
					"transitions": [
						{
							"default": "(1.0)"
						}
					],
					"on_entry": [
	"@s p90:fire",
	"/replaceitem entity @s slot.weapon.mainhand 0 gun:p90 1 37"
					]
				},
				"p90_37": {
					"transitions": [
						{
							"default": "(1.0)"
						}
					],
					"on_entry": [
	"@s p90:fire",
	"/replaceitem entity @s slot.weapon.mainhand 0 gun:p90 1 36"
					]
				},
				"p90_36": {
					"transitions": [
						{
							"default": "(1.0)"
						}
					],
					"on_entry": [
	"@s p90:fire",
	"/replaceitem entity @s slot.weapon.mainhand 0 gun:p90 1 35"
					]
				},
				"p90_35": {
					"transitions": [
						{
							"default": "(1.0)"
						}
					],
					"on_entry": [
	"@s p90:fire",
	"/replaceitem entity @s slot.weapon.mainhand 0 gun:p90 1 34"
					]
				},
				"p90_34": {
					"transitions": [
						{
							"default": "(1.0)"
						}
					],
					"on_entry": [
	"@s p90:fire",
	"/replaceitem entity @s slot.weapon.mainhand 0 gun:p90 1 33"
					]
				},
				"p90_33": {
					"transitions": [
						{
							"default": "(1.0)"
						}
					],
					"on_entry": [
	"@s p90:fire",
	"/replaceitem entity @s slot.weapon.mainhand 0 gun:p90 1 32"
					]
				},
				"p90_32": {
					"transitions": [
						{
							"default": "(1.0)"
						}
					],
					"on_entry": [
	"@s p90:fire",
	"/replaceitem entity @s slot.weapon.mainhand 0 gun:p90 1 31"
					]
				},
				"p90_31": {
					"transitions": [
						{
							"default": "(1.0)"
						}
					],
					"on_entry": [
	"@s p90:fire",
	"/replaceitem entity @s slot.weapon.mainhand 0 gun:p90 1 30"
					]
				},
				"p90_30": {
					"transitions": [
						{
							"default": "(1.0)"
						}
					],
					"on_entry": [
	"@s p90:fire",
	"/replaceitem entity @s slot.weapon.mainhand 0 gun:p90 1 29"
					]
				},
				"p90_29": {
					"transitions": [
						{
							"default": "(1.0)"
						}
					],
					"on_entry": [
	"@s p90:fire",
	"/replaceitem entity @s slot.weapon.mainhand 0 gun:p90 1 28"
					]
				},
				"p90_28": {
					"transitions": [
						{
							"default": "(1.0)"
						}
					],
					"on_entry": [
	"@s p90:fire",
	"/replaceitem entity @s slot.weapon.mainhand 0 gun:p90 1 27"
					]
                },
				"p90_27": {
					"transitions": [
						{
							"default": "(1.0)"
						}
					],
					"on_entry": [
	"@s p90:fire",
	"/replaceitem entity @s slot.weapon.mainhand 0 gun:p90 1 26"
					]
                },
				"p90_26": {
					"transitions": [
						{
							"default": "(1.0)"
						}
					],
					"on_entry": [
	"@s p90:fire",
	"/replaceitem entity @s slot.weapon.mainhand 0 gun:p90 1 25"
					]
				},
				"p90_25": {
					"transitions": [
						{
							"default": "(1.0)"
						}
					],
					"on_entry": [
	"@s p90:fire",
	"/replaceitem entity @s slot.weapon.mainhand 0 gun:p90 1 24"
					]
				},
				"p90_24": {
					"transitions": [
						{
							"default": "(1.0)"
						}
					],
					"on_entry": [
	"@s p90:fire",
	"/replaceitem entity @s slot.weapon.mainhand 0 gun:p90 1 23"
					]
				},
				"p90_23": {
					"transitions": [
						{
							"default": "(1.0)"
						}
					],
					"on_entry": [
	"@s p90:fire",
	"/replaceitem entity @s slot.weapon.mainhand 0 gun:p90 1 22"
					]
				},
				"p90_22": {
					"transitions": [
						{
							"default": "(1.0)"
						}
					],
					"on_entry": [
	"@s p90:fire",
	"/replaceitem entity @s slot.weapon.mainhand 0 gun:p90 1 21"
					]
				},
				"p90_21": {
					"transitions": [
						{
							"default": "(1.0)"
						}
					],
					"on_entry": [
	"@s p90:fire",
	"/replaceitem entity @s slot.weapon.mainhand 0 gun:p90 1 20"
					]
				},
				"p90_20": {
					"transitions": [
						{
							"default": "(1.0)"
						}
					],
					"on_entry": [
	"@s p90:fire",
	"/replaceitem entity @s slot.weapon.mainhand 0 gun:p90 1 19"
					]
				},
				"p90_19": {
					"transitions": [
						{
							"default": "(1.0)"
						}
					],
					"on_entry": [
	"@s p90:fire",
	"/replaceitem entity @s slot.weapon.mainhand 0 gun:p90 1 18"
					]
				},
				"p90_18": {
					"transitions": [
						{
							"default": "(1.0)"
						}
					],
					"on_entry": [
	"@s p90:fire",
	"/replaceitem entity @s slot.weapon.mainhand 0 gun:p90 1 17"
					]
				},
				"p90_17": {
					"transitions": [
						{
							"default": "(1.0)"
						}
					],
					"on_entry": [
	"@s p90:fire",
	"/replaceitem entity @s slot.weapon.mainhand 0 gun:p90 1 16"
					]
				},
				"p90_16": {
					"transitions": [
						{
							"default": "(1.0)"
						}
					],
					"on_entry": [
	"@s p90:fire",
	"/replaceitem entity @s slot.weapon.mainhand 0 gun:p90 1 15"
					]
				},
				"p90_15": {
					"transitions": [
						{
							"default": "(1.0)"
						}
					],
					"on_entry": [
	"@s p90:fire",
	"/replaceitem entity @s slot.weapon.mainhand 0 gun:p90 1 14"
					]
				},
				"p90_14": {
					"transitions": [
						{
							"default": "(1.0)"
						}
					],
					"on_entry": [
	"@s p90:fire",
	"/replaceitem entity @s slot.weapon.mainhand 0 gun:p90 1 13"
					]
				},
				"p90_13": {
					"transitions": [
						{
							"default": "(1.0)"
						}
					],
					"on_entry": [
	"@s p90:fire",
	"/replaceitem entity @s slot.weapon.mainhand 0 gun:p90 1 12"
					]
				},
				"p90_12": {
					"transitions": [
						{
							"default": "(1.0)"
						}
					],
					"on_entry": [
	"@s p90:fire",
	"/replaceitem entity @s slot.weapon.mainhand 0 gun:p90 1 11"
					]
				},
				"p90_11": {
					"transitions": [
						{
							"default": "(1.0)"
						}
					],
					"on_entry": [
	"@s p90:fire",
	"/replaceitem entity @s slot.weapon.mainhand 0 gun:p90 1 10"
					]
				},
				"p90_10": {
					"transitions": [
						{
							"default": "(1.0)"
						}
					],
					"on_entry": [
	"@s p90:fire",
	"/replaceitem entity @s slot.weapon.mainhand 0 gun:p90 1 9"
					]
				},
				"p90_9": {
					"transitions": [
						{
							"default": "(1.0)"
						}
					],
					"on_entry": [
	"@s p90:fire",
	"/replaceitem entity @s slot.weapon.mainhand 0 gun:p90 1 8"
					]
				},
				"p90_8": {
					"transitions": [
						{
							"default": "(1.0)"
						}
					],
					"on_entry": [
	"@s p90:fire",
	"/replaceitem entity @s slot.weapon.mainhand 0 gun:p90 1 7"
					]
				},
				"p90_7": {
					"transitions": [
						{
							"default": "(1.0)"
						}
					],
					"on_entry": [
	"@s p90:fire",
	"/replaceitem entity @s slot.weapon.mainhand 0 gun:p90 1 6"
					]
				},
				"p90_6": {
					"transitions": [
						{
							"default": "(1.0)"
						}
					],
					"on_entry": [
	"@s p90:fire",
	"/replaceitem entity @s slot.weapon.mainhand 0 gun:p90 1 5"
					]
				},
				"p90_5": {
					"transitions": [
						{
							"default": "(1.0)"
						}
					],
					"on_entry": [
	"@s p90:fire",
	"/replaceitem entity @s slot.weapon.mainhand 0 gun:p90 1 4"
					]
				},
				"p90_4": {
					"transitions": [
						{
							"default": "(1.0)"
						}
					],
					"on_entry": [
	"@s p90:fire",
	"/replaceitem entity @s slot.weapon.mainhand 0 gun:p90 1 3"
					]
				},
				"p90_3": {
					"transitions": [
						{
							"default": "(1.0)"
						}
					],
					"on_entry": [
	"@s p90:fire",
	"/replaceitem entity @s slot.weapon.mainhand 0 gun:p90 1 2"
					]
				},
				"p90_2": {
					"transitions": [
						{
							"default": "(1.0)"
						}
					],
					"on_entry": [
	"@s p90:fire",
	"/replaceitem entity @s slot.weapon.mainhand 0 gun:p90 1 1"
					]
				},
				"p90_1": {
					"transitions": [
						{
							"default": "(1.0)"
						}
					],
					"on_entry": [
	"@s p90:fire",
    "/replaceitem entity @s slot.weapon.mainhand 0 gun:p90_empty 20 0"
					]
				}
			}
		}
	}
}