{
	"format_version": "1.10.0",
	"animation_controllers": {
		"controller.animation.p90_ammo": {
			"states": {
                                                                                                               
				"default": {
					"transitions": [
						{
							"ammo_50": "query.mark_variant == 50 && query.variant == 20"
						},
						{
							"ammo_49": "query.mark_variant == 49 && query.variant == 20"
						},
						{
							"ammo_48": "query.mark_variant == 48 && query.variant == 20"
						},
						{
							"ammo_47": "query.mark_variant == 47 && query.variant == 20"
						},
						{
							"ammo_46": "query.mark_variant == 46 && query.variant == 20"
						},
						{
							"ammo_45": "query.mark_variant == 45 && query.variant == 20"
						},
						{
							"ammo_44": "query.mark_variant == 44 && query.variant == 20"
						},
						{
							"ammo_43": "query.mark_variant == 43 && query.variant == 20"
						},
						{
							"ammo_42": "query.mark_variant == 42 && query.variant == 20"
						},
						{
							"ammo_41": "query.mark_variant == 41 && query.variant == 20"
						},
						{
							"ammo_40": "query.mark_variant == 40 && query.variant == 20"
						},
						{
							"ammo_39": "query.mark_variant == 39 && query.variant == 20"
						},
						{
							"ammo_38": "query.mark_variant == 38 && query.variant == 20"
						},
						{
							"ammo_37": "query.mark_variant == 37 && query.variant == 20"
						},
						{
							"ammo_36": "query.mark_variant == 36 && query.variant == 20"
						},
						{
							"ammo_35": "query.mark_variant == 35 && query.variant == 20"
						},
						{
							"ammo_34": "query.mark_variant == 34 && query.variant == 20"
						},
						{
							"ammo_33": "query.mark_variant == 33 && query.variant == 20"
						},
						{
							"ammo_32": "query.mark_variant == 32 && query.variant == 20"
						},
						{
							"ammo_31": "query.mark_variant == 31 && query.variant == 20"
						},
						{
							"ammo_30": "query.mark_variant == 30 && query.variant == 20"
						},
						{
							"ammo_29": "query.mark_variant == 29 && query.variant == 20"
						},
						{
							"ammo_28": "query.mark_variant == 28 && query.variant == 20"
						},
						{
							"ammo_27": "query.mark_variant == 27 && query.variant == 20"
						},
						{
							"ammo_26": "query.mark_variant == 26 && query.variant == 20"
						},
						{
							"ammo_25": "query.mark_variant == 25 && query.variant == 20"
						},
						{
							"ammo_24": "query.mark_variant == 24 && query.variant == 20"
						},
						{
							"ammo_23": "query.mark_variant == 23 && query.variant == 20"
						},
						{
							"ammo_22": "query.mark_variant == 22 && query.variant == 20"
						},
						{
							"ammo_21": "query.mark_variant == 21 && query.variant == 20"
						},
						{
							"ammo_20": "query.mark_variant == 20 && query.variant == 20"
						},
						{
							"ammo_19": "query.mark_variant == 19 && query.variant == 20"
						},
						{
							"ammo_18": "query.mark_variant == 18 && query.variant == 20"
						},
						{
							"ammo_17": "query.mark_variant == 17 && query.variant == 20"
						},
						{
							"ammo_16": "query.mark_variant == 16 && query.variant == 20"
						},
						{
							"ammo_15": "query.mark_variant == 15 && query.variant == 20"
						},
						{
							"ammo_14": "query.mark_variant == 14 && query.variant == 20"
						},
						{
							"ammo_13": "query.mark_variant == 13 && query.variant == 20"
						},
						{
							"ammo_12": "query.mark_variant == 12 && query.variant == 20"
						},
						{
							"ammo_11": "query.mark_variant == 11 && query.variant == 20"
						},
						{
							"ammo_10": "query.mark_variant == 10 && query.variant == 20"
						},
						{
							"ammo_9": "query.mark_variant == 9 && query.variant == 20"
						},
						{
							"ammo_8": "query.mark_variant == 8 && query.variant == 20"
						},
						{
							"ammo_7": "query.mark_variant == 7 && query.variant == 20"
						},
						{
							"ammo_6": "query.mark_variant == 6 && query.variant == 20"
						},
						{
							"ammo_5": "query.mark_variant == 5 && query.variant == 20"
						},
						{
							"ammo_4": "query.mark_variant == 4 && query.variant == 20"
						},
						{
							"ammo_3": "query.mark_variant == 3 && query.variant == 20"
						},
						{
							"ammo_2": "query.mark_variant == 2 && query.variant == 20"
						},
						{
							"ammo_1": "query.mark_variant == 1 && query.variant == 20"
						},
						{
							"ammo_0": "query.mark_variant == 0 && query.variant == 20"
						}
					],
					"on_entry": [
						"@s mm"
					]
				},
				"ammo_50": {
					"transitions": [
						{
							"default": "(1.0)"
						}
					],
					"on_entry": [
	"/title @s actionbar §l50§r/50"
					]
				},
				"ammo_49": {
					"transitions": [
						{
							"default": "(1.0)"
						}
					],
					"on_entry": [
	"/title @s actionbar §l49§r/50"
					]
				},
				"ammo_48": {
					"transitions": [
						{
							"default": "(1.0)"
						}
					],
					"on_entry": [
	"/title @s actionbar §l48§r/50"
					]
				},
				"ammo_47": {
					"transitions": [
						{
							"default": "(1.0)"
						}
					],
					"on_entry": [
	"/title @s actionbar §l47§r/50"
					]
				},
				"ammo_46": {
					"transitions": [
						{
							"default": "(1.0)"
						}
					],
					"on_entry": [
	"/title @s actionbar §l46§r/50"
					]
				},
				"ammo_45": {
					"transitions": [
						{
							"default": "(1.0)"
						}
					],
					"on_entry": [
	"/title @s actionbar §l45§r/50"
					]
				},
				"ammo_44": {
					"transitions": [
						{
							"default": "(1.0)"
						}
					],
					"on_entry": [
	"/title @s actionbar §l44§r/50"
					]
				},
				"ammo_43": {
					"transitions": [
						{
							"default": "(1.0)"
						}
					],
					"on_entry": [
	"/title @s actionbar §l43§r/50"
					]
				},
				"ammo_42": {
					"transitions": [
						{
							"default": "(1.0)"
						}
					],
					"on_entry": [
	"/title @s actionbar §l42§r/50"
					]
				},
				"ammo_41": {
					"transitions": [
						{
							"default": "(1.0)"
						}
					],
					"on_entry": [
	"/title @s actionbar §l41§r/50"
					]
				},
				"ammo_40": {
					"transitions": [
						{
							"default": "(1.0)"
						}
					],
					"on_entry": [
	"/title @s actionbar §l40§r/50"
					]
				},
				"ammo_39": {
					"transitions": [
						{
							"default": "(1.0)"
						}
					],
					"on_entry": [
	"/title @s actionbar §l39§r/50"
					]
				},
				"ammo_38": {
					"transitions": [
						{
							"default": "(1.0)"
						}
					],
					"on_entry": [
	"/title @s actionbar §l38§r/50"
					]
				},
				"ammo_37": {
					"transitions": [
						{
							"default": "(1.0)"
						}
					],
					"on_entry": [
	"/title @s actionbar §l37§r/50"
					]
				},
				"ammo_36": {
					"transitions": [
						{
							"default": "(1.0)"
						}
					],
					"on_entry": [
	"/title @s actionbar §l36§r/50"
					]
				},
				"ammo_35": {
					"transitions": [
						{
							"default": "(1.0)"
						}
					],
					"on_entry": [
	"/title @s actionbar §l35§r/50"
					]
				},
				"ammo_34": {
					"transitions": [
						{
							"default": "(1.0)"
						}
					],
					"on_entry": [
	"/title @s actionbar §l34§r/50"
					]
				},
				"ammo_33": {
					"transitions": [
						{
							"default": "(1.0)"
						}
					],
					"on_entry": [
	"/title @s actionbar §l33§r/50"
					]
				},
				"ammo_32": {
					"transitions": [
						{
							"default": "(1.0)"
						}
					],
					"on_entry": [
	"/title @s actionbar §l32§r/50"
					]
				},
				"ammo_31": {
					"transitions": [
						{
							"default": "(1.0)"
						}
					],
					"on_entry": [
	"/title @s actionbar §l31§r/50"
					]
				},
				"ammo_30": {
					"transitions": [
						{
							"default": "(1.0)"
						}
					],
					"on_entry": [
	"/title @s actionbar §l30§r/50"
					]
				},
				"ammo_29": {
					"transitions": [
						{
							"default": "(1.0)"
						}
					],
					"on_entry": [
	"/title @s actionbar §l29§r/50"
					]
				},
				"ammo_28": {
					"transitions": [
						{
							"default": "(1.0)"
						}
					],
					"on_entry": [
	"/title @s actionbar §l28§r/50"
					]
                },
				"ammo_27": {
					"transitions": [
						{
							"default": "(1.0)"
						}
					],
					"on_entry": [
	"/title @s actionbar §l27§r/50"
					]
                },
				"ammo_26": {
					"transitions": [
						{
							"default": "(1.0)"
						}
					],
					"on_entry": [
	"/title @s actionbar §l26§r/50"
					]
				},
				"ammo_25": {
					"transitions": [
						{
							"default": "(1.0)"
						}
					],
					"on_entry": [
	"/title @s actionbar §l25§r/50"
					]
				},
				"ammo_24": {
					"transitions": [
						{
							"default": "(1.0)"
						}
					],
					"on_entry": [
	"/title @s actionbar §l24§r/50"
					]
				},
				"ammo_23": {
					"transitions": [
						{
							"default": "(1.0)"
						}
					],
					"on_entry": [
	"/title @s actionbar §l23§r/50"
					]
				},
				"ammo_22": {
					"transitions": [
						{
							"default": "(1.0)"
						}
					],
					"on_entry": [
	"/title @s actionbar §l22§r/50"
					]
				},
				"ammo_21": {
					"transitions": [
						{
							"default": "(1.0)"
						}
					],
					"on_entry": [
	"/title @s actionbar §l21§r/50"
					]
				},
				"ammo_20": {
					"transitions": [
						{
							"default": "(1.0)"
						}
					],
					"on_entry": [
	"/title @s actionbar §l20§r/50"
					]
				},
				"ammo_19": {
					"transitions": [
						{
							"default": "(1.0)"
						}
					],
					"on_entry": [
	"/title @s actionbar §l19§r/50"
					]
				},
				"ammo_18": {
					"transitions": [
						{
							"default": "(1.0)"
						}
					],
					"on_entry": [
	"/title @s actionbar §l18§r/50"
					]
				},
				"ammo_17": {
					"transitions": [
						{
							"default": "(1.0)"
						}
					],
					"on_entry": [
	"/title @s actionbar §l17§r/50"
					]
				},
				"ammo_16": {
					"transitions": [
						{
							"default": "(1.0)"
						}
					],
					"on_entry": [
	"/title @s actionbar §l16§r/50"
					]
				},
				"ammo_15": {
					"transitions": [
						{
							"default": "(1.0)"
						}
					],
					"on_entry": [
	"/title @s actionbar §l15§r/50"
					]
				},
				"ammo_14": {
					"transitions": [
						{
							"default": "(1.0)"
						}
					],
					"on_entry": [
	"/title @s actionbar §l14§r/50"
					]
				},
				"ammo_13": {
					"transitions": [
						{
							"default": "(1.0)"
						}
					],
					"on_entry": [
	"/title @s actionbar §l13§r/50"
					]
				},
				"ammo_12": {
					"transitions": [
						{
							"default": "(1.0)"
						}
					],
					"on_entry": [
	"/title @s actionbar §l12§r/50"
					]
				},
				"ammo_11": {
					"transitions": [
						{
							"default": "(1.0)"
						}
					],
					"on_entry": [
	"/title @s actionbar §l11§r/50"
					]
				},
				"ammo_10": {
					"transitions": [
						{
							"default": "(1.0)"
						}
					],
					"on_entry": [
	"/title @s actionbar §l10§r/50"
					]
				},
				"ammo_9": {
					"transitions": [
						{
							"default": "(1.0)"
						}
					],
					"on_entry": [
	"/title @s actionbar §l9§r/50"
					]
				},
				"ammo_8": {
					"transitions": [
						{
							"default": "(1.0)"
						}
					],
					"on_entry": [
	"/title @s actionbar §l8§r/50"
					]
				},
				"ammo_7": {
					"transitions": [
						{
							"default": "(1.0)"
						}
					],
					"on_entry": [
	"/title @s actionbar §l7§r/50"
					]
				},
				"ammo_6": {
					"transitions": [
						{
							"default": "(1.0)"
						}
					],
					"on_entry": [
	"/title @s actionbar §l6§r/50"
					]
				},
				"ammo_5": {
					"transitions": [
						{
							"default": "(1.0)"
						}
					],
					"on_entry": [
	"/title @s actionbar §l5§r/50"
					]
				},
				"ammo_4": {
					"transitions": [
						{
							"default": "(1.0)"
						}
					],
					"on_entry": [
	"/title @s actionbar §l4§r/50"
					]
				},
				"ammo_3": {
					"transitions": [
						{
							"default": "(1.0)"
						}
					],
					"on_entry": [
	"/title @s actionbar §l3§r/50"
					]
				},
				"ammo_2": {
					"transitions": [
						{
							"default": "(1.0)"
						}
					],
					"on_entry": [
	"/title @s actionbar §l2§r/50"
					]
				},
				"ammo_1": {
					"transitions": [
						{
							"default": "(1.0)"
						}
					],
					"on_entry": [
	"/title @s actionbar §l1§r/50"
					]
				},
				"ammo_0": {
					"transitions": [
						{
							"default": "(1.0)"
						}
					],
					"on_entry": [
	"/title @s actionbar §l0§r/50"
					]
				}
			}
		}
	}
}