{
	"format_version": "1.10.0",
	"animation_controllers": {
		"controller.animation.s686_ammo": {
			"states": {
                                                                                                               
				"default": {
					"transitions": [
						{
							"ammo_2": "query.mark_variant == 2 && query.variant == 9"
						},
						{
							"ammo_1": "query.mark_variant == 1 && query.variant == 9"
						},
						{
							"ammo_0": "query.mark_variant == 0 && query.variant == 9"
						}
					],
					"on_entry": [
						"@s mm"
					]
				},
				"ammo_2": {
					"transitions": [
						{
							"default": "(1.0)"
						}
					],
					"on_entry": [
	"/title @s actionbar §l2§r/2"
					]
				},
				"ammo_1": {
					"transitions": [
						{
							"default": "(1.0)"
						}
					],
					"on_entry": [
	"/title @s actionbar §l1§r/2"
					]
				},
				"ammo_0": {
					"transitions": [
						{
							"default": "(1.0)"
						}
					],
					"on_entry": [
	"/title @s actionbar §l0§r/2"
					]
				}
			}
		}
	}
}