{
	"format_version": "1.10.0",
	"animation_controllers": {
		"controller.animation.s686": {
			"states": {
                                                                                                               
				"default": {
					"transitions": [
						{
							"s686_3": "query.mark_variant == 3 && query.variant == 9"
						},
						{
							"s686_2": "query.mark_variant == 2 && query.variant == 9 && query.item_remaining_use_duration > 0"
						},
						{
							"s686_1": "query.mark_variant == 1 && query.variant == 9 && query.item_remaining_use_duration > 0"
						}
					],
					"on_entry": [
						"@s mm"
					]
				},
				"s686_3": {
					"transitions": [
						{
							"default": "(1.0)"
						}
					],
					"on_entry": [
	"/replaceitem entity @s slot.weapon.mainhand 0 gun:s686 1 2"
					]
				},
				"s686_2": {
					"transitions": [
						{
							"default": "(1.0)"
						}
					],
					"on_entry": [
    "/playsound gun.s686 @a[r=30] ~ ~ ~ 1",
	"@s s686:fire",
    "/tp @s ~ ~ ~ ~ ~-1",
	"/replaceitem entity @s slot.weapon.mainhand 0 gun:s686 1 1"
					]
				},
				"s686_1": {
					"transitions": [
						{
							"default": "(1.0)"
						}
					],
					"on_entry": [
    "/playsound gun.s686 @a[r=30] ~ ~ ~ 1",
	"@s s686:fire",
    "/tp @s ~ ~ ~ ~ ~-1",
    "/replaceitem entity @s slot.weapon.mainhand 0 gun:s686_empty 1 0"
					]
				}
			}
		}
	}
}