{
	"format_version": "1.10.0",
	"animation_controllers": {
		"controller.animation.scar": {
			"states": {
                                                                                                               
				"default": {
					"transitions": [
						{
							"scar_31": "query.mark_variant == 31 && query.variant == 4"
						},
						{
							"scar_30": "query.mark_variant == 30 && query.variant == 4 && query.item_remaining_use_duration > 0"
						},
						{
							"scar_29": "query.mark_variant == 29 && query.variant == 4 && query.item_remaining_use_duration > 0"
						},
						{
							"scar_28": "query.mark_variant == 28 && query.variant == 4 && query.item_remaining_use_duration > 0"
						},
						{
							"scar_27": "query.mark_variant == 27 && query.variant == 4 && query.item_remaining_use_duration > 0"
						},
						{
							"scar_26": "query.mark_variant == 26 && query.variant == 4 && query.item_remaining_use_duration > 0"
						},
						{
							"scar_25": "query.mark_variant == 25 && query.variant == 4 && query.item_remaining_use_duration > 0"
						},
						{
							"scar_24": "query.mark_variant == 24 && query.variant == 4 && query.item_remaining_use_duration > 0"
						},
						{
							"scar_23": "query.mark_variant == 23 && query.variant == 4 && query.item_remaining_use_duration > 0"
						},
						{
							"scar_22": "query.mark_variant == 22 && query.variant == 4 && query.item_remaining_use_duration > 0"
						},
						{
							"scar_21": "query.mark_variant == 21 && query.variant == 4 && query.item_remaining_use_duration > 0"
						},
						{
							"scar_20": "query.mark_variant == 20 && query.variant == 4 && query.item_remaining_use_duration > 0"
						},
						{
							"scar_19": "query.mark_variant == 19 && query.variant == 4 && query.item_remaining_use_duration > 0"
						},
						{
							"scar_18": "query.mark_variant == 18 && query.variant == 4 && query.item_remaining_use_duration > 0"
						},
						{
							"scar_17": "query.mark_variant == 17 && query.variant == 4 && query.item_remaining_use_duration > 0"
						},
						{
							"scar_16": "query.mark_variant == 16 && query.variant == 4 && query.item_remaining_use_duration > 0"
						},
						{
							"scar_15": "query.mark_variant == 15 && query.variant == 4 && query.item_remaining_use_duration > 0"
						},
						{
							"scar_14": "query.mark_variant == 14 && query.variant == 4 && query.item_remaining_use_duration > 0"
						},
						{
							"scar_13": "query.mark_variant == 13 && query.variant == 4 && query.item_remaining_use_duration > 0"
						},
						{
							"scar_12": "query.mark_variant == 12 && query.variant == 4 && query.item_remaining_use_duration > 0"
						},
						{
							"scar_11": "query.mark_variant == 11 && query.variant == 4 && query.item_remaining_use_duration > 0"
						},
						{
							"scar_10": "query.mark_variant == 10 && query.variant == 4 && query.item_remaining_use_duration > 0"
						},
						{
							"scar_9": "query.mark_variant == 9 && query.variant == 4 && query.item_remaining_use_duration > 0"
						},
						{
							"scar_8": "query.mark_variant == 8 && query.variant == 4 && query.item_remaining_use_duration > 0"
						},
						{
							"scar_7": "query.mark_variant == 7 && query.variant == 4 && query.item_remaining_use_duration > 0"
						},
						{
							"scar_6": "query.mark_variant == 6 && query.variant == 4 && query.item_remaining_use_duration > 0"
						},
						{
							"scar_5": "query.mark_variant == 5 && query.variant == 4 && query.item_remaining_use_duration > 0"
						},
						{
							"scar_4": "query.mark_variant == 4 && query.variant == 4 && query.item_remaining_use_duration > 0"
						},
						{
							"scar_3": "query.mark_variant == 3 && query.variant == 4 && query.item_remaining_use_duration > 0"
						},
						{
							"scar_2": "query.mark_variant == 2 && query.variant == 4 && query.item_remaining_use_duration > 0"
						},
						{
							"scar_1": "query.mark_variant == 1 && query.variant == 4 && query.item_remaining_use_duration > 0"
						}
					],
					"on_entry": [
						"@s mm"
					]
				},
				"scar_31": {
					"transitions": [
						{
							"default": "(1.0)"
						}
					],
					"on_entry": [
	"/replaceitem entity @s slot.weapon.mainhand 0 gun:scar 1 30"
					]
				},
				"scar_30": {
					"transitions": [
						{
							"default": "(1.0)"
						}
					],
					"on_entry": [
	"@s scar:fire",
	"/replaceitem entity @s slot.weapon.mainhand 0 gun:scar 1 29"
					]
				},
				"scar_29": {
					"transitions": [
						{
							"default": "(1.0)"
						}
					],
					"on_entry": [
	"@s scar:fire",
	"/replaceitem entity @s slot.weapon.mainhand 0 gun:scar 1 28"
					]
				},
				"scar_28": {
					"transitions": [
						{
							"default": "(1.0)"
						}
					],
					"on_entry": [
	"@s scar:fire",
	"/replaceitem entity @s slot.weapon.mainhand 0 gun:scar 1 27"
					]
                },
				"scar_27": {
					"transitions": [
						{
							"default": "(1.0)"
						}
					],
					"on_entry": [
	"@s scar:fire",
	"/replaceitem entity @s slot.weapon.mainhand 0 gun:scar 1 26"
					]
                },
				"scar_26": {
					"transitions": [
						{
							"default": "(1.0)"
						}
					],
					"on_entry": [
	"@s scar:fire",
	"/replaceitem entity @s slot.weapon.mainhand 0 gun:scar 1 25"
					]
				},
				"scar_25": {
					"transitions": [
						{
							"default": "(1.0)"
						}
					],
					"on_entry": [
	"@s scar:fire",
	"/replaceitem entity @s slot.weapon.mainhand 0 gun:scar 1 24"
					]
				},
				"scar_24": {
					"transitions": [
						{
							"default": "(1.0)"
						}
					],
					"on_entry": [
	"@s scar:fire",
	"/replaceitem entity @s slot.weapon.mainhand 0 gun:scar 1 23"
					]
				},
				"scar_23": {
					"transitions": [
						{
							"default": "(1.0)"
						}
					],
					"on_entry": [
	"@s scar:fire",
	"/replaceitem entity @s slot.weapon.mainhand 0 gun:scar 1 22"
					]
				},
				"scar_22": {
					"transitions": [
						{
							"default": "(1.0)"
						}
					],
					"on_entry": [
	"@s scar:fire",
	"/replaceitem entity @s slot.weapon.mainhand 0 gun:scar 1 21"
					]
				},
				"scar_21": {
					"transitions": [
						{
							"default": "(1.0)"
						}
					],
					"on_entry": [
	"@s scar:fire",
	"/replaceitem entity @s slot.weapon.mainhand 0 gun:scar 1 20"
					]
				},
				"scar_20": {
					"transitions": [
						{
							"default": "(1.0)"
						}
					],
					"on_entry": [
	"@s scar:fire",
	"/replaceitem entity @s slot.weapon.mainhand 0 gun:scar 1 19"
					]
				},
				"scar_19": {
					"transitions": [
						{
							"default": "(1.0)"
						}
					],
					"on_entry": [
	"@s scar:fire",
	"/replaceitem entity @s slot.weapon.mainhand 0 gun:scar 1 18"
					]
				},
				"scar_18": {
					"transitions": [
						{
							"default": "(1.0)"
						}
					],
					"on_entry": [
	"@s scar:fire",
	"/replaceitem entity @s slot.weapon.mainhand 0 gun:scar 1 17"
					]
				},
				"scar_17": {
					"transitions": [
						{
							"default": "(1.0)"
						}
					],
					"on_entry": [
	"@s scar:fire",
	"/replaceitem entity @s slot.weapon.mainhand 0 gun:scar 1 16"
					]
				},
				"scar_16": {
					"transitions": [
						{
							"default": "(1.0)"
						}
					],
					"on_entry": [
	"@s scar:fire",
	"/replaceitem entity @s slot.weapon.mainhand 0 gun:scar 1 15"
					]
				},
				"scar_15": {
					"transitions": [
						{
							"default": "(1.0)"
						}
					],
					"on_entry": [
	"@s scar:fire",
	"/replaceitem entity @s slot.weapon.mainhand 0 gun:scar 1 14"
					]
				},
				"scar_14": {
					"transitions": [
						{
							"default": "(1.0)"
						}
					],
					"on_entry": [
	"@s scar:fire",
	"/replaceitem entity @s slot.weapon.mainhand 0 gun:scar 1 13"
					]
				},
				"scar_13": {
					"transitions": [
						{
							"default": "(1.0)"
						}
					],
					"on_entry": [
	"@s scar:fire",
	"/replaceitem entity @s slot.weapon.mainhand 0 gun:scar 1 12"
					]
				},
				"scar_12": {
					"transitions": [
						{
							"default": "(1.0)"
						}
					],
					"on_entry": [
	"@s scar:fire",
	"/replaceitem entity @s slot.weapon.mainhand 0 gun:scar 1 11"
					]
				},
				"scar_11": {
					"transitions": [
						{
							"default": "(1.0)"
						}
					],
					"on_entry": [
	"@s scar:fire",
	"/replaceitem entity @s slot.weapon.mainhand 0 gun:scar 1 10"
					]
				},
				"scar_10": {
					"transitions": [
						{
							"default": "(1.0)"
						}
					],
					"on_entry": [
	"@s scar:fire",
	"/replaceitem entity @s slot.weapon.mainhand 0 gun:scar 1 9"
					]
				},
				"scar_9": {
					"transitions": [
						{
							"default": "(1.0)"
						}
					],
					"on_entry": [
	"@s scar:fire",
	"/replaceitem entity @s slot.weapon.mainhand 0 gun:scar 1 8"
					]
				},
				"scar_8": {
					"transitions": [
						{
							"default": "(1.0)"
						}
					],
					"on_entry": [
	"@s scar:fire",
	"/replaceitem entity @s slot.weapon.mainhand 0 gun:scar 1 7"
					]
				},
				"scar_7": {
					"transitions": [
						{
							"default": "(1.0)"
						}
					],
					"on_entry": [
	"@s scar:fire",
	"/replaceitem entity @s slot.weapon.mainhand 0 gun:scar 1 6"
					]
				},
				"scar_6": {
					"transitions": [
						{
							"default": "(1.0)"
						}
					],
					"on_entry": [
	"@s scar:fire",
	"/replaceitem entity @s slot.weapon.mainhand 0 gun:scar 1 5"
					]
				},
				"scar_5": {
					"transitions": [
						{
							"default": "(1.0)"
						}
					],
					"on_entry": [
	"@s scar:fire",
	"/replaceitem entity @s slot.weapon.mainhand 0 gun:scar 1 4"
					]
				},
				"scar_4": {
					"transitions": [
						{
							"default": "(1.0)"
						}
					],
					"on_entry": [
	"@s scar:fire",
	"/replaceitem entity @s slot.weapon.mainhand 0 gun:scar 1 3"
					]
				},
				"scar_3": {
					"transitions": [
						{
							"default": "(1.0)"
						}
					],
					"on_entry": [
	"@s scar:fire",
	"/replaceitem entity @s slot.weapon.mainhand 0 gun:scar 1 2"
					]
				},
				"scar_2": {
					"transitions": [
						{
							"default": "(1.0)"
						}
					],
					"on_entry": [
	"@s scar:fire",
	"/replaceitem entity @s slot.weapon.mainhand 0 gun:scar 1 1"
					]
				},
				"scar_1": {
					"transitions": [
						{
							"default": "(1.0)"
						}
					],
					"on_entry": [
	"@s scar:fire",
    "/replaceitem entity @s slot.weapon.mainhand 0 gun:scar_empty 1 0"
					]
				}
			}
		}
	}
}