{
	"format_version": "1.10.0",
	"animation_controllers": {
		"controller.animation.taser": {
			"states": {
				"default": {
					"transitions": [
						{
							"taser": "query.mark_variant == 1 && query.variant == 18 && query.item_remaining_use_duration > 0"
						}
					],
					"on_entry": [
						"@s taser:fire",
                        "/replaceitem entity @s slot.weapon.mainhand 0 air"
					]
				},
				"taser": {
					"transitions": [
						{
							"default": "query.mark_variant == 1 && query.variant == 18 && query.item_remaining_use_duration > 0"
						}
					],
					"on_entry": [
						"@s taser:fire",
                        "/replaceitem entity @s slot.weapon.mainhand 0 air"
					]
				}
			}
		}
	}
}