{
	"format_version": "1.10.0",
	"animation_controllers": {
		"controller.animation.uzi": {
			"states": {
                                                                                                               
				"default": {
					"transitions": [
						{
							"uzi_31": "query.mark_variant == 31 && query.variant == 10"
						},
						{
							"uzi_30": "query.mark_variant == 30 && query.variant == 10 && query.item_remaining_use_duration > 0"
						},
						{
							"uzi_29": "query.mark_variant == 29 && query.variant == 10 && query.item_remaining_use_duration > 0"
						},
						{
							"uzi_28": "query.mark_variant == 28 && query.variant == 10 && query.item_remaining_use_duration > 0"
						},
						{
							"uzi_27": "query.mark_variant == 27 && query.variant == 10 && query.item_remaining_use_duration > 0"
						},
						{
							"uzi_26": "query.mark_variant == 26 && query.variant == 10 && query.item_remaining_use_duration > 0"
						},
						{
							"uzi_25": "query.mark_variant == 25 && query.variant == 10 && query.item_remaining_use_duration > 0"
						},
						{
							"uzi_24": "query.mark_variant == 24 && query.variant == 10 && query.item_remaining_use_duration > 0"
						},
						{
							"uzi_23": "query.mark_variant == 23 && query.variant == 10 && query.item_remaining_use_duration > 0"
						},
						{
							"uzi_22": "query.mark_variant == 22 && query.variant == 10 && query.item_remaining_use_duration > 0"
						},
						{
							"uzi_21": "query.mark_variant == 21 && query.variant == 10 && query.item_remaining_use_duration > 0"
						},
						{
							"uzi_20": "query.mark_variant == 20 && query.variant == 10 && query.item_remaining_use_duration > 0"
						},
						{
							"uzi_19": "query.mark_variant == 19 && query.variant == 10 && query.item_remaining_use_duration > 0"
						},
						{
							"uzi_18": "query.mark_variant == 18 && query.variant == 10 && query.item_remaining_use_duration > 0"
						},
						{
							"uzi_17": "query.mark_variant == 17 && query.variant == 10 && query.item_remaining_use_duration > 0"
						},
						{
							"uzi_16": "query.mark_variant == 16 && query.variant == 10 && query.item_remaining_use_duration > 0"
						},
						{
							"uzi_15": "query.mark_variant == 15 && query.variant == 10 && query.item_remaining_use_duration > 0"
						},
						{
							"uzi_14": "query.mark_variant == 14 && query.variant == 10 && query.item_remaining_use_duration > 0"
						},
						{
							"uzi_13": "query.mark_variant == 13 && query.variant == 10 && query.item_remaining_use_duration > 0"
						},
						{
							"uzi_12": "query.mark_variant == 12 && query.variant == 10 && query.item_remaining_use_duration > 0"
						},
						{
							"uzi_11": "query.mark_variant == 11 && query.variant == 10 && query.item_remaining_use_duration > 0"
						},
						{
							"uzi_10": "query.mark_variant == 10 && query.variant == 10 && query.item_remaining_use_duration > 0"
						},
						{
							"uzi_9": "query.mark_variant == 9 && query.variant == 10 && query.item_remaining_use_duration > 0"
						},
						{
							"uzi_8": "query.mark_variant == 8 && query.variant == 10 && query.item_remaining_use_duration > 0"
						},
						{
							"uzi_7": "query.mark_variant == 7 && query.variant == 10 && query.item_remaining_use_duration > 0"
						},
						{
							"uzi_6": "query.mark_variant == 6 && query.variant == 10 && query.item_remaining_use_duration > 0"
						},
						{
							"uzi_5": "query.mark_variant == 5 && query.variant == 10 && query.item_remaining_use_duration > 0"
						},
						{
							"uzi_4": "query.mark_variant == 4 && query.variant == 10 && query.item_remaining_use_duration > 0"
						},
						{
							"uzi_3": "query.mark_variant == 3 && query.variant == 10 && query.item_remaining_use_duration > 0"
						},
						{
							"uzi_2": "query.mark_variant == 2 && query.variant == 10 && query.item_remaining_use_duration > 0"
						},
						{
							"uzi_1": "query.mark_variant == 1 && query.variant == 10 && query.item_remaining_use_duration > 0"
						}
					],
					"on_entry": [
						"@s mm"
					]
				},
				"uzi_31": {
					"transitions": [
						{
							"default": "(1.0)"
						}
					],
					"on_entry": [
	"/replaceitem entity @s slot.weapon.mainhand 0 gun:uzi 1 30"
					]
				},
				"uzi_30": {
					"transitions": [
						{
							"default": "(1.0)"
						}
					],
					"on_entry": [
	"@s uzi:fire",
	"/replaceitem entity @s slot.weapon.mainhand 0 gun:uzi 1 29"
					]
				},
				"uzi_29": {
					"transitions": [
						{
							"default": "(1.0)"
						}
					],
					"on_entry": [
	"@s uzi:fire",
	"/replaceitem entity @s slot.weapon.mainhand 0 gun:uzi 1 28"
					]
				},
				"uzi_28": {
					"transitions": [
						{
							"default": "(1.0)"
						}
					],
					"on_entry": [
	"@s uzi:fire",
	"/replaceitem entity @s slot.weapon.mainhand 0 gun:uzi 1 27"
					]
                },
				"uzi_27": {
					"transitions": [
						{
							"default": "(1.0)"
						}
					],
					"on_entry": [
	"@s uzi:fire",
	"/replaceitem entity @s slot.weapon.mainhand 0 gun:uzi 1 26"
					]
                },
				"uzi_26": {
					"transitions": [
						{
							"default": "(1.0)"
						}
					],
					"on_entry": [
	"@s uzi:fire",
	"/replaceitem entity @s slot.weapon.mainhand 0 gun:uzi 1 25"
					]
				},
				"uzi_25": {
					"transitions": [
						{
							"default": "(1.0)"
						}
					],
					"on_entry": [
	"@s uzi:fire",
	"/replaceitem entity @s slot.weapon.mainhand 0 gun:uzi 1 24"
					]
				},
				"uzi_24": {
					"transitions": [
						{
							"default": "(1.0)"
						}
					],
					"on_entry": [
	"@s uzi:fire",
	"/replaceitem entity @s slot.weapon.mainhand 0 gun:uzi 1 23"
					]
				},
				"uzi_23": {
					"transitions": [
						{
							"default": "(1.0)"
						}
					],
					"on_entry": [
	"@s uzi:fire",
	"/replaceitem entity @s slot.weapon.mainhand 0 gun:uzi 1 22"
					]
				},
				"uzi_22": {
					"transitions": [
						{
							"default": "(1.0)"
						}
					],
					"on_entry": [
	"@s uzi:fire",
	"/replaceitem entity @s slot.weapon.mainhand 0 gun:uzi 1 21"
					]
				},
				"uzi_21": {
					"transitions": [
						{
							"default": "(1.0)"
						}
					],
					"on_entry": [
	"@s uzi:fire",
	"/replaceitem entity @s slot.weapon.mainhand 0 gun:uzi 1 20"
					]
				},
				"uzi_20": {
					"transitions": [
						{
							"default": "(1.0)"
						}
					],
					"on_entry": [
	"@s uzi:fire",
	"/replaceitem entity @s slot.weapon.mainhand 0 gun:uzi 1 19"
					]
				},
				"uzi_19": {
					"transitions": [
						{
							"default": "(1.0)"
						}
					],
					"on_entry": [
	"@s uzi:fire",
	"/replaceitem entity @s slot.weapon.mainhand 0 gun:uzi 1 18"
					]
				},
				"uzi_18": {
					"transitions": [
						{
							"default": "(1.0)"
						}
					],
					"on_entry": [
	"@s uzi:fire",
	"/replaceitem entity @s slot.weapon.mainhand 0 gun:uzi 1 17"
					]
				},
				"uzi_17": {
					"transitions": [
						{
							"default": "(1.0)"
						}
					],
					"on_entry": [
	"@s uzi:fire",
	"/replaceitem entity @s slot.weapon.mainhand 0 gun:uzi 1 16"
					]
				},
				"uzi_16": {
					"transitions": [
						{
							"default": "(1.0)"
						}
					],
					"on_entry": [
	"@s uzi:fire",
	"/replaceitem entity @s slot.weapon.mainhand 0 gun:uzi 1 15"
					]
				},
				"uzi_15": {
					"transitions": [
						{
							"default": "(1.0)"
						}
					],
					"on_entry": [
	"@s uzi:fire",
	"/replaceitem entity @s slot.weapon.mainhand 0 gun:uzi 1 14"
					]
				},
				"uzi_14": {
					"transitions": [
						{
							"default": "(1.0)"
						}
					],
					"on_entry": [
	"@s uzi:fire",
	"/replaceitem entity @s slot.weapon.mainhand 0 gun:uzi 1 13"
					]
				},
				"uzi_13": {
					"transitions": [
						{
							"default": "(1.0)"
						}
					],
					"on_entry": [
	"@s uzi:fire",
	"/replaceitem entity @s slot.weapon.mainhand 0 gun:uzi 1 12"
					]
				},
				"uzi_12": {
					"transitions": [
						{
							"default": "(1.0)"
						}
					],
					"on_entry": [
	"@s uzi:fire",
	"/replaceitem entity @s slot.weapon.mainhand 0 gun:uzi 1 11"
					]
				},
				"uzi_11": {
					"transitions": [
						{
							"default": "(1.0)"
						}
					],
					"on_entry": [
	"@s uzi:fire",
	"/replaceitem entity @s slot.weapon.mainhand 0 gun:uzi 1 10"
					]
				},
				"uzi_10": {
					"transitions": [
						{
							"default": "(1.0)"
						}
					],
					"on_entry": [
	"@s uzi:fire",
	"/replaceitem entity @s slot.weapon.mainhand 0 gun:uzi 1 9"
					]
				},
				"uzi_9": {
					"transitions": [
						{
							"default": "(1.0)"
						}
					],
					"on_entry": [
	"@s uzi:fire",
	"/replaceitem entity @s slot.weapon.mainhand 0 gun:uzi 1 8"
					]
				},
				"uzi_8": {
					"transitions": [
						{
							"default": "(1.0)"
						}
					],
					"on_entry": [
	"@s uzi:fire",
	"/replaceitem entity @s slot.weapon.mainhand 0 gun:uzi 1 7"
					]
				},
				"uzi_7": {
					"transitions": [
						{
							"default": "(1.0)"
						}
					],
					"on_entry": [
	"@s uzi:fire",
	"/replaceitem entity @s slot.weapon.mainhand 0 gun:uzi 1 6"
					]
				},
				"uzi_6": {
					"transitions": [
						{
							"default": "(1.0)"
						}
					],
					"on_entry": [
	"@s uzi:fire",
	"/replaceitem entity @s slot.weapon.mainhand 0 gun:uzi 1 5"
					]
				},
				"uzi_5": {
					"transitions": [
						{
							"default": "(1.0)"
						}
					],
					"on_entry": [
	"@s uzi:fire",
	"/replaceitem entity @s slot.weapon.mainhand 0 gun:uzi 1 4"
					]
				},
				"uzi_4": {
					"transitions": [
						{
							"default": "(1.0)"
						}
					],
					"on_entry": [
	"@s uzi:fire",
	"/replaceitem entity @s slot.weapon.mainhand 0 gun:uzi 1 3"
					]
				},
				"uzi_3": {
					"transitions": [
						{
							"default": "(1.0)"
						}
					],
					"on_entry": [
	"@s uzi:fire",
	"/replaceitem entity @s slot.weapon.mainhand 0 gun:uzi 1 2"
					]
				},
				"uzi_2": {
					"transitions": [
						{
							"default": "(1.0)"
						}
					],
					"on_entry": [
	"@s uzi:fire",
	"/replaceitem entity @s slot.weapon.mainhand 0 gun:uzi 1 1"
					]
				},
				"uzi_1": {
					"transitions": [
						{
							"default": "(1.0)"
						}
					],
					"on_entry": [
	"@s uzi:fire",
    "/replaceitem entity @s slot.weapon.mainhand 0 gun:uzi_empty 1 0"
					]
				}
			}
		}
	}
}