{
    "format_version": "1.16.0",
    "minecraft:client_entity": {
        "description": {
            "identifier": "hp:thepe3",
            "materials": {
                "default": "phantom"
            },
            "textures": {
                "default": "textures/entities/train/thepe/hp_observation"
            },
            "geometry": {
                "default": "geometry.hp.thepe3"
            },
            "animations": {
                "body_turn": "animation.hp_thepe.turn",
				"up": "animation.hp_thepe.up",
				"down": "animation.hp_thepe.down",
				"snow": "animation.hp_thepe.snow",
				"snow2": "animation.hp_thepe.snow2"
            },
			"scripts": {
                "animate": [
                    {
                        "up": "query.body_x_rotation"
                    },
					{
                        "body_turn": "query.body_x_rotation"
                    },
					{
                        "down": "-query.body_x_rotation"
                    },
					{
                        "snow2": "query.is_in_water_or_rain"
                    },
					{
                        "snow": "!query.is_in_water_or_rain"
                    }
                ],
                "should_update_bones_and_effects_offscreen": "1.0"
            },
            "render_controllers": [
                "controller.render.hp_train"
            ],
            "spawn_egg": {
                "texture": "hp_thepe3_egg"
            }
        }
    }
}