



































































































{
  "pools": [
    {
      "rolls": 1,
      "entries": [
        {
          "type": "item",
          "name": "minecraft:written_book",
          "weight": 1,
          "functions": [
             {
                "function": "set_book_contents",
                "data": 99,
                "title": "§aXM GUNS",
                "author": "§bdistant星梦",
                "pages": [
                  "§4•/function xm\nget all guns获得所有枪械\n•/give @p gun:ak47\n•/give @p gun:aug\n•/give @p gun:m16a4\n•/give @p gun:scar\n•/give @p gun:uzi\n•/give @p gun:awm\n•/give @p gun:kar98k\n•/give @p gun:deagle\n•/give @p gun:m1897",
                  "§4•/give @p gun:p90\n•/give @p gun:s686\n•/give @p gun:taser\n•/give @p gun:laser\n•/give @p gun:bubble\n•/give @p gun:flame\n•/give @p gun:dsword\n•/give @p gun:m249\n•/give @p gun:bat\n•/give @p bomb:rpg\n•/give @p bomb:peace",
                  "§4•/give @p bomb:pumpkin\n•/give @p bomb:coin\n•/give @p bomb:moon_cake\n•/give @p ammo:rpg\n•/give @p ammo:machine\n•/give @p ammo:smg\n•/give @p ammo:shotgun\n•/give @p ammo:rifle\n•/give @p ammo:sniper\n•/give @p ammo:pistol",
                  "§4•/give @p xm:parachute\n\n\nCopyright @distant星梦",
                  "§1      [sponsor赞助]\n•熱狗           •QwQ\n•传奇哥斯拉"
                ]
             }
          ]
        }
      ]
    }
  ]
}
