{
	"format_version": "1.10.0",
	"animation_controllers": {
		"controller.animation.ammo": {
			"states": {
                                                                                                               
				"default": {
					"transitions": [
						{
							"ammo": "query.mark_variant == 0 && query.variant == 0"
						}
					],
					"on_entry": [
						"@s mm"
					]
				},
				"ammo": {
					"transitions": [
						{
							"default": "(1.0)"
						}
					],
					"on_entry": [
	"/title @s actionbar §r"
					]
				}
			}
		}
	}
}