{
	"format_version": "1.8.0",
	"animations": {
		"animation.Focalors.sit": {
			"loop": true,
			"animation_length": 0.7917,
			"bones": {
				"root": {
					"position": [0, -11, 0]
				},
				"Upper": {
					"rotation": [10, 0, 0]
				},
				"Head": {
					"rotation": {
						"0.0": [0, 0, -5],
						"0.4167": [0, 0, 5],
						"0.7917": [0, 0, -5]
					}
				},
				"RightArm": {
					"rotation": [-41.81328, -22.91934, -15.62633]
				},
				"stick": {
					"scale": 0
				},
				"LeftArm": {
					"rotation": [-38.3833, 21.63168, 21.30838]
				},
				"RightLeg": {
					"rotation": [-97.37924, 12.45167, 1.10693]
				},
				"LeftLeg": {
					"rotation": [-92.32456, -14.94159, -1.3378]
				},
				"Rightitem": {
					"scale": 0.6
				}
			}
		},
		"animation.Focalors.walking": {
			"loop": true,
			"animation_length": 0.75,
			"override_previous_animation": true,
			"bones": {
				"Body": {
					"position": {
						"0.0": [0, -2, 0],
						"0.1667": [0, -1, 0],
						"0.375": [0, -2, 0],
						"0.5417": [0, -1, 0],
						"0.75": [0, -2, 0]
					}
				},
				"Head": {
					"rotation": {
						"0.0": [0, 0, 0],
						"0.125": [7.5, 0, 0],
						"0.375": [0, 0, 0],
						"0.5": [7.32, 0, 0],
						"0.75": [0, 0, 0]
					}
				},
				"RightArm": {
					"rotation": {
						"0.0": [-15, 0, 0],
						"0.375": [30, 0, 0],
						"0.75": [-15, 0, 0]
					}
				},
				"LeftArm": {
					"rotation": {
						"0.0": [30, 0, 0],
						"0.375": [-15, 0, 0],
						"0.5": [0, 0, 0],
						"0.75": [30, 0, 0]
					}
				},
				"RightLeg": {
					"rotation": {
						"0.0": [22.5, 0, 0],
						"0.1667": [-20, 0, 0],
						"0.375": [-27.5, 0, 0],
						"0.5": [-10.83, 0, 0],
						"0.75": [22.5, 0, 0]
					}
				},
				"LeftLeg": {
					"rotation": {
						"0.0": [-27.5, 0, 0],
						"0.375": [22.5, 0, 0],
						"0.5": [-10.9, 0, 0],
						"0.5417": [-20, 0, 0],
						"0.75": [-27.5, 0, 0]
					}
				},
				"Rightitem": {
					"scale": 0.6
				}
			}
		},
		"animation.Focalors.jump": {
			"loop": true,
			"bones": {
				"Upper": {
					"rotation": [10, 0, 0]
				},
				"RightArm": {
					"rotation": [0, 0, 52.5]
				},
				"Head": {
					"rotation": [17.5, 0, 0]
				},
				"LeftArm": {
					"rotation": [0, 0, -55]
				},
				"RightLeg": {
					"rotation": [7.5, 0, 5]
				},
				"LeftLeg": {
					"rotation": [20, 0, 0],
					"position": [0, 2, -2]
				},
				"Rightitem": {
					"scale": 0.6
				}
			}
		},
		"animation.Focalors.idle": {
			"loop": true,
			"animation_length": 1,
			"bones": {
				"Head": {
					"rotation": {
						"0.0": [0, 0, 0],
						"0.5": [10, 0, 0],
						"1.0": [0, 0, 0]
					}
				},
				"RightArm": {
					"rotation": {
						"0.0": [0, 0, 0],
						"0.5": [0, 0, 10],
						"1.0": [0, 0, 0]
					}
				},
				"LeftArm": {
					"rotation": {
						"0.0": [0, 0, 0],
						"0.5": [0, 0, -7.5],
						"1.0": [0, 0, 0]
					}
				},
				"Rightitem": {
					"scale": 0.6
				}
			}
		},
		"animation.Focalors.attack": {
			"animation_length": 0.29167,
			"bones": {
				"root": {
					"rotation": [1.06541, 33.52132, -1.21358]
				},
				"Head": {
					"rotation": [0, -40, 0]
				},
				"RightArm": {
					"rotation": [-28.61377, -9.33758, 70.97159]
				},
				"LeftArm": {
					"rotation": [-48.458, -23.37058, -19.36497]
				},
				"RightLeg": {
					"rotation": [-14.87739, 1.93597, 7.24721]
				},
				"LeftLeg": {
					"rotation": [22.32648, 2.86313, -6.93488]
				},
				"Rightitem": {
					"scale": 0.6
				}
			},
			"particle_effects": {
				"0.0": [
					{
						"effect": "focalors1"
					},
					{
						"effect": "focalors2"
					},
					{
						"effect": "focalors3"
					}
				]
			}
		}
	}
}