{
	"format_version": "1.8.0",
	"animations": {
		"animation.Hu_tao.idle": {
			"loop": true,
			"animation_length": 1,
			"bones": {
				"Head": {
					"rotation": {
						"0.0": [0, 0, 0],
						"0.5": [10, 0, 0],
						"1.0": [0, 0, 0]
					}
				},
				"RightArm": {
					"rotation": {
						"0.0": [0, 0, 0],
						"0.5": [0, 0, 10],
						"1.0": [0, 0, 0]
					}
				},
				"Right1": {
					"rotation": [-32.5, 0, 0]
				},
				"Right2": {
					"rotation": [-27.5, 0, 0],
					"scale": [1, 1, 2.5]
				},
				"LeftArm": {
					"rotation": {
						"0.0": [0, 0, 0],
						"0.5": [0, 0, -7.5],
						"1.0": [0, 0, 0]
					}
				},
				"Left1": {
					"rotation": [-32.5, 0, 0]
				},
				"Left2": {
					"rotation": [-27.5, 0, 0],
					"scale": [1, 1, 2.5]
				},
				"stick": {
					"scale": 0.7
				},
				"Tali": {
					"rotation": [0, -27.5, 0]
				},
				"Tali2": {
					"rotation": [-107.5, 0, 0]
				},
				"Tali4": {
					"rotation": {
						"0.0": [0, 0, -27.5],
						"0.5": [0, 0, 0],
						"1.0": [0, 0, -27.5]
					}
				},
				"Tali7": {
					"rotation": {
						"0.0": [0, 0, 35],
						"0.5": [0, 0, -35],
						"1.0": [0, 0, 35]
					}
				},
				"Tali11": {
					"rotation": [-30, 0, 0]
				},
				"Tali13": {
					"rotation": {
						"0.0": [0, -20, 0],
						"0.5": [0, 22.5, 0],
						"1.0": [0, -20, 0]
					}
				},
				"Sword": {
					"scale": 0.7
				}
			}
		},
		"animation.Hu_tao.jump": {
			"loop": true,
			"bones": {
				"Head": {
					"rotation": [17.5, 0, 0]
				},
				"RightArm": {
					"rotation": [5, 0, 35]
				},
				"stick": {
					"scale": 0.7
				},
				"Tali3": {
					"rotation": [-67.32542, -6.92618, -2.88419]
				},
				"Tali11": {
					"rotation": [-20, 0, 0]
				},
				"LeftArm": {
					"rotation": [7.5, 0, -30]
				},
				"RightLeg": {
					"rotation": [34.12026, -0.07173, 4.13786]
				},
				"RightLeg2": {
					"rotation": [17.5, 0, 15]
				},
				"LeftLeg": {
					"rotation": [19.71975, 3.40487, -9.40804],
					"position": [0, 3, -2]
				},
				"LeftLeg2": {
					"rotation": [10.8704, 12.34127, -9.50683]
				},
				"Sword": {
					"scale": 0.7
				}
			}
		},
		"animation.Hu_tao.sit": {
			"loop": true,
			"animation_length": 0.7917,
			"bones": {
				"root": {
					"position": [0, -11, 0]
				},
				"Upper": {
					"rotation": [10, 0, 0]
				},
				"Head": {
					"rotation": {
						"0.0": [0, 0, -5],
						"0.4167": [0, 0, 5],
						"0.7917": [0, 0, -5]
					}
				},
				"RightArm": {
					"rotation": [-41.81328, -22.91934, -15.62633]
				},
				"stick": {
					"scale": 0
				},
				"LeftArm": {
					"rotation": [-38.3833, 21.63168, 21.30838]
				},
				"RightLeg": {
					"rotation": [-89.87924, 12.45167, 1.10693]
				},
				"LeftLeg": {
					"rotation": [-89.82456, -14.94159, -1.3378]
				},
				"Sword": {
					"scale": 0
				}
			}
		},
		"animation.Hu_tao.attack": {
			"animation_length": 0.54167,
			"bones": {
				"root": {
					"rotation": {
						"0.0": [0, -57.5, 0],
						"0.125": [0, 47.5, 0]
					}
				},
				"Head": {
					"rotation": {
						"0.0": [0, 37.5, 0],
						"0.125": [0, -25, 0]
					}
				},
				"RightArm": {
					"rotation": {
						"0.0": [-83.05843, -9.75391, -2.88243],
						"0.125": [-42.9792, 47.669, 11.98433]
					}
				},
				"LeftArm": {
					"rotation": {
						"0.0": [7.60469, -28.28858, -52.04836],
						"0.125": [-70.12191, -14.86993, -54.63056]
					}
				},
				"RightLeg": {
					"rotation": {
						"0.0": [0, 25, 0],
						"0.125": [-2.74715, -12.19908, 12.79362]
					}
				},
				"RightLeg2": {
					"rotation": [22.28729, -3.74196, 6.50446]
				},
				"LeftLeg": {
					"rotation": {
						"0.0": [-0.87566, -1.82523, -9.77952],
						"0.125": [-0.98074, -26.82206, -9.36485]
					}
				},
				"LeftLeg2": {
					"rotation": [0, 0, -7.5]
				}
			},
			"particle_effects": {
				"0.0833": [
					{
						"effect": "hutaos1"
					},
					{
						"effect": "hutaos2"
					},
					{
						"effect": "hutaos3"
					}
				],
				"0.125": [
					{
						"effect": "hutaos4"
					},
					{
						"effect": "hutaos5"
					}
				]
			}
		},
		"animation.Hu_tao.walking": {
			"loop": true,
			"animation_length": 0.75,
			"override_previous_animation": true,
			"bones": {
				"Body": {
					"position": {
						"0.0": [0, -2, 0],
						"0.1667": [0, -1, 0],
						"0.375": [0, -2, 0],
						"0.5417": [0, -1, 0],
						"0.75": [0, -2, 0]
					}
				},
				"Head": {
					"rotation": {
						"0.0": [0, 0, 0],
						"0.125": [7.5, 0, 0],
						"0.375": [0, 0, 0],
						"0.5": [7.32, 0, 0],
						"0.75": [0, 0, 0]
					}
				},
				"RightArm": {
					"rotation": {
						"0.0": [-15, 0, 0],
						"0.375": [30, 0, 0],
						"0.75": [-15, 0, 0]
					}
				},
				"LeftArm": {
					"rotation": {
						"0.0": [30, 0, 0],
						"0.375": [-15, 0, 0],
						"0.5": [0, 0, 0],
						"0.75": [30, 0, 0]
					}
				},
				"RightLeg": {
					"rotation": {
						"0.0": [22.5, 0, 0],
						"0.1667": [-20, 0, 0],
						"0.375": [-27.5, 0, 0],
						"0.5": [-10.83, 0, 0],
						"0.75": [22.5, 0, 0]
					}
				},
				"LeftLeg": {
					"rotation": {
						"0.0": [-27.5, 0, 0],
						"0.375": [22.5, 0, 0],
						"0.5": [-10.9, 0, 0],
						"0.5417": [-20, 0, 0],
						"0.75": [-27.5, 0, 0]
					}
				},
				"Sword": {
					"scale": 0.7
				}
			}
		}
	}
}