{
	"format_version": "1.8.0",
	"animations": {
		"animation.Kamael_cursed_skin.idle": {
			"loop": true,
			"animation_length": 1,
			"bones": {
				"Head": {
					"rotation": {
						"0.0": [0, 0, 0],
						"0.5": [10, 0, 0],
						"1.0": [0, 0, 0]
					}
				},
				"RightArm": {
					"rotation": {
						"0.0": [0, 0, 0],
						"0.5": [0, 0, 10],
						"1.0": [0, 0, 0]
					}
				},
				"Right1": {
					"rotation": [-32.5, 0, 0]
				},
				"Right2": {
					"rotation": [-27.5, 0, 0],
					"scale": [1, 1, 2.5]
				},
				"LeftArm": {
					"rotation": {
						"0.0": [0, 0, 0],
						"0.5": [0, 0, -7.5],
						"1.0": [0, 0, 0]
					}
				},
				"Left1": {
					"rotation": [-32.5, 0, 0]
				},
				"Left2": {
					"rotation": [-27.5, 0, 0],
					"scale": [1, 1, 2.5]
				},
				"stick": {
					"scale": 0.7
				},
				"Tali": {
					"rotation": [0, -27.5, 0]
				},
				"Tali2": {
					"rotation": [-107.5, 0, 0]
				},
				"Tali4": {
					"rotation": {
						"0.0": [0, 0, -27.5],
						"0.5": [0, 0, 0],
						"1.0": [0, 0, -27.5]
					}
				},
				"Tali7": {
					"rotation": {
						"0.0": [0, 0, 35],
						"0.5": [0, 0, -35],
						"1.0": [0, 0, 35]
					}
				},
				"Tali11": {
					"rotation": [-30, 0, 0]
				},
				"Tali13": {
					"rotation": {
						"0.0": [0, -20, 0],
						"0.5": [0, 22.5, 0],
						"1.0": [0, -20, 0]
					}
				},
				"Sword": {
					"scale": 0.7
				},
				"Rightjacket": {
					"rotation": {
						"0.0": [0, 0, 0],
						"0.5": [12.5, 0, 0],
						"1.0": [0, 0, 0]
					}
				},
				"Leftjacket": {
					"rotation": {
						"0.0": [0, 0, 0],
						"0.5": [12.5, 0, 0],
						"1.0": [0, 0, 0]
					}
				}
			}
		},
		"animation.Kamael_cursed_skin.jump": {
			"loop": true,
			"bones": {
				"Head": {
					"rotation": [18.29388, -16.66577, -5.41615]
				},
				"RightArm": {
					"rotation": [-71.38611, 8.19906, -43.11749]
				},
				"stick": {
					"scale": 0.7
				},
				"Tali3": {
					"rotation": [-67.32542, -6.92618, -2.88419]
				},
				"Tali11": {
					"rotation": [-20, 0, 0]
				},
				"LeftArm": {
					"rotation": [-57.00368, 42.61321, -16.16966],
					"position": [0, -1, -1]
				},
				"RightLeg": {
					"rotation": [24.7127, -2.68507, 12.2127]
				},
				"RightLeg2": {
					"rotation": [17.5, 0, 15]
				},
				"LeftLeg": {
					"rotation": [35, 0, 0],
					"position": [0, 2, -4]
				},
				"LeftLeg2": {
					"rotation": [10.8704, 12.34127, -9.50683]
				},
				"Sword": {
					"scale": 0.7
				},
				"root": {
					"rotation": [-22.97428, 35.63992, -22.00899],
					"position": [0, 8, 0]
				},
				"Upper": {
					"rotation": [10, 0, 0]
				},
				"Jacket": {
					"rotation": [9.42961, -17.07004, 9.42961]
				},
				"Jubah": {
					"rotation": [20, 0, 0]
				},
				"Body": {
					"rotation": [20, 0, 0]
				},
				"Rightjacket": {
					"rotation": [187.79011, -57.15935, -99.24832]
				},
				"Leftjacket": {
					"rotation": [117.5, 0, 0]
				}
			}
		},
		"animation.Kamael_cursed_skin.walking": {
			"loop": true,
			"animation_length": 0.75,
			"override_previous_animation": true,
			"bones": {
				"Body": {
					"position": {
						"0.0": [0, -2, 0],
						"0.1667": [0, -1, 0],
						"0.375": [0, -2, 0],
						"0.5417": [0, -1, 0],
						"0.75": [0, -2, 0]
					}
				},
				"Head": {
					"rotation": {
						"0.0": [0, 0, 0],
						"0.125": [7.5, 0, 0],
						"0.375": [0, 0, 0],
						"0.5": [7.32, 0, 0],
						"0.75": [0, 0, 0]
					}
				},
				"RightArm": {
					"rotation": {
						"0.0": [-15, 0, 0],
						"0.375": [30, 0, 0],
						"0.75": [-15, 0, 0]
					}
				},
				"LeftArm": {
					"rotation": {
						"0.0": [30, 0, 0],
						"0.375": [-15, 0, 0],
						"0.5": [0, 0, 0],
						"0.75": [30, 0, 0]
					}
				},
				"RightLeg": {
					"rotation": {
						"0.0": [22.5, 0, 0],
						"0.1667": [-20, 0, 0],
						"0.375": [-27.5, 0, 0],
						"0.5": [-10.83, 0, 0],
						"0.75": [22.5, 0, 0]
					}
				},
				"LeftLeg": {
					"rotation": {
						"0.0": [-27.5, 0, 0],
						"0.375": [22.5, 0, 0],
						"0.5": [-10.9, 0, 0],
						"0.5417": [-20, 0, 0],
						"0.75": [-27.5, 0, 0]
					}
				},
				"Sword": {
					"scale": 0.7
				},
				"Jubah": {
					"rotation": {
						"0.0": [0, 0, 0],
						"0.375": [22.5, 0, 0],
						"0.75": [0, 0, 0]
					}
				}
			}
		},
		"animation.Kamael_cursed_skin.sit": {
			"loop": true,
			"animation_length": 1,
			"bones": {
				"root": {
					"position": [0, -12, 0]
				},
				"Upper": {
					"rotation": [-35, 0, 0]
				},
				"Jacket": {
					"rotation": [25, 0, 0]
				},
				"Jubah": {
					"scale": [1, 0.5, 1]
				},
				"Head": {
					"rotation": {
						"0.0": [0, 0, -10],
						"0.5": [0, 0, 5],
						"1.0": [0, 0, -10]
					}
				},
				"RightArm": {
					"rotation": [44.61301, -13.31573, 13.27103]
				},
				"Rightjacket": {
					"rotation": [17.5, 0, 0]
				},
				"Scythe": {
					"scale": 0
				},
				"LeftArm": {
					"rotation": [42.25489, 5.05904, -5.54401]
				},
				"Leftjacket": {
					"rotation": [22.5, 0, 0]
				},
				"RightLeg": {
					"rotation": {
						"0.0": [-90, 0, 0],
						"0.5": [-105, 0, 0],
						"1.0": [-90, 0, 0]
					},
					"position": [0, 0, 2]
				},
				"LeftLeg": {
					"rotation": {
						"0.0": [-105, 0, 0],
						"0.5": [-90, 0, 0],
						"1.0": [-105, 0, 0]
					},
					"position": [0, 0, 2]
				}
			}
		},
		"animation.Kamael_cursed_skin.attack": {
			"animation_length": 0.75,
			"bones": {
				"waist": {
					"rotation": {
						"0.0": [-27.5, 0, 0],
						"0.125": [50, 0, 0]
					}
				},
				"Head": {
					"rotation": [-17.5, 0, 0]
				},
				"RightArm": {
					"rotation": {
						"0.0": [-205.25766, -11.2531, -22.47096],
						"0.125": [-57.08752, 27.9227, -5.53213]
					}
				},
				"Rightjacket": {
					"rotation": {
						"0.0": [-92.5, 0, 0],
						"0.125": [37.5, 0, 0]
					}
				},
				"LeftArm": {
					"rotation": {
						"0.0": [-30, 0, -17.5],
						"0.125": [5.89015, 23.78434, -42.24098]
					}
				},
				"Leftjacket": {
					"rotation": {
						"0.0": [90, 0, 0],
						"0.125": [0, 0, 0]
					}
				},
				"RightLeg": {
					"rotation": {
						"0.0": [-45, 0, 0],
						"0.125": [37.5, 0, 0]
					}
				},
				"LeftLeg": {
					"rotation": {
						"0.0": [15, 0, 0],
						"0.125": [-30, 0, 0]
					}
				}
			},
			"particle_effects": {
				"0.125": {
					"effect": "kamaels1"
				},
				"0.1667": [
					{
						"effect": "kamaels2"
					},
					{
						"effect": "kamaels3"
					}
				]
			}
		}
	}
}