{
	"format_version": "1.8.0",
	"animations": {
		"animation.Kanao.idle": {
			"loop": true,
			"animation_length": 1,
			"bones": {
				"Head": {
					"rotation": {
						"0.0": [0, 0, 0],
						"0.5": [10, 0, 0],
						"1.0": [0, 0, 0]
					}
				},
				"RightArm": {
					"rotation": {
						"0.0": [0, 0, 0],
						"0.5": [0, 0, 10],
						"1.0": [0, 0, 0]
					}
				},
				"LeftArm": {
					"rotation": {
						"0.0": [0, 0, 0],
						"0.5": [0, 0, -7.5],
						"1.0": [0, 0, 0]
					}
				},
				"rightitem": {
					"position": [0.5, 0, 0]
				},
				"Kimono": {
					"rotation": {
						"0.0": [0, 0, 0],
						"0.6": [-5, 0, 0],
						"1.0": [0, 0, 0]
					}
				}
			}
		},
		"animation.Kanao.sit": {
			"loop": true,
			"animation_length": 0.7917,
			"bones": {
				"root": {
					"position": [0, -11, 0]
				},
				"Upper": {
					"rotation": [10, 0, 0]
				},
				"Head": {
					"rotation": {
						"0.0": [0, 0, -5],
						"0.4167": [0, 0, 5],
						"0.7917": [0, 0, -5]
					}
				},
				"RightArm": {
					"rotation": [-41.81328, -22.91934, -15.62633]
				},
				"stick": {
					"scale": 0
				},
				"LeftArm": {
					"rotation": [-38.3833, 21.63168, 21.30838]
				},
				"RightLeg": {
					"rotation": [-97.37924, 12.45167, 1.10693]
				},
				"LeftLeg": {
					"rotation": [-92.32456, -14.94159, -1.3378]
				},
				"rightitem": {
					"scale": 0
				},
				"Kimono": {
					"rotation": [-20, 0, 0]
				}
			}
		},
		"animation.Kanao.walking": {
			"loop": true,
			"animation_length": 0.75,
			"override_previous_animation": true,
			"bones": {
				"Body": {
					"position": {
						"0.0": [0, -2, 0],
						"0.1667": [0, -1, 0],
						"0.375": [0, -2, 0],
						"0.5417": [0, -1, 0],
						"0.75": [0, -2, 0]
					}
				},
				"Head": {
					"rotation": {
						"0.0": [0, 0, 0],
						"0.125": [7.5, 0, 0],
						"0.375": [0, 0, 0],
						"0.5": [7.32, 0, 0],
						"0.75": [0, 0, 0]
					}
				},
				"RightArm": {
					"rotation": {
						"0.0": [-15, 0, 0],
						"0.375": [30, 0, 0],
						"0.75": [-15, 0, 0]
					}
				},
				"LeftArm": {
					"rotation": {
						"0.0": [30, 0, 0],
						"0.375": [-15, 0, 0],
						"0.5": [0, 0, 0],
						"0.75": [30, 0, 0]
					}
				},
				"RightLeg": {
					"rotation": {
						"0.0": [22.5, 0, 0],
						"0.1667": [-20, 0, 0],
						"0.375": [-27.5, 0, 0],
						"0.5": [-10.83, 0, 0],
						"0.75": [22.5, 0, 0]
					}
				},
				"LeftLeg": {
					"rotation": {
						"0.0": [-27.5, 0, 0],
						"0.375": [22.5, 0, 0],
						"0.5": [-10.9, 0, 0],
						"0.5417": [-20, 0, 0],
						"0.75": [-27.5, 0, 0]
					}
				},
				"rightitem": {
					"position": [0.5, 0, 0]
				}
			}
		},
		"animation.Kanao.jump": {
			"loop": true,
			"bones": {
				"Rok": {
					"rotation": [0, 0, -37.5]
				},
				"Upper": {
					"rotation": [10, 0, 0]
				},
				"RightArm": {
					"rotation": [-4.32403, -30.31911, 80.24748]
				},
				"Head": {
					"rotation": [20, 0, 0]
				},
				"LeftArm": {
					"rotation": [-23.0723, -12.53664, -53.84492]
				},
				"RightLeg": {
					"rotation": [19.88443, -0.75155, 14.98436]
				},
				"LeftLeg": {
					"rotation": [17.09332, 0.15201, -9.92717],
					"position": [0, 2, -2]
				},
				"Kimono": {
					"rotation": [13.29355, -12.0174, 16.10644],
					"position": [0, -1, 0]
				},
				"rightitem": {
					"position": [0.5, 0, 0]
				}
			}
		},
		"animation.Kanao.attack": {
			"animation_length": 0.75,
			"bones": {
				"root": {
					"rotation": {
						"0.0": [0, 0, 0],
						"0.125": [0, -30, 0],
						"0.2083": [0, -30, 0],
						"0.3333": [0, 67.5, 0]
					}
				},
				"waist": {
					"rotation": {
						"0.0": [0, 0, 0],
						"0.125": [15.12, -7.24, -1.95],
						"0.2083": [15.12, -7.24, -1.95],
						"0.3333": [0, 0, 0]
					}
				},
				"RightArm": {
					"rotation": {
						"0.0": [0, 0, 0],
						"0.125": [-118.60938, -22.26404, 91.25978],
						"0.2083": [-118.61, -22.26, 91.26],
						"0.3333": [3.89, -22.26, 91.26]
					}
				},
				"LeftArm": {
					"rotation": {
						"0.0": [0, 0, 0],
						"0.125": [-61.94901, 34.96182, 1.74942],
						"0.2083": [-61.95, 34.96, 1.75],
						"0.3333": [-65.41229, -22.14663, -25.01514]
					}
				},
				"RightLeg": {
					"rotation": {
						"0.0": [0, 0, 0],
						"0.125": [-14.23477, 16.71605, 2.17774],
						"0.2083": [-14.23, 16.72, 2.18],
						"0.3333": [9.89462, 1.02325, 4.05775]
					}
				},
				"LeftLeg": {
					"rotation": {
						"0.0": [0, 0, 0],
						"0.125": [20, 0, -10],
						"0.2083": [20, 0, -10],
						"0.3333": [-7.5, 0, -5]
					}
				},
				"Kimono": {
					"rotation": {
						"0.0": [0, 0, 0],
						"0.1667": [0, 0, 15],
						"0.3333": [12.5, 0, -12.5]
					}
				},
				"rightitem": {
					"position": [0.5, 0, 0]
				}
			},
			"particle_effects": {
				"0.3333": {
					"effect": "kanaos"
				}
			}
		}
	}
}