{
  "individual_event_sounds" : {
     "events" :{ 
        "burp" : {"sound": "", "volume": 0.0, "pitch": [0.9, 1.0]},
        "camera.take_picture": {"sound": "", "volume": 0.0, "pitch" : 1.0 }
       }
     },
  "entity_sounds": {
    "defaults": {
      "volume": 1.0,
      "pitch": [ 0.8, 1.2 ],
      "events": {
        "fall.big": {"sound": "damage.fallbig", "volume": 0.75, "pitch": 1.0},
        "fall.small": {"sound": "damage.fallsmall","volume": 0.75, "pitch": 1.0},
        "splash": {"sound": "random.splash","pitch": [ 0.6, 1.4 ]},
        "swim": {"sound": "random.swim","pitch": [ 0.6, 1.4 ]},
        "fizz": {"sound": "random.fizz","volume": 0.7,"pitch": [ 1.2, 2.0 ]},
        "drink": {"sound": "random.drink","volume": 0.5,"pitch": [ 0.9, 1.0 ]},
        "eat": "",
        "ambient": "",
        "flop":  "",
        "hurt": "game.player.hurt",
        "death": "game.player.die",
        "ambient.in.water": "",
        "hurt.in.water": "",
        "death.in.water": "",
        "ambient.in.raid": ""
      }
    },
    "entities": {
      "bomb:rpg": {
        "volume": 1.0,
        "pitch": [ 1, 1 ],
        "events": {
          "purr": "bomb.rpg"
        }
      },
      "bullet:ak47": {
        "volume": 1.0,
        "pitch": [ 1, 1 ],
        "events": {
          "purr": "gun.ak47"
        }
      },
      "bullet:m249": {
        "volume": 1.0,
        "pitch": [ 1, 1 ],
        "events": {
          "purr": "gun.m249"
        }
      },
      "bullet:p90": {
        "volume": 1.0,
        "pitch": [ 1, 1 ],
        "events": {
          "purr": "gun.p90"
        }
      },
      "bullet:taser": {
        "volume": 20.0,
        "pitch": [ 1.2, 1.3 ],
        "events": {
          "purr": "gun.taser"
        }
      },
      "bullet:aug": {
        "volume": 1.0,
        "pitch": [ 1, 1 ],
        "events": {
          "purr": "gun.aug"
        }
      },
      "bullet:flame": {
        "volume": 0.5,
        "pitch": [ 0.73, 1 ],
        "events": {
          "purr": "gun.flame"
        }
      },
      "bullet:laser": {
        "volume": 1.5,
        "pitch": [ 0.73, 1 ],
        "events": {
          "purr": "gun.laser"
        }
      },
      "bullet:bubble": {
        "volume": 2.0,
        "pitch": [ 1, 1 ],
        "events": {
          "purr": "bubble.pop"
        }
      },
      "bullet:dsword": {
        "volume": 1.0,
        "pitch": [ 1, 1 ],
        "events": {
          "purr": "gun.dsword"
        }
      },
      "bullet:uzi": {
        "volume": 1.0,
        "pitch": [ 1, 1 ],
        "events": {
          "purr": "gun.uzi"
        }
      },
      "bullet:s686": {
        "volume": 1.0,
        "pitch": [ 1, 1 ],
        "events": {
          "purr": "gun.s686"
        }
      },
      "bullet:scar": {
        "volume": 1.0,
        "pitch": [ 1, 1 ],
        "events": {
          "purr": "gun.scar"
        }
      },
      "bullet:kar98k": {
        "volume": 1.0,
        "pitch": [ 1, 1 ],
        "events": {
          "purr": "gun.kar98k"
        }
      },
      "bullet:deagle": {
        "volume": 1.0,
        "pitch": [ 1, 1 ],
        "events": {
          "purr": "gun.deagle"
        }
      },
      "bullet:m1897": {
        "volume": 1.0,
        "pitch": [ 1, 1 ],
        "events": {
          "purr": "gun.m1897"
        }
      },
      "bullet:m16a4": {
        "volume": 1.0,
        "pitch": [ 1, 1 ],
        "events": {
          "purr": "gun.m16a4"
        }
      },
      "bullet:awm": {
        "volume": 1.0,
        "pitch": [ 1, 1 ],
        "events": {
          "purr": "gun.awm"
        }
      }
    }
  }
}