{
  "hopper_screen": {
    "variables": [
      {
        "requires": "$desktop_screen",
        "$screen_content": "hopper_desktop_dx.center_screen",
        "$screen_bg_content": "hopper_desktop_dx.full_screen"
      },
      {
        "requires": "$pocket_screen",
        "$right_panel_container_size": 5,
        "$right_tab_icon": "pocket_containers_dx.hopper_icon",
        "$screen_content": "pocket_containers_dx.center_screen",
        "$screen_bg_content": "pocket_containers_dx.full_screen"
      }
    ]
  },

  "dispenser_screen": {
    "variables": [
      {
        "requires": "$desktop_screen",
        "$screen_content": "dispenser_desktop_dx.center_screen",
        "$screen_bg_content": "dispenser_desktop_dx.full_screen"
      },
      {
        "requires": "$pocket_screen",
        "$right_panel_container_size": 9,
        "$right_tab_icon": "pocket_containers_dx.dispenser_icon",
        "$screen_content": "pocket_containers_dx.center_screen",
        "$screen_bg_content": "pocket_containers_dx.full_screen"
      }
    ]
  },

  "crafter_screen": {
    "variables": [
      {
        "requires": "$desktop_screen",
        "$screen_content": "crafter_desktop_dx.center_screen",
        "$screen_bg_content": "crafter_desktop_dx.full_screen"
      },
      {
        "requires": "$pocket_screen",
        "$screen_content": "crafter_pocket_dx.center_screen",
        "$screen_bg_content": "crafter_pocket_dx.full_screen"
      }
    ]
  },

  "dropper_screen": {
    "variables": [
      {
        "requires": "$desktop_screen",
        "$screen_content": "dropper_desktop_dx.center_screen",
        "$screen_bg_content": "dropper_desktop_dx.full_screen"
      },
      {
        "requires": "$pocket_screen",
        "$right_panel_container_size": 9,
        "$right_tab_icon": "pocket_containers_dx.dropper_icon",
        "$screen_content": "pocket_containers_dx.center_screen",
        "$screen_bg_content": "pocket_containers_dx.full_screen"
      }
    ]
  }
}