{
	"thepe_horn": {
		"category": "neutral",
		"sounds": [
			"sounds/train/thepe_horn"
		]
	},
    "thepe_door_open": {
        "category": "music",
        "max_distance": 64,
        "sounds": [
            "sounds/train/thepe_door_open"
        ]
    },
    "thepe_door_close": {
        "category": "music",
        "max_distance": 64,
        "sounds": [
            "sounds/train/thepe_door_close"
        ]
    },
	"thepe_acc": {
        "category": "music",
        "max_distance": 64,
        "sounds": [
            "sounds/train/thepe_acc"
        ]
    },
	"thepe_brake": {
        "category": "music",
        "max_distance": 64,
        "sounds": [
            "sounds/train/thepe_brake"
        ]
    },
	"thepe_up": {
        "category": "music",
        "max_distance": 64,
        "sounds": [
            "sounds/train/thepe_up"
        ]
    },
	"thepe_down": {
        "category": "music",
        "max_distance": 64,
        "sounds": [
            "sounds/train/thepe_down"
        ]
    }
}