{
	"resource_pack_name": "bridgeRP",
	"texture_name": "atlas.items",
	"texture_data": {

		"sennablackblack": {
			"textures": [
				"textures/items/sennablackblack"
			]
		},
		"sennablueblack": {
			"textures": [
				"textures/items/sennablueblack"
			]
		},
		"sennablueblackgtr": {
			"textures": [
				"textures/items/sennablueblackgtr"
			]
		},
		"sennaorangeblack": {
			"textures": [
				"textures/items/sennaorangeblack"
			]
		},
		"sennawhiteblack": {
			"textures": [
				"textures/items/sennawhiteblack"
			]
		}

	}
}