{
	"format_version": "1.8.0",
	"minecraft:entity": {
		"description": {
			"identifier": "bullet:laser",
			"is_spawnable": false,
			"is_summonable": true,
			"is_experimental": false,
			"runtime_identifier": "minecraft:egg"
		},
		"components": {
			"minecraft:type_family": {
				"family": ["bullet"]
			},
			"minecraft:collision_box": {
				"width": 1.1,
				"height": 1.1
			},
            "minecraft:scale": {
              "value": 0.01
            },
            "minecraft:spawn_entity": [
              {
                "min_wait_time": 0,
                "max_wait_time": 0,
                "single_use": true,
                "spawn_entity": "xx:xx",
                "spawn_sound": "purr",
                "num_to_spawn": 1
              }
            ],
            "minecraft:explode": {
            "fuseLength": 2.1,
            "fuseLit": true,
            "power": 0,
            "causesFire": false
            },
			"minecraft:projectile": {
				"onHit": {
					"impact_damage": {
	    				"damage": [ 7, 9 ],
						"knockback": false
					}
				},
				"power": 0.1,
				"gravity": 0.0,
				"inertia": 1.5,
				"uncertaintyBase": 0,
				"uncertaintyMultiplier": 0,
				"offset": [0, 0, 0],
				"reflectOnHurt": true
			},
			"minecraft:physics": {}
		}
	}
}