{
	"format_version": "1.12.0",
	"minecraft:entity": {
		"description": {
			"identifier": "bullet:m1897",
			"is_spawnable": false,
			"is_summonable": true,
			"is_experimental": false,
			"runtime_identifier": "minecraft:egg"
        },
		"components": {
			"minecraft:type_family": {
				"family": ["bullet"]
			},
			"minecraft:collision_box": {
				"width": 0.01,
				"height": 0.01
			},
            "minecraft:scale": {
              "value":0.6
            },
            "minecraft:explode": {
            "fuseLength": 0.8,
            "fuseLit": true,
            "power": 0,
            "causesFire": false
            },
			"minecraft:projectile": {
				"onHit": {
					"impact_damage": {
	    				"damage": [ 8, 10 ],
						"knockback": true
					}
				},
				"power": 4.5,
				"gravity": 0.0,
				"inertia": 0.7,
				"uncertaintyBase": 20,
				"uncertaintyMultiplier": 3,
				"offset": [0, 0, 0],
				"reflectOnHurt": true,
				"catch_fire": false
			},
			"minecraft:physics": {}
		}
	}
}