{
	"format_version": "1.10.0",
	"animation_controllers": {
		"controller.animation.parachute": {
			"states": {
                                                                                                               
				"default": {
					"transitions": [
						{
							"parachute_off": "query.mark_variant == 0 && query.variant == 1027 && query.is_on_ground"
						},
						{
							"parachute_on": "query.mark_variant == 0 && query.variant == 1027"
						}
					],
					"on_entry": [
						"@s mm"
					]
				},
				"parachute_on": {
					"transitions": [
						{
							"default": "(1.0)"
						}
					],
					"on_entry": [
	"/effect @s slow_falling 2 2 true"
					]
				},
				"parachute_off": {
					"transitions": [
						{
							"default": "(1.0)"
						}
					],
					"on_entry": [
	"/effect @s slow_falling 0 2 true"
                    ]
				}
			}
		}
	}
}