{
  "bomb.rpg": {
    "category": "neutral",
    "sounds": [
      "sounds/bomb/rpg"
    ]
  },
  "gun.ak47": {
    "category": "neutral",
    "sounds": [
      "sounds/gun/ak47"
    ]
  },
  "gun.m249": {
    "category": "neutral",
    "sounds": [
      "sounds/gun/m249"
    ]
  },
  "gun.p90": {
    "category": "neutral",
    "sounds": [
      {
        "name": "sounds/gun/p901"
      },
      {
        "name": "sounds/gun/p902"
      },
      {
        "name": "sounds/gun/p903"
      }
    ]
  },
  "gun.taser": {
    "category": "neutral",
    "sounds": [
      {
        "name": "sounds/gun/a1",
        "volume": 1.0
      },
      {
        "name": "sounds/gun/a2",
        "volume": 1.0
      },
      {
        "name": "sounds/gun/a3",
        "volume": 1.0
      },
      {
        "name": "sounds/gun/a4",
        "volume": 1.0
      },
      {
        "name": "sounds/gun/a5",
        "volume": 1.0
      },
      {
        "name": "sounds/gun/a6",
        "volume": 1.0
      }
    ]
  },
  "gun.a": {
    "category": "neutral",
    "sounds": [
      {
        "name": "sounds/gun/taser",
        "volume": 15.0
      }
    ]
  },
  "gun.aug": {
    "category": "neutral",
    "sounds": [
      "sounds/gun/aug"
    ]
  },
  "gun.laser": {
    "category": "neutral",
    "sounds": [
      "sounds/gun/laser"
    ]
  },
  "gun.dsword": {
    "category": "neutral",
    "sounds": [
      "sounds/gun/dsword"
    ]
  },
  "gun.flame": {
    "category": "neutral",
    "sounds": [
      {
        "name": "sounds/gun/flame1",
        "volume": 1.0
      },
      {
        "name": "sounds/gun/flame2",
        "volume": 0.2
      }
    ]
  },
  "gun.uzi": {
    "category": "neutral",
    "sounds": [
      "sounds/gun/uzi"
    ]
  },
  "gun.s686": {
    "category": "neutral",
    "sounds": [
      "sounds/gun/s686"
    ]
  },
  "gun.scar": {
    "category": "neutral",
    "sounds": [
      "sounds/gun/scar"
    ]
  },
  "gun.kar98k": {
    "category": "neutral",
    "sounds": [
      "sounds/gun/kar98k"
    ]
  },
  "gun.deagle": {
    "category": "neutral",
    "sounds": [
      "sounds/gun/deagle"
    ]
  },
  "gun.m1897": {
    "category": "neutral",
    "sounds": [
      "sounds/gun/m1897"
    ]
  },
  "gun.m16a4": {
    "category": "neutral",
    "sounds": [
      "sounds/gun/m16a4"
    ]
  },
  "gun.awm": {
    "category": "neutral",
    "sounds": [
      "sounds/gun/awm"
    ]
  }
}