{
	"format_version": "1.12.0",
	"minecraft:geometry": [
		{
			"description": {
				"identifier": "geometry.dr_es",
				"texture_width": 256,
				"texture_height": 256,
				"visible_bounds_width": 2,
				"visible_bounds_height": 3.5,
				"visible_bounds_offset": [0, 1.25, 0]
			},
			"bones": [
				{
					"name": "root",
					"pivot": [0, 0, 0]
				},
				{
					"name": "waist",
					"parent": "root",
					"pivot": [0, 12, 0]
				},
				{
					"name": "body",
					"parent": "waist",
					"pivot": [0, 18, 0],
					"cubes": [
						{
							"origin": [-4, 12, -2],
							"size": [8, 12, 4],
							"uv": {}
						}
					]
				},
				{
					"name": "Kirito",
					"parent": "body",
					"pivot": [0, 0, 0]
				},
				{
					"name": "DarkRepulser",
					"parent": "Kirito",
					"pivot": [-35, 27, 1],
					"rotation": [0, 0, 155]
				},
				{
					"name": "DRhilt",
					"parent": "DarkRepulser",
					"pivot": [-35, 27, 1],
					"cubes": [
						{
							"origin": [-40, -2, -2],
							"size": [10, 53, 6],
							"uv": {
								"north": {"uv": [66, 0], "uv_size": [10, 53]},
								"east": {"uv": [114, 0], "uv_size": [6, 53]},
								"south": {"uv": [66, 53], "uv_size": [10, 53]},
								"west": {"uv": [114, 53], "uv_size": [6, 53]},
								"up": {"uv": [164, 0], "uv_size": [10, 6]},
								"down": {"uv": [164, 35], "uv_size": [10, -6]}
							}
						},
						{
							"origin": [-39, -2, -3],
							"size": [8, 53, 8],
							"uv": {
								"north": {"uv": [100, 0], "uv_size": [8, 53]},
								"east": {"uv": [100, 53], "uv_size": [8, 53]},
								"south": {"uv": [66, 106], "uv_size": [8, 53]},
								"west": {"uv": [100, 106], "uv_size": [8, 53]},
								"up": {"uv": [159, 150], "uv_size": [8, 8]},
								"down": {"uv": [161, 87], "uv_size": [8, -8]}
							}
						},
						{
							"origin": [-40.5, 51, -2.5],
							"size": [11, 6, 7],
							"uv": {
								"north": {"uv": [159, 138], "uv_size": [11, 6]},
								"east": {"uv": [171, 43], "uv_size": [7, 6]},
								"south": {"uv": [159, 144], "uv_size": [11, 6]},
								"west": {"uv": [172, 49], "uv_size": [7, 6]},
								"up": {"uv": [153, 60], "uv_size": [11, 7]},
								"down": {"uv": [154, 15], "uv_size": [11, -7]}
							}
						},
						{
							"origin": [-39.5, 51, -3.5],
							"size": [9, 6, 9],
							"uv": {
								"north": {"uv": [164, 115], "uv_size": [9, 6]},
								"east": {"uv": [164, 158], "uv_size": [9, 6]},
								"south": {"uv": [164, 164], "uv_size": [9, 6]},
								"west": {"uv": [165, 6], "uv_size": [9, 6]},
								"up": {"uv": [150, 140], "uv_size": [9, 9]},
								"down": {"uv": [150, 158], "uv_size": [9, -9]}
							}
						},
						{
							"origin": [-40, 57, -4],
							"size": [10, 13, 10],
							"uv": {
								"north": {"uv": [120, 92], "uv_size": [10, 13]},
								"east": {"uv": [112, 121], "uv_size": [10, 13]},
								"south": {"uv": [122, 121], "uv_size": [10, 13]},
								"west": {"uv": [124, 0], "uv_size": [10, 13]},
								"up": {"uv": [140, 67], "uv_size": [10, 10]},
								"down": {"uv": [142, 101], "uv_size": [10, -10]}
							}
						},
						{
							"origin": [-41, -5, -3],
							"size": [12, 3, 8],
							"uv": {
								"north": {"uv": [177, 79], "uv_size": [12, 3]},
								"east": {"uv": [193, 148], "uv_size": [8, 3]},
								"south": {"uv": [178, 19], "uv_size": [12, 3]},
								"west": {"uv": [193, 183], "uv_size": [8, 3]},
								"up": {"uv": [144, 121], "uv_size": [12, 8]},
								"down": {"uv": [146, 28], "uv_size": [12, -8]}
							}
						},
						{
							"origin": [-40, -5, -4],
							"size": [10, 3, 10],
							"uv": {
								"north": {"uv": [184, 153], "uv_size": [10, 3]},
								"east": {"uv": [186, 70], "uv_size": [10, 3]},
								"south": {"uv": [186, 73], "uv_size": [10, 3]},
								"west": {"uv": [186, 76], "uv_size": [10, 3]},
								"up": {"uv": [144, 101], "uv_size": [10, 10]},
								"down": {"uv": [144, 121], "uv_size": [10, -10]}
							}
						},
						{
							"origin": [-39.5, -8, -3.5],
							"size": [9, 3, 9],
							"uv": {
								"north": {"uv": [190, 109], "uv_size": [9, 3]},
								"east": {"uv": [190, 112], "uv_size": [9, 3]},
								"south": {"uv": [190, 115], "uv_size": [9, 3]},
								"west": {"uv": [190, 118], "uv_size": [9, 3]},
								"up": {"uv": [146, 28], "uv_size": [9, 9]},
								"down": {"uv": [150, 76], "uv_size": [9, -9]}
							}
						},
						{
							"origin": [-40.5, -8, -2.5],
							"size": [11, 3, 7],
							"uv": {
								"north": {"uv": [182, 148], "uv_size": [11, 3]},
								"east": {"uv": [194, 137], "uv_size": [7, 3]},
								"south": {"uv": [183, 35], "uv_size": [11, 3]},
								"west": {"uv": [194, 153], "uv_size": [7, 3]},
								"up": {"uv": [154, 101], "uv_size": [11, 7]},
								"down": {"uv": [154, 115], "uv_size": [11, -7]}
							}
						},
						{
							"origin": [-38.5, -10, -2.5],
							"size": [7, 2, 7],
							"uv": {
								"north": {"uv": [152, 138], "uv_size": [7, 2]},
								"east": {"uv": [172, 55], "uv_size": [7, 2]},
								"south": {"uv": [202, 174], "uv_size": [7, 2]},
								"west": {"uv": [203, 54], "uv_size": [7, 2]},
								"up": {"uv": [165, 101], "uv_size": [7, 7]},
								"down": {"uv": [165, 115], "uv_size": [7, -7]}
							}
						},
						{
							"origin": [-39.5, -10, -1.5],
							"size": [9, 2, 5],
							"uv": {
								"north": {"uv": [200, 56], "uv_size": [9, 2]},
								"east": {"uv": [208, 86], "uv_size": [5, 2]},
								"south": {"uv": [201, 70], "uv_size": [9, 2]},
								"west": {"uv": [208, 143], "uv_size": [5, 2]},
								"up": {"uv": [170, 138], "uv_size": [9, 5]},
								"down": {"uv": [170, 148], "uv_size": [9, -5]}
							}
						},
						{
							"origin": [-42, 58, -4],
							"size": [2, 10, 10],
							"uv": {
								"north": {"uv": [166, 196], "uv_size": [2, 10]},
								"east": {"uv": [140, 142], "uv_size": [10, 10]},
								"south": {"uv": [168, 196], "uv_size": [2, 10]},
								"west": {"uv": [144, 0], "uv_size": [10, 10]},
								"up": {"uv": [170, 196], "uv_size": [2, 10]},
								"down": {"uv": [177, 207], "uv_size": [2, -10]}
							}
						},
						{
							"origin": [-30, 58, -4],
							"size": [2, 10, 10],
							"uv": {
								"north": {"uv": [174, 128], "uv_size": [2, 10]},
								"east": {"uv": [130, 142], "uv_size": [10, 10]},
								"south": {"uv": [143, 196], "uv_size": [2, 10]},
								"west": {"uv": [142, 130], "uv_size": [10, 10]},
								"up": {"uv": [154, 196], "uv_size": [2, 10]},
								"down": {"uv": [164, 206], "uv_size": [2, -10]}
							}
						},
						{
							"origin": [-60, 59, -0.5],
							"size": [19, 8, 3],
							"uv": {
								"north": {"uv": [120, 52], "uv_size": [19, 8]},
								"east": {"uv": [193, 79], "uv_size": [3, 8]},
								"south": {"uv": [120, 60], "uv_size": [19, 8]},
								"west": {"uv": [90, 193], "uv_size": [3, 8]},
								"up": {"uv": [163, 57], "uv_size": [19, 3]},
								"down": {"uv": [164, 38], "uv_size": [19, -3]}
							}
						},
						{
							"origin": [-28, 59, -0.5],
							"size": [10, 8, 3],
							"uv": {
								"north": {"uv": [153, 52], "uv_size": [10, 8]},
								"east": {"uv": [107, 193], "uv_size": [3, 8]},
								"south": {"uv": [154, 0], "uv_size": [10, 8]},
								"west": {"uv": [193, 156], "uv_size": [3, 8]},
								"up": {"uv": [184, 14], "uv_size": [10, 3]},
								"down": {"uv": [184, 140], "uv_size": [10, -3]}
							}
						},
						{
							"origin": [-57.7, 67, -0.5],
							"size": [3, 1, 3],
							"uv": {
								"north": {"uv": [175, 42], "uv_size": [3, 1]},
								"east": {"uv": [181, 12], "uv_size": [3, 1]},
								"south": {"uv": [185, 143], "uv_size": [3, 1]},
								"west": {"uv": [189, 25], "uv_size": [3, 1]},
								"up": {"uv": [202, 180], "uv_size": [3, 3]},
								"down": {"uv": [203, 63], "uv_size": [3, -3]}
							}
						},
						{
							"origin": [-57, 68, -0.5],
							"size": [1, 1, 3],
							"uv": {
								"north": {"uv": [138, 51], "uv_size": [1, 1]},
								"east": {"uv": [190, 165], "uv_size": [3, 1]},
								"south": {"uv": [139, 67], "uv_size": [1, 1]},
								"west": {"uv": [198, 145], "uv_size": [3, 1]},
								"up": {"uv": [206, 35], "uv_size": [1, 3]},
								"down": {"uv": [113, 218], "uv_size": [1, -3]}
							}
						},
						{
							"origin": [-61, 60, -0.5],
							"size": [1, 6, 3],
							"uv": {
								"north": {"uv": [171, 95], "uv_size": [1, 6]},
								"east": {"uv": [155, 28], "uv_size": [3, 6]},
								"south": {"uv": [186, 98], "uv_size": [1, 6]},
								"west": {"uv": [177, 73], "uv_size": [3, 6]},
								"up": {"uv": [155, 34], "uv_size": [1, 3]},
								"down": {"uv": [176, 89], "uv_size": [1, -3]}
							}
						},
						{
							"origin": [-62, 61, -0.5],
							"size": [1, 4, 3],
							"uv": {
								"north": {"uv": [177, 112], "uv_size": [1, 4]},
								"east": {"uv": [206, 155], "uv_size": [3, 4]},
								"south": {"uv": [185, 38], "uv_size": [1, 4]},
								"west": {"uv": [206, 166], "uv_size": [3, 4]},
								"up": {"uv": [189, 79], "uv_size": [1, 3]},
								"down": {"uv": [107, 193], "uv_size": [1, -3]}
							}
						}
					]
				},
				{
					"name": "DRblade",
					"parent": "DarkRepulser",
					"pivot": [-35, 27, 1],
					"cubes": [
						{
							"origin": [-36, 107.3, -0.5],
							"size": [-0.5, 2, 3],
							"uv": {
								"north": {"uv": [119, 216], "uv_size": [1, 2]},
								"east": {"uv": [213, 29], "uv_size": [3, 2]},
								"south": {"uv": [216, 119], "uv_size": [1, 2]},
								"west": {"uv": [213, 31], "uv_size": [3, 2]},
								"up": {"uv": [209, 215], "uv_size": [1, 3]},
								"down": {"uv": [210, 218], "uv_size": [1, -3]}
							}
						},
						{
							"origin": [-34, 92, -0.5],
							"size": [1, 2, 3],
							"uv": {
								"north": {"uv": [216, 90], "uv_size": [1, 2]},
								"east": {"uv": [212, 82], "uv_size": [3, 2]},
								"south": {"uv": [108, 216], "uv_size": [1, 2]},
								"west": {"uv": [212, 88], "uv_size": [3, 2]},
								"up": {"uv": [215, 155], "uv_size": [1, 3]},
								"down": {"uv": [162, 218], "uv_size": [1, -3]}
							}
						},
						{
							"origin": [-33.5, 107.3, -0.5],
							"size": [-0.5, 2, 3],
							"uv": {
								"north": {"uv": [216, 117], "uv_size": [1, 2]},
								"east": {"uv": [212, 161], "uv_size": [3, 2]},
								"south": {"uv": [118, 216], "uv_size": [1, 2]},
								"west": {"uv": [213, 17], "uv_size": [3, 2]},
								"up": {"uv": [215, 195], "uv_size": [1, 3]},
								"down": {"uv": [208, 218], "uv_size": [1, -3]}
							}
						},
						{
							"origin": [-36, 107, -0.5],
							"size": [2, 3, 3],
							"uv": {
								"north": {"uv": [210, 212], "uv_size": [2, 3]},
								"east": {"uv": [209, 88], "uv_size": [3, 3]},
								"south": {"uv": [212, 210], "uv_size": [2, 3]},
								"west": {"uv": [209, 91], "uv_size": [3, 3]},
								"up": {"uv": [213, 6], "uv_size": [2, 3]},
								"down": {"uv": [213, 17], "uv_size": [2, -3]}
							}
						},
						{
							"origin": [-34.25, 105.5, -0.5],
							"size": [-1.5, 1.5, 3],
							"uv": {
								"north": {"uv": [130, 140], "uv_size": [2, 2]},
								"east": {"uv": [212, 123], "uv_size": [3, 2]},
								"south": {"uv": [213, 184], "uv_size": [2, 2]},
								"west": {"uv": [212, 151], "uv_size": [3, 2]},
								"up": {"uv": [212, 153], "uv_size": [2, 3]},
								"down": {"uv": [208, 215], "uv_size": [2, -3]}
							}
						},
						{
							"origin": [-36.5, 105, -0.5],
							"size": [3, 0.5, 3],
							"uv": {
								"north": {"uv": [209, 83], "uv_size": [3, 1]},
								"east": {"uv": [209, 142], "uv_size": [3, 1]},
								"south": {"uv": [209, 169], "uv_size": [3, 1]},
								"west": {"uv": [211, 4], "uv_size": [3, 1]},
								"up": {"uv": [209, 42], "uv_size": [3, 3]},
								"down": {"uv": [209, 83], "uv_size": [3, -3]}
							}
						},
						{
							"origin": [-36.5, 104, -0.5],
							"size": [3, 1, 3],
							"uv": {
								"north": {"uv": [198, 180], "uv_size": [3, 1]},
								"east": {"uv": [201, 118], "uv_size": [3, 1]},
								"south": {"uv": [202, 69], "uv_size": [3, 1]},
								"west": {"uv": [203, 161], "uv_size": [3, 1]},
								"up": {"uv": [208, 192], "uv_size": [3, 3]},
								"down": {"uv": [209, 42], "uv_size": [3, -3]}
							}
						},
						{
							"origin": [-33.5, 104, -0.5],
							"size": [1, 2, 3],
							"uv": {
								"north": {"uv": [216, 109], "uv_size": [1, 2]},
								"east": {"uv": [212, 90], "uv_size": [3, 2]},
								"south": {"uv": [216, 111], "uv_size": [1, 2]},
								"west": {"uv": [212, 92], "uv_size": [3, 2]},
								"up": {"uv": [163, 215], "uv_size": [1, 3]},
								"down": {"uv": [215, 167], "uv_size": [1, -3]}
							}
						},
						{
							"origin": [-34, 96, -0.5],
							"size": [1, 2, 3],
							"uv": {
								"north": {"uv": [164, 65], "uv_size": [1, 2]},
								"east": {"uv": [212, 39], "uv_size": [3, 2]},
								"south": {"uv": [121, 168], "uv_size": [1, 2]},
								"west": {"uv": [212, 41], "uv_size": [3, 2]},
								"up": {"uv": [215, 119], "uv_size": [1, 3]},
								"down": {"uv": [215, 126], "uv_size": [1, -3]}
							}
						},
						{
							"origin": [-37, 92, -0.5],
							"size": [1, 2, 3],
							"uv": {
								"north": {"uv": [208, 151], "uv_size": [1, 2]},
								"east": {"uv": [212, 43], "uv_size": [3, 2]},
								"south": {"uv": [209, 45], "uv_size": [1, 2]},
								"west": {"uv": [212, 80], "uv_size": [3, 2]},
								"up": {"uv": [215, 132], "uv_size": [1, 3]},
								"down": {"uv": [215, 152], "uv_size": [1, -3]}
							}
						},
						{
							"origin": [-37.5, 104, -0.5],
							"size": [1, 2, 3],
							"uv": {
								"north": {"uv": [216, 113], "uv_size": [1, 2]},
								"east": {"uv": [212, 118], "uv_size": [3, 2]},
								"south": {"uv": [216, 115], "uv_size": [1, 2]},
								"west": {"uv": [212, 120], "uv_size": [3, 2]},
								"up": {"uv": [215, 167], "uv_size": [1, 3]},
								"down": {"uv": [215, 173], "uv_size": [1, -3]}
							}
						},
						{
							"origin": [-37, 96, -0.5],
							"size": [1, 2, 3],
							"uv": {
								"north": {"uv": [162, 50], "uv_size": [1, 2]},
								"east": {"uv": [203, 30], "uv_size": [3, 2]},
								"south": {"uv": [164, 6], "uv_size": [1, 2]},
								"west": {"uv": [212, 25], "uv_size": [3, 2]},
								"up": {"uv": [215, 116], "uv_size": [1, 3]},
								"down": {"uv": [117, 218], "uv_size": [1, -3]}
							}
						},
						{
							"origin": [-36, 92, -0.5],
							"size": [2, 6, 3],
							"uv": {
								"north": {"uv": [130, 134], "uv_size": [2, 6]},
								"east": {"uv": [200, 38], "uv_size": [3, 6]},
								"south": {"uv": [148, 152], "uv_size": [2, 6]},
								"west": {"uv": [200, 44], "uv_size": [3, 6]},
								"up": {"uv": [112, 118], "uv_size": [2, 3]},
								"down": {"uv": [203, 87], "uv_size": [2, -3]}
							}
						},
						{
							"origin": [-38, 98, -0.5],
							"size": [6, 6, 3],
							"uv": {
								"north": {"uv": [178, 13], "uv_size": [6, 6]},
								"east": {"uv": [200, 50], "uv_size": [3, 6]},
								"south": {"uv": [178, 42], "uv_size": [6, 6]},
								"west": {"uv": [80, 200], "uv_size": [3, 6]},
								"up": {"uv": [200, 89], "uv_size": [6, 3]},
								"down": {"uv": [200, 95], "uv_size": [6, -3]}
							}
						},
						{
							"origin": [-39, 80, -0.5],
							"size": [1, 10, 3],
							"uv": {
								"north": {"uv": [195, 208], "uv_size": [1, 10]},
								"east": {"uv": [177, 187], "uv_size": [3, 10]},
								"south": {"uv": [196, 208], "uv_size": [1, 10]},
								"west": {"uv": [187, 183], "uv_size": [3, 10]},
								"up": {"uv": [215, 176], "uv_size": [1, 3]},
								"down": {"uv": [177, 218], "uv_size": [1, -3]}
							}
						},
						{
							"origin": [-40, 84, -0.5],
							"size": [1, 5, 3],
							"uv": {
								"north": {"uv": [186, 156], "uv_size": [1, 5]},
								"east": {"uv": [203, 155], "uv_size": [3, 5]},
								"south": {"uv": [109, 213], "uv_size": [1, 5]},
								"west": {"uv": [204, 117], "uv_size": [3, 5]},
								"up": {"uv": [215, 183], "uv_size": [1, 3]},
								"down": {"uv": [215, 195], "uv_size": [1, -3]}
							}
						},
						{
							"origin": [-32, 80, -0.5],
							"size": [1, 10, 3],
							"uv": {
								"north": {"uv": [193, 208], "uv_size": [1, 10]},
								"east": {"uv": [171, 128], "uv_size": [3, 10]},
								"south": {"uv": [194, 208], "uv_size": [1, 10]},
								"west": {"uv": [187, 156], "uv_size": [3, 10]},
								"up": {"uv": [172, 215], "uv_size": [1, 3]},
								"down": {"uv": [215, 176], "uv_size": [1, -3]}
							}
						},
						{
							"origin": [-38, 75, -0.5],
							"size": [6, 17, 3],
							"uv": {
								"north": {"uv": [90, 133], "uv_size": [6, 17]},
								"east": {"uv": [156, 167], "uv_size": [3, 17]},
								"south": {"uv": [140, 20], "uv_size": [6, 17]},
								"west": {"uv": [159, 167], "uv_size": [3, 17]},
								"up": {"uv": [130, 102], "uv_size": [6, 3]},
								"down": {"uv": [165, 15], "uv_size": [6, -3]}
							}
						},
						{
							"origin": [-39, 73, -0.5],
							"size": [8, 2, 3],
							"uv": {
								"north": {"uv": [142, 140], "uv_size": [8, 2]},
								"east": {"uv": [171, 27], "uv_size": [3, 2]},
								"south": {"uv": [201, 139], "uv_size": [8, 2]},
								"west": {"uv": [172, 80], "uv_size": [3, 2]},
								"up": {"uv": [136, 116], "uv_size": [8, 3]},
								"down": {"uv": [193, 143], "uv_size": [8, -3]}
							}
						},
						{
							"origin": [-31, 84, -0.5],
							"size": [1, 5, 3],
							"uv": {
								"north": {"uv": [172, 110], "uv_size": [1, 5]},
								"east": {"uv": [137, 203], "uv_size": [3, 5]},
								"south": {"uv": [175, 116], "uv_size": [1, 5]},
								"west": {"uv": [140, 203], "uv_size": [3, 5]},
								"up": {"uv": [178, 215], "uv_size": [1, 3]},
								"down": {"uv": [182, 218], "uv_size": [1, -3]}
							}
						},
						{
							"origin": [-40.5, 68, -0.5],
							"size": [11, 5, 3],
							"uv": {
								"north": {"uv": [164, 38], "uv_size": [11, 5]},
								"east": {"uv": [66, 203], "uv_size": [3, 5]},
								"south": {"uv": [164, 60], "uv_size": [11, 5]},
								"west": {"uv": [126, 203], "uv_size": [3, 5]},
								"up": {"uv": [182, 29], "uv_size": [11, 3]},
								"down": {"uv": [182, 35], "uv_size": [11, -3]}
							}
						},
						{
							"origin": [-13, 85, 0],
							"size": [1, 6, 2],
							"uv": {
								"north": {"uv": [86, 213], "uv_size": [1, 6]},
								"east": {"uv": [206, 206], "uv_size": [2, 6]},
								"south": {"uv": [87, 213], "uv_size": [1, 6]},
								"west": {"uv": [207, 22], "uv_size": [2, 6]},
								"up": {"uv": [216, 176], "uv_size": [1, 2]},
								"down": {"uv": [216, 180], "uv_size": [1, -2]}
							}
						},
						{
							"origin": [-14, 84, 0],
							"size": [1, 10, 2],
							"uv": {
								"north": {"uv": [197, 208], "uv_size": [1, 10]},
								"east": {"uv": [179, 197], "uv_size": [2, 10]},
								"south": {"uv": [198, 208], "uv_size": [1, 10]},
								"west": {"uv": [183, 197], "uv_size": [2, 10]},
								"up": {"uv": [216, 164], "uv_size": [1, 2]},
								"down": {"uv": [216, 168], "uv_size": [1, -2]}
							}
						},
						{
							"origin": [-15, 82, 0],
							"size": [1, 13, 2],
							"uv": {
								"north": {"uv": [168, 65], "uv_size": [1, 13]},
								"east": {"uv": [182, 66], "uv_size": [2, 13]},
								"south": {"uv": [178, 125], "uv_size": [1, 13]},
								"west": {"uv": [88, 191], "uv_size": [2, 13]},
								"up": {"uv": [216, 153], "uv_size": [1, 2]},
								"down": {"uv": [216, 157], "uv_size": [1, -2]}
							}
						},
						{
							"origin": [-13, 103, 0],
							"size": [1, 2, 2],
							"uv": {
								"north": {"uv": [189, 216], "uv_size": [1, 2]},
								"east": {"uv": [214, 153], "uv_size": [2, 2]},
								"south": {"uv": [216, 190], "uv_size": [1, 2]},
								"west": {"uv": [214, 179], "uv_size": [2, 2]},
								"up": {"uv": [216, 192], "uv_size": [1, 2]},
								"down": {"uv": [216, 196], "uv_size": [1, -2]}
							}
						},
						{
							"origin": [-14, 101, 0],
							"size": [1, 4, 2],
							"uv": {
								"north": {"uv": [192, 25], "uv_size": [1, 4]},
								"east": {"uv": [64, 155], "uv_size": [2, 4]},
								"south": {"uv": [214, 68], "uv_size": [1, 4]},
								"west": {"uv": [159, 79], "uv_size": [2, 4]},
								"up": {"uv": [216, 172], "uv_size": [1, 2]},
								"down": {"uv": [216, 176], "uv_size": [1, -2]}
							}
						},
						{
							"origin": [-15, 98, 0],
							"size": [1, 6, 2],
							"uv": {
								"north": {"uv": [213, 63], "uv_size": [1, 6]},
								"east": {"uv": [170, 206], "uv_size": [2, 6]},
								"south": {"uv": [213, 69], "uv_size": [1, 6]},
								"west": {"uv": [206, 200], "uv_size": [2, 6]},
								"up": {"uv": [216, 168], "uv_size": [1, 2]},
								"down": {"uv": [216, 172], "uv_size": [1, -2]}
							}
						},
						{
							"origin": [-61, 80, 0],
							"size": [1, 5, 2],
							"uv": {
								"north": {"uv": [124, 213], "uv_size": [1, 5]},
								"east": {"uv": [162, 29], "uv_size": [2, 5]},
								"south": {"uv": [136, 213], "uv_size": [1, 5]},
								"west": {"uv": [208, 187], "uv_size": [2, 5]},
								"up": {"uv": [217, 2], "uv_size": [1, 2]},
								"down": {"uv": [217, 6], "uv_size": [1, -2]}
							}
						},
						{
							"origin": [-60, 77, 0],
							"size": [1, 12, 2],
							"uv": {
								"north": {"uv": [64, 207], "uv_size": [1, 12]},
								"east": {"uv": [62, 193], "uv_size": [2, 12]},
								"south": {"uv": [65, 207], "uv_size": [1, 12]},
								"west": {"uv": [86, 193], "uv_size": [2, 12]},
								"up": {"uv": [216, 216], "uv_size": [1, 2]},
								"down": {"uv": [217, 2], "uv_size": [1, -2]}
							}
						},
						{
							"origin": [-59, 72, 0],
							"size": [1, 23, 2],
							"uv": {
								"north": {"uv": [189, 193], "uv_size": [1, 23]},
								"east": {"uv": [62, 170], "uv_size": [2, 23]},
								"south": {"uv": [173, 194], "uv_size": [1, 23]},
								"west": {"uv": [108, 170], "uv_size": [2, 23]},
								"up": {"uv": [216, 214], "uv_size": [1, 2]},
								"down": {"uv": [215, 218], "uv_size": [1, -2]}
							}
						},
						{
							"origin": [-58, 69, 0],
							"size": [2, 30, 2],
							"uv": {
								"north": {"uv": [80, 160], "uv_size": [2, 30]},
								"east": {"uv": [82, 160], "uv_size": [2, 30]},
								"south": {"uv": [84, 160], "uv_size": [2, 30]},
								"west": {"uv": [112, 161], "uv_size": [2, 30]},
								"up": {"uv": [214, 181], "uv_size": [2, 2]},
								"down": {"uv": [214, 188], "uv_size": [2, -2]}
							}
						},
						{
							"origin": [-56, 67, 0],
							"size": [1, 37, 2],
							"uv": {
								"north": {"uv": [145, 169], "uv_size": [1, 37]},
								"east": {"uv": [74, 106], "uv_size": [2, 37]},
								"south": {"uv": [136, 176], "uv_size": [1, 37]},
								"west": {"uv": [64, 118], "uv_size": [2, 37]},
								"up": {"uv": [216, 212], "uv_size": [1, 2]},
								"down": {"uv": [214, 218], "uv_size": [1, -2]}
							}
						},
						{
							"origin": [-16, 80, 0],
							"size": [1, 23, 2],
							"uv": {
								"north": {"uv": [187, 193], "uv_size": [1, 23]},
								"east": {"uv": [58, 170], "uv_size": [2, 23]},
								"south": {"uv": [188, 193], "uv_size": [1, 23]},
								"west": {"uv": [60, 170], "uv_size": [2, 23]},
								"up": {"uv": [216, 147], "uv_size": [1, 2]},
								"down": {"uv": [216, 151], "uv_size": [1, -2]}
							}
						},
						{
							"origin": [-55, 67, 0],
							"size": [1, 36, 2],
							"uv": {
								"north": {"uv": [182, 179], "uv_size": [1, 36]},
								"east": {"uv": [74, 143], "uv_size": [2, 36]},
								"south": {"uv": [183, 104], "uv_size": [1, 36]},
								"west": {"uv": [94, 150], "uv_size": [2, 36]},
								"up": {"uv": [216, 208], "uv_size": [1, 2]},
								"down": {"uv": [216, 212], "uv_size": [1, -2]}
							}
						},
						{
							"origin": [-17, 79, 0],
							"size": [1, 23, 2],
							"uv": {
								"north": {"uv": [71, 192], "uv_size": [1, 23]},
								"east": {"uv": [92, 169], "uv_size": [2, 23]},
								"south": {"uv": [93, 192], "uv_size": [1, 23]},
								"west": {"uv": [56, 170], "uv_size": [2, 23]},
								"up": {"uv": [123, 216], "uv_size": [1, 2]},
								"down": {"uv": [216, 125], "uv_size": [1, -2]}
							}
						},
						{
							"origin": [-53, 74, 0],
							"size": [1, 27, 2],
							"uv": {
								"north": {"uv": [147, 187], "uv_size": [1, 27]},
								"east": {"uv": [114, 161], "uv_size": [2, 27]},
								"south": {"uv": [117, 188], "uv_size": [1, 27]},
								"west": {"uv": [116, 161], "uv_size": [2, 27]},
								"up": {"uv": [216, 200], "uv_size": [1, 2]},
								"down": {"uv": [216, 204], "uv_size": [1, -2]}
							}
						},
						{
							"origin": [-54, 71, 0],
							"size": [1, 31, 2],
							"uv": {
								"north": {"uv": [187, 98], "uv_size": [1, 31]},
								"east": {"uv": [72, 159], "uv_size": [2, 31]},
								"south": {"uv": [146, 187], "uv_size": [1, 31]},
								"west": {"uv": [106, 159], "uv_size": [2, 31]},
								"up": {"uv": [216, 204], "uv_size": [1, 2]},
								"down": {"uv": [216, 208], "uv_size": [1, -2]}
							}
						},
						{
							"origin": [-52, 77, 0],
							"size": [1, 24, 2],
							"uv": {
								"north": {"uv": [163, 191], "uv_size": [1, 24]},
								"east": {"uv": [70, 168], "uv_size": [2, 24]},
								"south": {"uv": [70, 192], "uv_size": [1, 24]},
								"west": {"uv": [90, 169], "uv_size": [2, 24]},
								"up": {"uv": [216, 196], "uv_size": [1, 2]},
								"down": {"uv": [216, 200], "uv_size": [1, -2]}
							}
						},
						{
							"origin": [-19, 75, 0],
							"size": [1, 26, 2],
							"uv": {
								"north": {"uv": [85, 190], "uv_size": [1, 26]},
								"east": {"uv": [146, 161], "uv_size": [2, 26]},
								"south": {"uv": [106, 190], "uv_size": [1, 26]},
								"west": {"uv": [86, 167], "uv_size": [2, 26]},
								"up": {"uv": [120, 216], "uv_size": [1, 2]},
								"down": {"uv": [121, 218], "uv_size": [1, -2]}
							}
						},
						{
							"origin": [-51, 79, 0],
							"size": [2, 21, 2],
							"uv": {
								"north": {"uv": [143, 175], "uv_size": [2, 21]},
								"east": {"uv": [175, 172], "uv_size": [2, 21]},
								"south": {"uv": [176, 0], "uv_size": [2, 21]},
								"west": {"uv": [176, 116], "uv_size": [2, 21]},
								"up": {"uv": [214, 96], "uv_size": [2, 2]},
								"down": {"uv": [214, 100], "uv_size": [2, -2]}
							}
						},
						{
							"origin": [-21, 79, 0],
							"size": [2, 21, 2],
							"uv": {
								"north": {"uv": [175, 95], "uv_size": [2, 21]},
								"east": {"uv": [137, 175], "uv_size": [2, 21]},
								"south": {"uv": [139, 175], "uv_size": [2, 21]},
								"west": {"uv": [141, 175], "uv_size": [2, 21]},
								"up": {"uv": [214, 23], "uv_size": [2, 2]},
								"down": {"uv": [214, 60], "uv_size": [2, -2]}
							}
						},
						{
							"origin": [-25, 99, 0],
							"size": [1, 1, 2],
							"uv": {
								"north": {"uv": [178, 48], "uv_size": [1, 1]},
								"east": {"uv": [142, 101], "uv_size": [2, 1]},
								"south": {"uv": [112, 191], "uv_size": [1, 1]},
								"west": {"uv": [150, 90], "uv_size": [2, 1]},
								"up": {"uv": [188, 216], "uv_size": [1, 2]},
								"down": {"uv": [216, 190], "uv_size": [1, -2]}
							}
						},
						{
							"origin": [-46, 99, 0],
							"size": [1, 1, 2],
							"uv": {
								"north": {"uv": [160, 128], "uv_size": [1, 1]},
								"east": {"uv": [138, 12], "uv_size": [2, 1]},
								"south": {"uv": [171, 49], "uv_size": [1, 1]},
								"west": {"uv": [140, 91], "uv_size": [2, 1]},
								"up": {"uv": [216, 140], "uv_size": [1, 2]},
								"down": {"uv": [216, 144], "uv_size": [1, -2]}
							}
						},
						{
							"origin": [-18, 77, 0],
							"size": [1, 24, 2],
							"uv": {
								"north": {"uv": [113, 191], "uv_size": [1, 24]},
								"east": {"uv": [88, 167], "uv_size": [2, 24]},
								"south": {"uv": [162, 191], "uv_size": [1, 24]},
								"west": {"uv": [162, 167], "uv_size": [2, 24]},
								"up": {"uv": [216, 121], "uv_size": [1, 2]},
								"down": {"uv": [122, 218], "uv_size": [1, -2]}
							}
						},
						{
							"origin": [-23, 81, 0],
							"size": [2, 18, 2],
							"uv": {
								"north": {"uv": [180, 86], "uv_size": [2, 18]},
								"east": {"uv": [180, 161], "uv_size": [2, 18]},
								"south": {"uv": [180, 179], "uv_size": [2, 18]},
								"west": {"uv": [181, 104], "uv_size": [2, 18]},
								"up": {"uv": [214, 12], "uv_size": [2, 2]},
								"down": {"uv": [214, 23], "uv_size": [2, -2]}
							}
						},
						{
							"origin": [-49, 81, 0],
							"size": [2, 18, 2],
							"uv": {
								"north": {"uv": [181, 122], "uv_size": [2, 18]},
								"east": {"uv": [182, 48], "uv_size": [2, 18]},
								"south": {"uv": [182, 86], "uv_size": [2, 18]},
								"west": {"uv": [182, 161], "uv_size": [2, 18]},
								"up": {"uv": [214, 84], "uv_size": [2, 2]},
								"down": {"uv": [214, 96], "uv_size": [2, -2]}
							}
						},
						{
							"origin": [-47, 83, 0],
							"size": [2, 16, 2],
							"uv": {
								"north": {"uv": [94, 186], "uv_size": [2, 16]},
								"east": {"uv": [100, 186], "uv_size": [2, 16]},
								"south": {"uv": [102, 186], "uv_size": [2, 16]},
								"west": {"uv": [104, 186], "uv_size": [2, 16]},
								"up": {"uv": [214, 72], "uv_size": [2, 2]},
								"down": {"uv": [214, 79], "uv_size": [2, -2]}
							}
						},
						{
							"origin": [-45, 99, 0],
							"size": [1, 3, 2],
							"uv": {
								"north": {"uv": [216, 11], "uv_size": [1, 3]},
								"east": {"uv": [213, 100], "uv_size": [2, 3]},
								"south": {"uv": [216, 16], "uv_size": [1, 3]},
								"west": {"uv": [213, 103], "uv_size": [2, 3]},
								"up": {"uv": [216, 186], "uv_size": [1, 2]},
								"down": {"uv": [187, 218], "uv_size": [1, -2]}
							}
						},
						{
							"origin": [-26, 99, 0],
							"size": [1, 3, 2],
							"uv": {
								"north": {"uv": [211, 215], "uv_size": [1, 3]},
								"east": {"uv": [213, 53], "uv_size": [2, 3]},
								"south": {"uv": [216, 8], "uv_size": [1, 3]},
								"west": {"uv": [213, 60], "uv_size": [2, 3]},
								"up": {"uv": [216, 136], "uv_size": [1, 2]},
								"down": {"uv": [216, 140], "uv_size": [1, -2]}
							}
						},
						{
							"origin": [-25, 83, 0],
							"size": [2, 16, 2],
							"uv": {
								"north": {"uv": [185, 183], "uv_size": [2, 16]},
								"east": {"uv": [186, 38], "uv_size": [2, 16]},
								"south": {"uv": [186, 54], "uv_size": [2, 16]},
								"west": {"uv": [186, 82], "uv_size": [2, 16]},
								"up": {"uv": [213, 194], "uv_size": [2, 2]},
								"down": {"uv": [214, 11], "uv_size": [2, -2]}
							}
						},
						{
							"origin": [-27, 99, 0],
							"size": [1, 6, 2],
							"uv": {
								"north": {"uv": [197, 166], "uv_size": [1, 6]},
								"east": {"uv": [154, 115], "uv_size": [2, 6]},
								"south": {"uv": [213, 45], "uv_size": [1, 6]},
								"west": {"uv": [168, 206], "uv_size": [2, 6]},
								"up": {"uv": [216, 132], "uv_size": [1, 2]},
								"down": {"uv": [216, 136], "uv_size": [1, -2]}
							}
						},
						{
							"origin": [-43, 99, 0],
							"size": [1, 9, 2],
							"uv": {
								"north": {"uv": [134, 209], "uv_size": [1, 9]},
								"east": {"uv": [199, 200], "uv_size": [2, 9]},
								"south": {"uv": [135, 209], "uv_size": [1, 9]},
								"west": {"uv": [201, 22], "uv_size": [2, 9]},
								"up": {"uv": [216, 180], "uv_size": [1, 2]},
								"down": {"uv": [181, 218], "uv_size": [1, -2]}
							}
						},
						{
							"origin": [-28, 99, 0],
							"size": [1, 9, 2],
							"uv": {
								"north": {"uv": [132, 209], "uv_size": [1, 9]},
								"east": {"uv": [185, 199], "uv_size": [2, 9]},
								"south": {"uv": [133, 209], "uv_size": [1, 9]},
								"west": {"uv": [200, 166], "uv_size": [2, 9]},
								"up": {"uv": [216, 128], "uv_size": [1, 2]},
								"down": {"uv": [216, 132], "uv_size": [1, -2]}
							}
						},
						{
							"origin": [-45, 84, 0],
							"size": [3, 15, 2],
							"uv": {
								"north": {"uv": [127, 170], "uv_size": [3, 15]},
								"east": {"uv": [188, 53], "uv_size": [2, 15]},
								"south": {"uv": [164, 170], "uv_size": [3, 15]},
								"west": {"uv": [188, 82], "uv_size": [2, 15]},
								"up": {"uv": [213, 75], "uv_size": [3, 2]},
								"down": {"uv": [213, 88], "uv_size": [3, -2]}
							}
						},
						{
							"origin": [-44, 99, 0],
							"size": [1, 6, 2],
							"uv": {
								"north": {"uv": [88, 213], "uv_size": [1, 6]},
								"east": {"uv": [207, 35], "uv_size": [2, 6]},
								"south": {"uv": [213, 94], "uv_size": [1, 6]},
								"west": {"uv": [207, 41], "uv_size": [2, 6]},
								"up": {"uv": [216, 182], "uv_size": [1, 2]},
								"down": {"uv": [216, 186], "uv_size": [1, -2]}
							}
						},
						{
							"origin": [-28, 84, 0],
							"size": [3, 15, 2],
							"uv": {
								"north": {"uv": [121, 170], "uv_size": [3, 15]},
								"east": {"uv": [94, 118], "uv_size": [2, 15]},
								"south": {"uv": [124, 170], "uv_size": [3, 15]},
								"west": {"uv": [188, 38], "uv_size": [2, 15]},
								"up": {"uv": [213, 33], "uv_size": [3, 2]},
								"down": {"uv": [213, 37], "uv_size": [3, -2]}
							}
						},
						{
							"origin": [-37, 351, 0],
							"size": [4, 4, 2],
							"pivot": [-35, 353, 1],
							"rotation": [0, 0, 45],
							"uv": {
								"north": {"uv": [154, 15], "uv_size": [4, 4]},
								"east": {"uv": [169, 128], "uv_size": [2, 4]},
								"south": {"uv": [201, 183], "uv_size": [4, 4]},
								"west": {"uv": [210, 135], "uv_size": [2, 4]},
								"up": {"uv": [209, 198], "uv_size": [4, 2]},
								"down": {"uv": [210, 11], "uv_size": [4, -2]}
							}
						},
						{
							"origin": [-32.1, 333.9, 0],
							"size": [4, 19, 2],
							"pivot": [-31, 335, 2],
							"rotation": [0, 0, -13],
							"uv": {
								"north": {"uv": [148, 158], "uv_size": [4, 19]},
								"east": {"uv": [179, 125], "uv_size": [2, 19]},
								"south": {"uv": [152, 158], "uv_size": [4, 19]},
								"west": {"uv": [180, 60], "uv_size": [2, 19]},
								"up": {"uv": [209, 157], "uv_size": [4, 2]},
								"down": {"uv": [209, 197], "uv_size": [4, -2]}
							}
						},
						{
							"origin": [-41.9, 333.9, 0],
							"size": [4, 19, 2],
							"pivot": [-39, 335, 1],
							"rotation": [0, 0, 13],
							"uv": {
								"north": {"uv": [90, 150], "uv_size": [4, 19]},
								"east": {"uv": [154, 177], "uv_size": [2, 19]},
								"south": {"uv": [158, 15], "uv_size": [4, 19]},
								"west": {"uv": [74, 179], "uv_size": [2, 19]},
								"up": {"uv": [170, 148], "uv_size": [4, 2]},
								"down": {"uv": [209, 150], "uv_size": [4, -2]}
							}
						},
						{
							"origin": [-38, 335, 0.001],
							"size": [6, 15, 1.99],
							"uv": {
								"north": {"uv": [80, 145], "uv_size": [6, 15]},
								"east": {"uv": [188, 97], "uv_size": [2, 15]},
								"south": {"uv": [112, 146], "uv_size": [6, 15]},
								"west": {"uv": [188, 112], "uv_size": [2, 15]},
								"up": {"uv": [184, 17], "uv_size": [6, 2]},
								"down": {"uv": [206, 163], "uv_size": [6, -2]}
							}
						},
						{
							"origin": [-42, 85, 0],
							"size": [14, 250, 2],
							"uv": {
								"north": {"uv": [0, 0], "uv_size": [14, 250]},
								"east": {"uv": [76, 0], "uv_size": [2, 250]},
								"south": {"uv": [14, 0], "uv_size": [14, 250]},
								"west": {"uv": [78, 0], "uv_size": [2, 250]},
								"up": {"uv": [187, 135], "uv_size": [14, 2]},
								"down": {"uv": [188, 70], "uv_size": [14, -2]}
							}
						}
					]
				},
				{
					"name": "ElucidatorSteel",
					"parent": "Kirito",
					"pivot": [26, 27, 0],
					"rotation": [0, 0, -155]
				},
				{
					"name": "EShilt",
					"parent": "ElucidatorSteel",
					"pivot": [26, 27, 0],
					"cubes": [
						{
							"origin": [22, -8, -4],
							"size": [8, 59, 8],
							"uv": {
								"north": {"uv": [80, 0], "uv_size": [8, 59]},
								"east": {"uv": [80, 59], "uv_size": [8, 59]},
								"south": {"uv": [88, 0], "uv_size": [8, 59]},
								"west": {"uv": [88, 59], "uv_size": [8, 59]},
								"up": {"uv": [130, 161], "uv_size": [8, 8]},
								"down": {"uv": [138, 169], "uv_size": [8, -8]}
							}
						},
						{
							"origin": [21, -8, -3],
							"size": [10, 59, 6],
							"uv": {
								"north": {"uv": [56, 0], "uv_size": [10, 59]},
								"east": {"uv": [108, 0], "uv_size": [6, 59]},
								"south": {"uv": [56, 59], "uv_size": [10, 59]},
								"west": {"uv": [108, 59], "uv_size": [6, 59]},
								"up": {"uv": [161, 95], "uv_size": [10, 6]},
								"down": {"uv": [161, 138], "uv_size": [10, -6]}
							}
						},
						{
							"origin": [21.5, 51, -4.5],
							"size": [9, 7, 9],
							"uv": {
								"north": {"uv": [162, 15], "uv_size": [9, 7]},
								"east": {"uv": [162, 22], "uv_size": [9, 7]},
								"south": {"uv": [162, 43], "uv_size": [9, 7]},
								"west": {"uv": [163, 50], "uv_size": [9, 7]},
								"up": {"uv": [152, 83], "uv_size": [9, 9]},
								"down": {"uv": [152, 101], "uv_size": [9, -9]}
							}
						},
						{
							"origin": [30.5, 51, -3.5],
							"size": [1, 7, 7],
							"uv": {
								"north": {"uv": [67, 212], "uv_size": [1, 7]},
								"east": {"uv": [167, 150], "uv_size": [7, 7]},
								"south": {"uv": [68, 212], "uv_size": [1, 7]},
								"west": {"uv": [169, 82], "uv_size": [7, 7]},
								"up": {"uv": [212, 135], "uv_size": [1, 7]},
								"down": {"uv": [212, 171], "uv_size": [1, -7]}
							}
						},
						{
							"origin": [30.5, -5, -3.5],
							"size": [1, 3, 7],
							"uv": {
								"north": {"uv": [216, 103], "uv_size": [1, 3]},
								"east": {"uv": [196, 60], "uv_size": [7, 3]},
								"south": {"uv": [106, 216], "uv_size": [1, 3]},
								"west": {"uv": [196, 84], "uv_size": [7, 3]},
								"up": {"uv": [212, 171], "uv_size": [1, 7]},
								"down": {"uv": [212, 185], "uv_size": [1, -7]}
							}
						},
						{
							"origin": [20.5, -5, -3.5],
							"size": [1, 3, 7],
							"uv": {
								"north": {"uv": [216, 106], "uv_size": [1, 3]},
								"east": {"uv": [196, 156], "uv_size": [7, 3]},
								"south": {"uv": [107, 216], "uv_size": [1, 3]},
								"west": {"uv": [196, 159], "uv_size": [7, 3]},
								"up": {"uv": [212, 200], "uv_size": [1, 7]},
								"down": {"uv": [202, 219], "uv_size": [1, -7]}
							}
						},
						{
							"origin": [20.5, -10, -3],
							"size": [1, 2, 7],
							"uv": {
								"north": {"uv": [217, 41], "uv_size": [1, 2]},
								"east": {"uv": [204, 20], "uv_size": [7, 2]},
								"south": {"uv": [217, 43], "uv_size": [1, 2]},
								"west": {"uv": [205, 164], "uv_size": [7, 2]},
								"up": {"uv": [203, 212], "uv_size": [1, 7]},
								"down": {"uv": [204, 219], "uv_size": [1, -7]}
							}
						},
						{
							"origin": [30.5, -10, -3.5],
							"size": [1, 2, 7],
							"uv": {
								"north": {"uv": [217, 45], "uv_size": [1, 2]},
								"east": {"uv": [206, 7], "uv_size": [7, 2]},
								"south": {"uv": [217, 47], "uv_size": [1, 2]},
								"west": {"uv": [206, 14], "uv_size": [7, 2]},
								"up": {"uv": [206, 212], "uv_size": [1, 7]},
								"down": {"uv": [207, 219], "uv_size": [1, -7]}
							}
						},
						{
							"origin": [20.5, 51, -3.5],
							"size": [1, 7, 7],
							"uv": {
								"north": {"uv": [168, 212], "uv_size": [1, 7]},
								"east": {"uv": [169, 121], "uv_size": [7, 7]},
								"south": {"uv": [169, 212], "uv_size": [1, 7]},
								"west": {"uv": [130, 169], "uv_size": [7, 7]},
								"up": {"uv": [170, 212], "uv_size": [1, 7]},
								"down": {"uv": [171, 219], "uv_size": [1, -7]}
							}
						},
						{
							"origin": [21.5, -5, -4.5],
							"size": [9, 3, 9],
							"uv": {
								"north": {"uv": [190, 121], "uv_size": [9, 3]},
								"east": {"uv": [190, 124], "uv_size": [9, 3]},
								"south": {"uv": [193, 9], "uv_size": [9, 3]},
								"west": {"uv": [193, 65], "uv_size": [9, 3]},
								"up": {"uv": [152, 129], "uv_size": [9, 9]},
								"down": {"uv": [130, 161], "uv_size": [9, -9]}
							}
						},
						{
							"origin": [21.5, -10, -4.5],
							"size": [9, 2, 9],
							"uv": {
								"north": {"uv": [201, 76], "uv_size": [9, 2]},
								"east": {"uv": [201, 78], "uv_size": [9, 2]},
								"south": {"uv": [201, 135], "uv_size": [9, 2]},
								"west": {"uv": [201, 137], "uv_size": [9, 2]},
								"up": {"uv": [139, 152], "uv_size": [9, 9]},
								"down": {"uv": [153, 52], "uv_size": [9, -9]}
							}
						},
						{
							"origin": [19, 75, -4],
							"size": [14, 1, 8],
							"uv": {
								"north": {"uv": [201, 150], "uv_size": [14, 1]},
								"east": {"uv": [209, 27], "uv_size": [8, 1]},
								"south": {"uv": [201, 197], "uv_size": [14, 1]},
								"west": {"uv": [209, 57], "uv_size": [8, 1]},
								"up": {"uv": [139, 59], "uv_size": [14, 8]},
								"down": {"uv": [140, 20], "uv_size": [14, -8]}
							}
						},
						{
							"origin": [21.5, 76, -2],
							"size": [9, 2, 4],
							"uv": {
								"north": {"uv": [201, 72], "uv_size": [9, 2]},
								"east": {"uv": [210, 208], "uv_size": [4, 2]},
								"south": {"uv": [201, 74], "uv_size": [9, 2]},
								"west": {"uv": [211, 0], "uv_size": [4, 2]},
								"up": {"uv": [179, 144], "uv_size": [9, 4]},
								"down": {"uv": [180, 26], "uv_size": [9, -4]}
							}
						},
						{
							"origin": [25.5, 148, -2],
							"size": [1, 1, 4],
							"uv": {
								"north": {"uv": [212, 185], "uv_size": [1, 1]},
								"east": {"uv": [154, 19], "uv_size": [4, 1]},
								"south": {"uv": [212, 207], "uv_size": [1, 1]},
								"west": {"uv": [156, 128], "uv_size": [4, 1]},
								"up": {"uv": [215, 108], "uv_size": [1, 4]},
								"down": {"uv": [215, 116], "uv_size": [1, -4]}
							}
						},
						{
							"origin": [24.5, 146, -2],
							"size": [3, 1, 4],
							"uv": {
								"north": {"uv": [216, 81], "uv_size": [3, 1]},
								"east": {"uv": [181, 143], "uv_size": [4, 1]},
								"south": {"uv": [216, 82], "uv_size": [3, 1]},
								"west": {"uv": [194, 16], "uv_size": [4, 1]},
								"up": {"uv": [177, 207], "uv_size": [3, 4]},
								"down": {"uv": [66, 212], "uv_size": [3, -4]}
							}
						},
						{
							"origin": [23, 78, -2],
							"size": [6, 7, 4],
							"uv": {
								"north": {"uv": [146, 83], "uv_size": [6, 7]},
								"east": {"uv": [190, 95], "uv_size": [4, 7]},
								"south": {"uv": [174, 22], "uv_size": [6, 7]},
								"west": {"uv": [190, 102], "uv_size": [4, 7]},
								"up": {"uv": [156, 195], "uv_size": [6, 4]},
								"down": {"uv": [195, 190], "uv_size": [6, -4]}
							}
						},
						{
							"origin": [22, 81, -2],
							"size": [1, 4, 4],
							"uv": {
								"north": {"uv": [147, 214], "uv_size": [1, 4]},
								"east": {"uv": [100, 202], "uv_size": [4, 4]},
								"south": {"uv": [215, 45], "uv_size": [1, 4]},
								"west": {"uv": [202, 166], "uv_size": [4, 4]},
								"up": {"uv": [215, 49], "uv_size": [1, 4]},
								"down": {"uv": [215, 57], "uv_size": [1, -4]}
							}
						},
						{
							"origin": [21, 85, -2],
							"size": [10, 2, 4],
							"uv": {
								"north": {"uv": [200, 16], "uv_size": [10, 2]},
								"east": {"uv": [211, 2], "uv_size": [4, 2]},
								"south": {"uv": [200, 18], "uv_size": [10, 2]},
								"west": {"uv": [211, 37], "uv_size": [4, 2]},
								"up": {"uv": [176, 82], "uv_size": [10, 4]},
								"down": {"uv": [176, 161], "uv_size": [10, -4]}
							}
						},
						{
							"origin": [24, 87, -2],
							"size": [4, 4, 4],
							"uv": {
								"north": {"uv": [203, 22], "uv_size": [4, 4]},
								"east": {"uv": [203, 26], "uv_size": [4, 4]},
								"south": {"uv": [203, 38], "uv_size": [4, 4]},
								"west": {"uv": [203, 42], "uv_size": [4, 4]},
								"up": {"uv": [203, 46], "uv_size": [4, 4]},
								"down": {"uv": [203, 54], "uv_size": [4, -4]}
							}
						},
						{
							"origin": [23, 88, -2],
							"size": [1, 3, 4],
							"uv": {
								"north": {"uv": [216, 87], "uv_size": [1, 3]},
								"east": {"uv": [122, 207], "uv_size": [4, 3]},
								"south": {"uv": [216, 94], "uv_size": [1, 3]},
								"west": {"uv": [207, 129], "uv_size": [4, 3]},
								"up": {"uv": [71, 215], "uv_size": [1, 4]},
								"down": {"uv": [215, 83], "uv_size": [1, -4]}
							}
						},
						{
							"origin": [22, 89, -2],
							"size": [1, 2, 4],
							"uv": {
								"north": {"uv": [217, 14], "uv_size": [1, 2]},
								"east": {"uv": [211, 133], "uv_size": [4, 2]},
								"south": {"uv": [217, 16], "uv_size": [1, 2]},
								"west": {"uv": [211, 145], "uv_size": [4, 2]},
								"up": {"uv": [215, 88], "uv_size": [1, 4]},
								"down": {"uv": [93, 219], "uv_size": [1, -4]}
							}
						},
						{
							"origin": [29, 89, -2],
							"size": [1, 2, 4],
							"uv": {
								"north": {"uv": [217, 18], "uv_size": [1, 2]},
								"east": {"uv": [211, 192], "uv_size": [4, 2]},
								"south": {"uv": [217, 20], "uv_size": [1, 2]},
								"west": {"uv": [212, 19], "uv_size": [4, 2]},
								"up": {"uv": [215, 100], "uv_size": [1, 4]},
								"down": {"uv": [215, 108], "uv_size": [1, -4]}
							}
						},
						{
							"origin": [24, 91, -2],
							"size": [4, 1, 4],
							"uv": {
								"north": {"uv": [128, 120], "uv_size": [4, 1]},
								"east": {"uv": [134, 12], "uv_size": [4, 1]},
								"south": {"uv": [146, 90], "uv_size": [4, 1]},
								"west": {"uv": [150, 76], "uv_size": [4, 1]},
								"up": {"uv": [203, 109], "uv_size": [4, 4]},
								"down": {"uv": [203, 117], "uv_size": [4, -4]}
							}
						},
						{
							"origin": [23, 92, -2],
							"size": [6, 2, 4],
							"uv": {
								"north": {"uv": [208, 58], "uv_size": [6, 2]},
								"east": {"uv": [211, 51], "uv_size": [4, 2]},
								"south": {"uv": [208, 84], "uv_size": [6, 2]},
								"west": {"uv": [211, 106], "uv_size": [4, 2]},
								"up": {"uv": [195, 190], "uv_size": [6, 4]},
								"down": {"uv": [195, 198], "uv_size": [6, -4]}
							}
						},
						{
							"origin": [25, 147, -2],
							"size": [2, 1, 4],
							"uv": {
								"north": {"uv": [213, 117], "uv_size": [2, 1]},
								"east": {"uv": [165, 78], "uv_size": [4, 1]},
								"south": {"uv": [213, 132], "uv_size": [2, 1]},
								"west": {"uv": [167, 157], "uv_size": [4, 1]},
								"up": {"uv": [177, 211], "uv_size": [2, 4]},
								"down": {"uv": [212, 25], "uv_size": [2, -4]}
							}
						},
						{
							"origin": [24, 94, -2],
							"size": [4, 52, 4],
							"uv": {
								"north": {"uv": [56, 118], "uv_size": [4, 52]},
								"east": {"uv": [60, 118], "uv_size": [4, 52]},
								"south": {"uv": [108, 118], "uv_size": [4, 52]},
								"west": {"uv": [120, 0], "uv_size": [4, 52]},
								"up": {"uv": [118, 203], "uv_size": [4, 4]},
								"down": {"uv": [122, 207], "uv_size": [4, -4]}
							}
						},
						{
							"origin": [28, 88, -2],
							"size": [1, 3, 4],
							"uv": {
								"north": {"uv": [216, 97], "uv_size": [1, 3]},
								"east": {"uv": [207, 132], "uv_size": [4, 3]},
								"south": {"uv": [216, 100], "uv_size": [1, 3]},
								"west": {"uv": [207, 145], "uv_size": [4, 3]},
								"up": {"uv": [81, 215], "uv_size": [1, 4]},
								"down": {"uv": [82, 219], "uv_size": [1, -4]}
							}
						},
						{
							"origin": [29, 81, -2],
							"size": [1, 4, 4],
							"uv": {
								"north": {"uv": [215, 60], "uv_size": [1, 4]},
								"east": {"uv": [202, 170], "uv_size": [4, 4]},
								"south": {"uv": [215, 64], "uv_size": [1, 4]},
								"west": {"uv": [202, 200], "uv_size": [4, 4]},
								"up": {"uv": [215, 68], "uv_size": [1, 4]},
								"down": {"uv": [69, 219], "uv_size": [1, -4]}
							}
						},
						{
							"origin": [22, 58, -4],
							"size": [8, 1, 8],
							"uv": {
								"north": {"uv": [120, 105], "uv_size": [8, 1]},
								"east": {"uv": [132, 91], "uv_size": [8, 1]},
								"south": {"uv": [136, 119], "uv_size": [8, 1]},
								"west": {"uv": [144, 129], "uv_size": [8, 1]},
								"up": {"uv": [161, 87], "uv_size": [8, 8]},
								"down": {"uv": [161, 132], "uv_size": [8, -8]}
							}
						},
						{
							"origin": [34, 63, -4],
							"size": [1, 9, 8],
							"uv": {
								"north": {"uv": [150, 209], "uv_size": [1, 9]},
								"east": {"uv": [156, 158], "uv_size": [8, 9]},
								"south": {"uv": [151, 209], "uv_size": [1, 9]},
								"west": {"uv": [64, 159], "uv_size": [8, 9]},
								"up": {"uv": [211, 19], "uv_size": [1, 8]},
								"down": {"uv": [211, 37], "uv_size": [1, -8]}
							}
						},
						{
							"origin": [19, 59, -4],
							"size": [14, 1, 8],
							"uv": {
								"north": {"uv": [124, 51], "uv_size": [14, 1]},
								"east": {"uv": [174, 34], "uv_size": [8, 1]},
								"south": {"uv": [199, 6], "uv_size": [14, 1]},
								"west": {"uv": [209, 5], "uv_size": [8, 1]},
								"up": {"uv": [138, 43], "uv_size": [14, 8]},
								"down": {"uv": [139, 59], "uv_size": [14, -8]}
							}
						},
						{
							"origin": [33, 60, -4],
							"size": [1, 15, 8],
							"uv": {
								"north": {"uv": [94, 202], "uv_size": [1, 15]},
								"east": {"uv": [132, 28], "uv_size": [8, 15]},
								"south": {"uv": [95, 202], "uv_size": [1, 15]},
								"west": {"uv": [132, 68], "uv_size": [8, 15]},
								"up": {"uv": [59, 211], "uv_size": [1, 8]},
								"down": {"uv": [80, 219], "uv_size": [1, -8]}
							}
						},
						{
							"origin": [18, 60, -4],
							"size": [1, 15, 8],
							"uv": {
								"north": {"uv": [60, 202], "uv_size": [1, 15]},
								"east": {"uv": [128, 105], "uv_size": [8, 15]},
								"south": {"uv": [61, 202], "uv_size": [1, 15]},
								"west": {"uv": [132, 13], "uv_size": [8, 15]},
								"up": {"uv": [57, 211], "uv_size": [1, 8]},
								"down": {"uv": [58, 219], "uv_size": [1, -8]}
							}
						},
						{
							"origin": [19, 60, -4],
							"size": [14, 15, 8],
							"uv": {
								"north": {"uv": [114, 106], "uv_size": [14, 15]},
								"east": {"uv": [124, 13], "uv_size": [8, 15]},
								"south": {"uv": [80, 118], "uv_size": [14, 15]},
								"west": {"uv": [124, 28], "uv_size": [8, 15]},
								"up": {"uv": [124, 43], "uv_size": [14, 8]},
								"down": {"uv": [132, 91], "uv_size": [14, -8]}
							}
						},
						{
							"origin": [17, 63, -4],
							"size": [1, 9, 8],
							"uv": {
								"north": {"uv": [148, 209], "uv_size": [1, 9]},
								"east": {"uv": [156, 34], "uv_size": [8, 9]},
								"south": {"uv": [149, 209], "uv_size": [1, 9]},
								"west": {"uv": [156, 115], "uv_size": [8, 9]},
								"up": {"uv": [152, 43], "uv_size": [1, 8]},
								"down": {"uv": [180, 112], "uv_size": [1, -8]}
							}
						},
						{
							"origin": [32, 65, -5],
							"size": [2, 3, 10],
							"uv": {
								"north": {"uv": [118, 213], "uv_size": [2, 3]},
								"east": {"uv": [188, 143], "uv_size": [10, 3]},
								"south": {"uv": [120, 213], "uv_size": [2, 3]},
								"west": {"uv": [188, 172], "uv_size": [10, 3]},
								"up": {"uv": [198, 166], "uv_size": [2, 10]},
								"down": {"uv": [193, 208], "uv_size": [2, -10]}
							}
						},
						{
							"origin": [27, 72, -5],
							"size": [3, 2, 10],
							"uv": {
								"north": {"uv": [213, 143], "uv_size": [3, 2]},
								"east": {"uv": [198, 178], "uv_size": [10, 2]},
								"south": {"uv": [213, 147], "uv_size": [3, 2]},
								"west": {"uv": [199, 0], "uv_size": [10, 2]},
								"up": {"uv": [190, 79], "uv_size": [3, 10]},
								"down": {"uv": [80, 200], "uv_size": [3, -10]}
							}
						},
						{
							"origin": [29, 70, -5],
							"size": [3, 2, 10],
							"uv": {
								"north": {"uv": [213, 135], "uv_size": [3, 2]},
								"east": {"uv": [198, 58], "uv_size": [10, 2]},
								"south": {"uv": [213, 137], "uv_size": [3, 2]},
								"west": {"uv": [198, 143], "uv_size": [10, 2]},
								"up": {"uv": [133, 189], "uv_size": [3, 10]},
								"down": {"uv": [190, 48], "uv_size": [3, -10]}
							}
						},
						{
							"origin": [31, 68, -5],
							"size": [2, 2, 10],
							"uv": {
								"north": {"uv": [214, 198], "uv_size": [2, 2]},
								"east": {"uv": [196, 162], "uv_size": [10, 2]},
								"south": {"uv": [214, 200], "uv_size": [2, 2]},
								"west": {"uv": [197, 129], "uv_size": [10, 2]},
								"up": {"uv": [199, 109], "uv_size": [2, 10]},
								"down": {"uv": [130, 209], "uv_size": [2, -10]}
							}
						},
						{
							"origin": [25, 73, -5],
							"size": [2, 2, 10],
							"uv": {
								"north": {"uv": [214, 202], "uv_size": [2, 2]},
								"east": {"uv": [199, 2], "uv_size": [10, 2]},
								"south": {"uv": [214, 204], "uv_size": [2, 2]},
								"west": {"uv": [199, 4], "uv_size": [10, 2]},
								"up": {"uv": [132, 199], "uv_size": [2, 10]},
								"down": {"uv": [134, 209], "uv_size": [2, -10]}
							}
						},
						{
							"origin": [23, 70, -6],
							"size": [6, 2, 12],
							"uv": {
								"north": {"uv": [206, 170], "uv_size": [6, 2]},
								"east": {"uv": [194, 36], "uv_size": [12, 2]},
								"south": {"uv": [206, 172], "uv_size": [6, 2]},
								"west": {"uv": [194, 95], "uv_size": [12, 2]},
								"up": {"uv": [159, 67], "uv_size": [6, 12]},
								"down": {"uv": [100, 171], "uv_size": [6, -12]}
							}
						},
						{
							"origin": [21, 62, -6],
							"size": [10, 3, 12],
							"uv": {
								"north": {"uv": [189, 22], "uv_size": [10, 3]},
								"east": {"uv": [181, 9], "uv_size": [12, 3]},
								"south": {"uv": [190, 17], "uv_size": [10, 3]},
								"west": {"uv": [181, 140], "uv_size": [12, 3]},
								"up": {"uv": [134, 0], "uv_size": [10, 12]},
								"down": {"uv": [112, 146], "uv_size": [10, -12]}
							}
						},
						{
							"origin": [20, 65, -6],
							"size": [12, 3, 12],
							"uv": {
								"north": {"uv": [180, 26], "uv_size": [12, 3]},
								"east": {"uv": [181, 0], "uv_size": [12, 3]},
								"south": {"uv": [181, 3], "uv_size": [12, 3]},
								"west": {"uv": [181, 6], "uv_size": [12, 3]},
								"up": {"uv": [120, 68], "uv_size": [12, 12]},
								"down": {"uv": [120, 92], "uv_size": [12, -12]}
							}
						},
						{
							"origin": [21, 68, -6],
							"size": [10, 2, 12],
							"uv": {
								"north": {"uv": [199, 80], "uv_size": [10, 2]},
								"east": {"uv": [194, 14], "uv_size": [12, 2]},
								"south": {"uv": [199, 82], "uv_size": [10, 2]},
								"west": {"uv": [194, 34], "uv_size": [12, 2]},
								"up": {"uv": [132, 130], "uv_size": [10, 12]},
								"down": {"uv": [80, 145], "uv_size": [10, -12]}
							}
						},
						{
							"origin": [25, 72, -6],
							"size": [2, 1, 12],
							"uv": {
								"north": {"uv": [154, 76], "uv_size": [2, 1]},
								"east": {"uv": [204, 122], "uv_size": [12, 1]},
								"south": {"uv": [171, 157], "uv_size": [2, 1]},
								"west": {"uv": [206, 159], "uv_size": [12, 1]},
								"up": {"uv": [175, 193], "uv_size": [2, 12]},
								"down": {"uv": [193, 198], "uv_size": [2, -12]}
							}
						},
						{
							"origin": [22, 72, -5],
							"size": [3, 2, 10],
							"uv": {
								"north": {"uv": [213, 139], "uv_size": [3, 2]},
								"east": {"uv": [198, 151], "uv_size": [10, 2]},
								"south": {"uv": [213, 141], "uv_size": [3, 2]},
								"west": {"uv": [198, 176], "uv_size": [10, 2]},
								"up": {"uv": [190, 48], "uv_size": [3, 10]},
								"down": {"uv": [190, 68], "uv_size": [3, -10]}
							}
						},
						{
							"origin": [20, 70, -5],
							"size": [3, 2, 10],
							"uv": {
								"north": {"uv": [213, 128], "uv_size": [3, 2]},
								"east": {"uv": [197, 131], "uv_size": [10, 2]},
								"south": {"uv": [213, 130], "uv_size": [3, 2]},
								"west": {"uv": [197, 133], "uv_size": [10, 2]},
								"up": {"uv": [114, 188], "uv_size": [3, 10]},
								"down": {"uv": [130, 199], "uv_size": [3, -10]}
							}
						},
						{
							"origin": [19, 68, -5],
							"size": [2, 2, 10],
							"uv": {
								"north": {"uv": [214, 188], "uv_size": [2, 2]},
								"east": {"uv": [196, 32], "uv_size": [10, 2]},
								"south": {"uv": [214, 190], "uv_size": [2, 2]},
								"west": {"uv": [196, 63], "uv_size": [10, 2]},
								"up": {"uv": [199, 22], "uv_size": [2, 10]},
								"down": {"uv": [199, 80], "uv_size": [2, -10]}
							}
						},
						{
							"origin": [18, 65, -5],
							"size": [2, 3, 10],
							"uv": {
								"north": {"uv": [213, 111], "uv_size": [2, 3]},
								"east": {"uv": [187, 166], "uv_size": [10, 3]},
								"south": {"uv": [213, 114], "uv_size": [2, 3]},
								"west": {"uv": [187, 169], "uv_size": [10, 3]},
								"up": {"uv": [74, 198], "uv_size": [2, 10]},
								"down": {"uv": [114, 208], "uv_size": [2, -10]}
							}
						},
						{
							"origin": [31, 62, -5],
							"size": [2, 3, 10],
							"uv": {
								"north": {"uv": [122, 213], "uv_size": [2, 3]},
								"east": {"uv": [188, 175], "uv_size": [10, 3]},
								"south": {"uv": [213, 125], "uv_size": [2, 3]},
								"west": {"uv": [188, 178], "uv_size": [10, 3]},
								"up": {"uv": [195, 198], "uv_size": [2, 10]},
								"down": {"uv": [197, 208], "uv_size": [2, -10]}
							}
						},
						{
							"origin": [19, 62, -5],
							"size": [2, 3, 10],
							"uv": {
								"north": {"uv": [107, 213], "uv_size": [2, 3]},
								"east": {"uv": [187, 129], "uv_size": [10, 3]},
								"south": {"uv": [213, 108], "uv_size": [2, 3]},
								"west": {"uv": [187, 132], "uv_size": [10, 3]},
								"up": {"uv": [198, 38], "uv_size": [2, 10]},
								"down": {"uv": [198, 58], "uv_size": [2, -10]}
							}
						},
						{
							"origin": [20, 60, -5],
							"size": [12, 2, 10],
							"uv": {
								"north": {"uv": [193, 87], "uv_size": [12, 2]},
								"east": {"uv": [144, 10], "uv_size": [10, 2]},
								"south": {"uv": [193, 164], "uv_size": [12, 2]},
								"west": {"uv": [196, 7], "uv_size": [10, 2]},
								"up": {"uv": [130, 92], "uv_size": [12, 10]},
								"down": {"uv": [132, 130], "uv_size": [12, -10]}
							}
						}
					]
				},
				{
					"name": "ESblade",
					"parent": "ElucidatorSteel",
					"pivot": [26, 78, 0],
					"cubes": [
						{
							"origin": [29.9, 330.9, -1.001],
							"size": [4, 22, 2.01],
							"pivot": [31, 335, -2],
							"rotation": [0, 0, -15.9],
							"uv": {
								"north": {"uv": [86, 145], "uv_size": [4, 22]},
								"east": {"uv": [110, 170], "uv_size": [2, 22]},
								"south": {"uv": [118, 146], "uv_size": [4, 22]},
								"west": {"uv": [173, 172], "uv_size": [2, 22]},
								"up": {"uv": [210, 12], "uv_size": [4, 2]},
								"down": {"uv": [210, 80], "uv_size": [4, -2]}
							}
						},
						{
							"origin": [19, 104, -1],
							"size": [14, 231, 2],
							"uv": {
								"north": {"uv": [28, 0], "uv_size": [14, 231]},
								"east": {"uv": [96, 0], "uv_size": [2, 231]},
								"south": {"uv": [42, 0], "uv_size": [14, 231]},
								"west": {"uv": [98, 0], "uv_size": [2, 231]},
								"up": {"uv": [188, 127], "uv_size": [14, 2]},
								"down": {"uv": [188, 148], "uv_size": [14, -2]}
							}
						},
						{
							"origin": [18, 317, -1],
							"size": [1, 18, 2],
							"uv": {
								"north": {"uv": [161, 199], "uv_size": [1, 18]},
								"east": {"uv": [183, 179], "uv_size": [2, 18]},
								"south": {"uv": [92, 201], "uv_size": [1, 18]},
								"west": {"uv": [184, 42], "uv_size": [2, 18]},
								"up": {"uv": [217, 22], "uv_size": [1, 2]},
								"down": {"uv": [217, 26], "uv_size": [1, -2]}
							}
						},
						{
							"origin": [17, 322, -1],
							"size": [1, 10, 2],
							"uv": {
								"north": {"uv": [209, 60], "uv_size": [1, 10]},
								"east": {"uv": [148, 199], "uv_size": [2, 10]},
								"south": {"uv": [209, 109], "uv_size": [1, 10]},
								"west": {"uv": [150, 199], "uv_size": [2, 10]},
								"up": {"uv": [217, 31], "uv_size": [1, 2]},
								"down": {"uv": [217, 35], "uv_size": [1, -2]}
							}
						},
						{
							"origin": [33, 317, -1],
							"size": [1, 18, 2],
							"uv": {
								"north": {"uv": [111, 201], "uv_size": [1, 18]},
								"east": {"uv": [184, 60], "uv_size": [2, 18]},
								"south": {"uv": [112, 201], "uv_size": [1, 18]},
								"west": {"uv": [184, 86], "uv_size": [2, 18]},
								"up": {"uv": [217, 26], "uv_size": [1, 2]},
								"down": {"uv": [217, 31], "uv_size": [1, -2]}
							}
						},
						{
							"origin": [34, 322, -1],
							"size": [1, 10, 2],
							"uv": {
								"north": {"uv": [130, 209], "uv_size": [1, 10]},
								"east": {"uv": [152, 199], "uv_size": [2, 10]},
								"south": {"uv": [131, 209], "uv_size": [1, 10]},
								"west": {"uv": [156, 199], "uv_size": [2, 10]},
								"up": {"uv": [217, 37], "uv_size": [1, 2]},
								"down": {"uv": [217, 41], "uv_size": [1, -2]}
							}
						},
						{
							"origin": [22, 76, -1],
							"size": [8, 5, 2],
							"uv": {
								"north": {"uv": [174, 29], "uv_size": [8, 5]},
								"east": {"uv": [208, 200], "uv_size": [2, 5]},
								"south": {"uv": [174, 148], "uv_size": [8, 5]},
								"west": {"uv": [208, 205], "uv_size": [2, 5]},
								"up": {"uv": [201, 153], "uv_size": [8, 2]},
								"down": {"uv": [201, 197], "uv_size": [8, -2]}
							}
						},
						{
							"origin": [19, 87, -1],
							"size": [14, 1, 2],
							"uv": {
								"north": {"uv": [202, 11], "uv_size": [14, 1]},
								"east": {"uv": [211, 108], "uv_size": [2, 1]},
								"south": {"uv": [203, 160], "uv_size": [14, 1]},
								"west": {"uv": [211, 147], "uv_size": [2, 1]},
								"up": {"uv": [188, 181], "uv_size": [14, 2]},
								"down": {"uv": [190, 22], "uv_size": [14, -2]}
							}
						},
						{
							"origin": [20, 88, -1],
							"size": [12, 2, 2],
							"uv": {
								"north": {"uv": [194, 97], "uv_size": [12, 2]},
								"east": {"uv": [215, 41], "uv_size": [2, 2]},
								"south": {"uv": [194, 99], "uv_size": [12, 2]},
								"west": {"uv": [215, 43], "uv_size": [2, 2]},
								"up": {"uv": [194, 101], "uv_size": [12, 2]},
								"down": {"uv": [194, 105], "uv_size": [12, -2]}
							}
						},
						{
							"origin": [20, 103, -1],
							"size": [12, 1, 2],
							"uv": {
								"north": {"uv": [206, 163], "uv_size": [12, 1]},
								"east": {"uv": [211, 194], "uv_size": [2, 1]},
								"south": {"uv": [207, 28], "uv_size": [12, 1]},
								"west": {"uv": [213, 56], "uv_size": [2, 1]},
								"up": {"uv": [194, 105], "uv_size": [12, 2]},
								"down": {"uv": [194, 109], "uv_size": [12, -2]}
							}
						},
						{
							"origin": [21, 90, -1],
							"size": [10, 3, 2],
							"uv": {
								"north": {"uv": [190, 89], "uv_size": [10, 3]},
								"east": {"uv": [213, 173], "uv_size": [2, 3]},
								"south": {"uv": [190, 92], "uv_size": [10, 3]},
								"west": {"uv": [213, 176], "uv_size": [2, 3]},
								"up": {"uv": [199, 123], "uv_size": [10, 2]},
								"down": {"uv": [199, 127], "uv_size": [10, -2]}
							}
						},
						{
							"origin": [21, 99, -1],
							"size": [10, 4, 2],
							"uv": {
								"north": {"uv": [174, 153], "uv_size": [10, 4]},
								"east": {"uv": [81, 211], "uv_size": [2, 4]},
								"south": {"uv": [175, 38], "uv_size": [10, 4]},
								"west": {"uv": [211, 129], "uv_size": [2, 4]},
								"up": {"uv": [199, 198], "uv_size": [10, 2]},
								"down": {"uv": [200, 14], "uv_size": [10, -2]}
							}
						},
						{
							"origin": [22, 93, -1],
							"size": [8, 6, 2],
							"uv": {
								"north": {"uv": [169, 89], "uv_size": [8, 6]},
								"east": {"uv": [118, 207], "uv_size": [2, 6]},
								"south": {"uv": [137, 169], "uv_size": [8, 6]},
								"west": {"uv": [120, 207], "uv_size": [2, 6]},
								"up": {"uv": [202, 9], "uv_size": [8, 2]},
								"down": {"uv": [202, 129], "uv_size": [8, -2]}
							}
						},
						{
							"origin": [30, 79, -1],
							"size": [2, 2, 2],
							"uv": {
								"north": {"uv": [214, 206], "uv_size": [2, 2]},
								"east": {"uv": [214, 208], "uv_size": [2, 2]},
								"south": {"uv": [214, 210], "uv_size": [2, 2]},
								"west": {"uv": [214, 212], "uv_size": [2, 2]},
								"up": {"uv": [214, 214], "uv_size": [2, 2]},
								"down": {"uv": [215, 2], "uv_size": [2, -2]}
							}
						},
						{
							"origin": [18, 81, -1],
							"size": [16, 6, 2],
							"uv": {
								"north": {"uv": [140, 37], "uv_size": [16, 6]},
								"east": {"uv": [207, 109], "uv_size": [2, 6]},
								"south": {"uv": [140, 77], "uv_size": [16, 6]},
								"west": {"uv": [207, 115], "uv_size": [2, 6]},
								"up": {"uv": [182, 151], "uv_size": [16, 2]},
								"down": {"uv": [184, 14], "uv_size": [16, -2]}
							}
						},
						{
							"origin": [20, 79, -1],
							"size": [2, 2, 2],
							"uv": {
								"north": {"uv": [215, 2], "uv_size": [2, 2]},
								"east": {"uv": [215, 6], "uv_size": [2, 2]},
								"south": {"uv": [215, 14], "uv_size": [2, 2]},
								"west": {"uv": [215, 25], "uv_size": [2, 2]},
								"up": {"uv": [215, 37], "uv_size": [2, 2]},
								"down": {"uv": [215, 41], "uv_size": [2, -2]}
							}
						},
						{
							"origin": [17, 82, -1],
							"size": [1, 5, 2],
							"uv": {
								"north": {"uv": [212, 213], "uv_size": [1, 5]},
								"east": {"uv": [209, 0], "uv_size": [2, 5]},
								"south": {"uv": [213, 213], "uv_size": [1, 5]},
								"west": {"uv": [209, 22], "uv_size": [2, 5]},
								"up": {"uv": [217, 6], "uv_size": [1, 2]},
								"down": {"uv": [217, 10], "uv_size": [1, -2]}
							}
						},
						{
							"origin": [34, 82, -1],
							"size": [1, 5, 2],
							"uv": {
								"north": {"uv": [214, 45], "uv_size": [1, 5]},
								"east": {"uv": [209, 29], "uv_size": [2, 5]},
								"south": {"uv": [214, 63], "uv_size": [1, 5]},
								"west": {"uv": [209, 34], "uv_size": [2, 5]},
								"up": {"uv": [217, 10], "uv_size": [1, 2]},
								"down": {"uv": [217, 14], "uv_size": [1, -2]}
							}
						},
						{
							"origin": [18.1, 330.9, -1.001],
							"size": [4, 22, 2.01],
							"pivot": [21, 335, -2],
							"rotation": [0, 0, 15.9],
							"uv": {
								"north": {"uv": [122, 148], "uv_size": [4, 22]},
								"east": {"uv": [174, 0], "uv_size": [2, 22]},
								"south": {"uv": [126, 148], "uv_size": [4, 22]},
								"west": {"uv": [175, 60], "uv_size": [2, 22]},
								"up": {"uv": [210, 186], "uv_size": [4, 2]},
								"down": {"uv": [210, 190], "uv_size": [4, -2]}
							}
						},
						{
							"origin": [24, 351, -1],
							"size": [4, 4, 2],
							"pivot": [26, 353, -2],
							"rotation": [0, 0, 45],
							"uv": {
								"north": {"uv": [201, 187], "uv_size": [4, 4]},
								"east": {"uv": [210, 200], "uv_size": [2, 4]},
								"south": {"uv": [201, 191], "uv_size": [4, 4]},
								"west": {"uv": [210, 204], "uv_size": [2, 4]},
								"up": {"uv": [210, 190], "uv_size": [4, 2]},
								"down": {"uv": [208, 212], "uv_size": [4, -2]}
							}
						},
						{
							"origin": [22, 335, -0.999],
							"size": [8, 14, 1.99],
							"uv": {
								"north": {"uv": [122, 134], "uv_size": [8, 14]},
								"east": {"uv": [72, 190], "uv_size": [2, 14]},
								"south": {"uv": [136, 102], "uv_size": [8, 14]},
								"west": {"uv": [83, 190], "uv_size": [2, 14]},
								"up": {"uv": [201, 141], "uv_size": [8, 2]},
								"down": {"uv": [201, 150], "uv_size": [8, -2]}
							}
						}
					]
				},
				{
					"name": "ESsides",
					"parent": "ElucidatorSteel",
					"pivot": [26, 67, 0]
				},
				{
					"name": "ESright",
					"parent": "ESsides",
					"pivot": [36, 68, 2],
					"rotation": [0, 180, 0],
					"cubes": [
						{
							"origin": [30, 62, 1.5],
							"size": [1, 11, 3],
							"uv": {
								"north": {"uv": [128, 208], "uv_size": [1, 11]},
								"east": {"uv": [118, 185], "uv_size": [3, 11]},
								"south": {"uv": [137, 208], "uv_size": [1, 11]},
								"west": {"uv": [121, 185], "uv_size": [3, 11]},
								"up": {"uv": [216, 51], "uv_size": [1, 3]},
								"down": {"uv": [216, 57], "uv_size": [1, -3]}
							}
						},
						{
							"origin": [30, 60, 2.5],
							"size": [1, 15, 1],
							"uv": {
								"north": {"uv": [62, 205], "uv_size": [1, 15]},
								"east": {"uv": [63, 205], "uv_size": [1, 15]},
								"south": {"uv": [175, 205], "uv_size": [1, 15]},
								"west": {"uv": [176, 205], "uv_size": [1, 15]},
								"up": {"uv": [209, 56], "uv_size": [1, 1]},
								"down": {"uv": [209, 127], "uv_size": [1, -1]}
							}
						},
						{
							"origin": [26, 61, 1.5],
							"size": [3, 13, 3],
							"uv": {
								"north": {"uv": [148, 177], "uv_size": [3, 13]},
								"east": {"uv": [151, 177], "uv_size": [3, 13]},
								"south": {"uv": [177, 161], "uv_size": [3, 13]},
								"west": {"uv": [177, 174], "uv_size": [3, 13]},
								"up": {"uv": [210, 63], "uv_size": [3, 3]},
								"down": {"uv": [210, 69], "uv_size": [3, -3]}
							}
						},
						{
							"origin": [26, 59, 2.5],
							"size": [3, 17, 1],
							"uv": {
								"north": {"uv": [118, 168], "uv_size": [3, 17]},
								"east": {"uv": [192, 201], "uv_size": [1, 17]},
								"south": {"uv": [169, 65], "uv_size": [3, 17]},
								"west": {"uv": [201, 200], "uv_size": [1, 17]},
								"up": {"uv": [216, 36], "uv_size": [3, 1]},
								"down": {"uv": [216, 59], "uv_size": [3, -1]}
							}
						},
						{
							"origin": [23, 60, 2.5],
							"size": [3, 15, 1],
							"uv": {
								"north": {"uv": [103, 171], "uv_size": [3, 15]},
								"east": {"uv": [205, 204], "uv_size": [1, 15]},
								"south": {"uv": [172, 65], "uv_size": [3, 15]},
								"west": {"uv": [56, 206], "uv_size": [1, 15]},
								"up": {"uv": [216, 59], "uv_size": [3, 1]},
								"down": {"uv": [216, 61], "uv_size": [3, -1]}
							}
						},
						{
							"origin": [20, 61, 2.5],
							"size": [3, 13, 1],
							"uv": {
								"north": {"uv": [178, 0], "uv_size": [3, 13]},
								"east": {"uv": [154, 206], "uv_size": [1, 13]},
								"south": {"uv": [178, 112], "uv_size": [3, 13]},
								"west": {"uv": [155, 206], "uv_size": [1, 13]},
								"up": {"uv": [216, 61], "uv_size": [3, 1]},
								"down": {"uv": [216, 63], "uv_size": [3, -1]}
							}
						},
						{
							"origin": [17, 62, 2.5],
							"size": [3, 11, 1],
							"uv": {
								"north": {"uv": [124, 185], "uv_size": [3, 11]},
								"east": {"uv": [138, 208], "uv_size": [1, 11]},
								"south": {"uv": [127, 185], "uv_size": [3, 11]},
								"west": {"uv": [139, 208], "uv_size": [1, 11]},
								"up": {"uv": [216, 63], "uv_size": [3, 1]},
								"down": {"uv": [216, 65], "uv_size": [3, -1]}
							}
						},
						{
							"origin": [14, 63, 2.5],
							"size": [3, 9, 1],
							"uv": {
								"north": {"uv": [190, 192], "uv_size": [3, 9]},
								"east": {"uv": [199, 209], "uv_size": [1, 9]},
								"south": {"uv": [193, 0], "uv_size": [3, 9]},
								"west": {"uv": [200, 209], "uv_size": [1, 9]},
								"up": {"uv": [216, 65], "uv_size": [3, 1]},
								"down": {"uv": [216, 67], "uv_size": [3, -1]}
							}
						},
						{
							"origin": [11, 64, 2.5],
							"size": [3, 7, 1],
							"uv": {
								"north": {"uv": [118, 196], "uv_size": [3, 7]},
								"east": {"uv": [212, 29], "uv_size": [1, 7]},
								"south": {"uv": [121, 196], "uv_size": [3, 7]},
								"west": {"uv": [66, 212], "uv_size": [1, 7]},
								"up": {"uv": [216, 67], "uv_size": [3, 1]},
								"down": {"uv": [216, 69], "uv_size": [3, -1]}
							}
						},
						{
							"origin": [8, 65, 2.5],
							"size": [3, 5, 1],
							"uv": {
								"north": {"uv": [206, 30], "uv_size": [3, 5]},
								"east": {"uv": [213, 198], "uv_size": [1, 5]},
								"south": {"uv": [57, 206], "uv_size": [3, 5]},
								"west": {"uv": [213, 203], "uv_size": [1, 5]},
								"up": {"uv": [216, 69], "uv_size": [3, 1]},
								"down": {"uv": [216, 71], "uv_size": [3, -1]}
							}
						},
						{
							"origin": [6, 66, 2.5],
							"size": [2, 3, 1],
							"uv": {
								"north": {"uv": [213, 167], "uv_size": [2, 3]},
								"east": {"uv": [70, 216], "uv_size": [1, 3]},
								"south": {"uv": [213, 170], "uv_size": [2, 3]},
								"west": {"uv": [216, 71], "uv_size": [1, 3]},
								"up": {"uv": [201, 31], "uv_size": [2, 1]},
								"down": {"uv": [201, 156], "uv_size": [2, -1]}
							}
						},
						{
							"origin": [23, 62, 1.5],
							"size": [3, 11, 3],
							"uv": {
								"north": {"uv": [164, 185], "uv_size": [3, 11]},
								"east": {"uv": [167, 185], "uv_size": [3, 11]},
								"south": {"uv": [170, 185], "uv_size": [3, 11]},
								"west": {"uv": [185, 172], "uv_size": [3, 11]},
								"up": {"uv": [210, 69], "uv_size": [3, 3]},
								"down": {"uv": [210, 75], "uv_size": [3, -3]}
							}
						},
						{
							"origin": [20, 63, 1.5],
							"size": [3, 9, 3],
							"uv": {
								"north": {"uv": [193, 25], "uv_size": [3, 9]},
								"east": {"uv": [193, 38], "uv_size": [3, 9]},
								"south": {"uv": [193, 47], "uv_size": [3, 9]},
								"west": {"uv": [56, 193], "uv_size": [3, 9]},
								"up": {"uv": [210, 75], "uv_size": [3, 3]},
								"down": {"uv": [86, 213], "uv_size": [3, -3]}
							}
						},
						{
							"origin": [17, 64, 1.5],
							"size": [3, 7, 3],
							"uv": {
								"north": {"uv": [124, 196], "uv_size": [3, 7]},
								"east": {"uv": [127, 196], "uv_size": [3, 7]},
								"south": {"uv": [137, 196], "uv_size": [3, 7]},
								"west": {"uv": [140, 196], "uv_size": [3, 7]},
								"up": {"uv": [210, 94], "uv_size": [3, 3]},
								"down": {"uv": [210, 100], "uv_size": [3, -3]}
							}
						},
						{
							"origin": [14, 65, 1.5],
							"size": [3, 5, 3],
							"uv": {
								"north": {"uv": [206, 60], "uv_size": [3, 5]},
								"east": {"uv": [206, 65], "uv_size": [3, 5]},
								"south": {"uv": [80, 206], "uv_size": [3, 5]},
								"west": {"uv": [206, 89], "uv_size": [3, 5]},
								"up": {"uv": [210, 100], "uv_size": [3, 3]},
								"down": {"uv": [210, 106], "uv_size": [3, -3]}
							}
						},
						{
							"origin": [11, 66, 1.5],
							"size": [3, 3, 3],
							"uv": {
								"north": {"uv": [107, 210], "uv_size": [3, 3]},
								"east": {"uv": [210, 109], "uv_size": [3, 3]},
								"south": {"uv": [210, 112], "uv_size": [3, 3]},
								"west": {"uv": [210, 115], "uv_size": [3, 3]},
								"up": {"uv": [122, 210], "uv_size": [3, 3]},
								"down": {"uv": [210, 129], "uv_size": [3, -3]}
							}
						},
						{
							"origin": [29, 60, 1.5],
							"size": [1, 15, 3],
							"uv": {
								"north": {"uv": [206, 94], "uv_size": [1, 15]},
								"east": {"uv": [172, 95], "uv_size": [3, 15]},
								"south": {"uv": [100, 206], "uv_size": [1, 15]},
								"west": {"uv": [173, 157], "uv_size": [3, 15]},
								"up": {"uv": [216, 75], "uv_size": [1, 3]},
								"down": {"uv": [216, 81], "uv_size": [1, -3]}
							}
						},
						{
							"origin": [29, 58, 2.5],
							"size": [1, 19, 1],
							"uv": {
								"north": {"uv": [116, 198], "uv_size": [1, 19]},
								"east": {"uv": [158, 199], "uv_size": [1, 19]},
								"south": {"uv": [159, 199], "uv_size": [1, 19]},
								"west": {"uv": [160, 199], "uv_size": [1, 19]},
								"up": {"uv": [209, 186], "uv_size": [1, 1]},
								"down": {"uv": [210, 20], "uv_size": [1, -1]}
							}
						},
						{
							"origin": [33, 65.5, 1.5],
							"size": [4, 4, 3],
							"uv": {
								"north": {"uv": [56, 202], "uv_size": [4, 4]},
								"east": {"uv": [207, 98], "uv_size": [3, 4]},
								"south": {"uv": [202, 65], "uv_size": [4, 4]},
								"west": {"uv": [207, 102], "uv_size": [3, 4]},
								"up": {"uv": [207, 51], "uv_size": [4, 3]},
								"down": {"uv": [207, 109], "uv_size": [4, -3]}
							}
						},
						{
							"origin": [35, 62, 2.5],
							"size": [2, 11, 1],
							"uv": {
								"north": {"uv": [196, 49], "uv_size": [2, 11]},
								"east": {"uv": [140, 208], "uv_size": [1, 11]},
								"south": {"uv": [64, 196], "uv_size": [2, 11]},
								"west": {"uv": [141, 208], "uv_size": [1, 11]},
								"up": {"uv": [207, 29], "uv_size": [2, 1]},
								"down": {"uv": [207, 122], "uv_size": [2, -1]}
							}
						},
						{
							"origin": [33, 63, 2.5],
							"size": [2, 9, 1],
							"uv": {
								"north": {"uv": [109, 201], "uv_size": [2, 9]},
								"east": {"uv": [90, 210], "uv_size": [1, 9]},
								"south": {"uv": [201, 109], "uv_size": [2, 9]},
								"west": {"uv": [91, 210], "uv_size": [1, 9]},
								"up": {"uv": [210, 118], "uv_size": [2, 1]},
								"down": {"uv": [211, 54], "uv_size": [2, -1]}
							}
						},
						{
							"origin": [32, 62, 2.5],
							"size": [1, 11, 1],
							"uv": {
								"north": {"uv": [142, 208], "uv_size": [1, 11]},
								"east": {"uv": [208, 176], "uv_size": [1, 11]},
								"south": {"uv": [185, 208], "uv_size": [1, 11]},
								"west": {"uv": [186, 208], "uv_size": [1, 11]},
								"up": {"uv": [212, 36], "uv_size": [1, 1]},
								"down": {"uv": [212, 126], "uv_size": [1, -1]}
							}
						},
						{
							"origin": [31, 63, 1.5],
							"size": [1, 9, 3],
							"uv": {
								"north": {"uv": [110, 210], "uv_size": [1, 9]},
								"east": {"uv": [193, 56], "uv_size": [3, 9]},
								"south": {"uv": [125, 210], "uv_size": [1, 9]},
								"west": {"uv": [59, 193], "uv_size": [3, 9]},
								"up": {"uv": [216, 84], "uv_size": [1, 3]},
								"down": {"uv": [85, 219], "uv_size": [1, -3]}
							}
						},
						{
							"origin": [31, 61, 2.5],
							"size": [1, 13, 1],
							"uv": {
								"north": {"uv": [164, 206], "uv_size": [1, 13]},
								"east": {"uv": [165, 206], "uv_size": [1, 13]},
								"south": {"uv": [166, 206], "uv_size": [1, 13]},
								"west": {"uv": [167, 206], "uv_size": [1, 13]},
								"up": {"uv": [212, 142], "uv_size": [1, 1]},
								"down": {"uv": [212, 157], "uv_size": [1, -1]}
							}
						}
					]
				},
				{
					"name": "ESleft",
					"parent": "ESsides",
					"pivot": [16, 68, 1],
					"cubes": [
						{
							"origin": [10, 62, -0.5],
							"size": [1, 11, 3],
							"uv": {
								"north": {"uv": [176, 161], "uv_size": [1, 11]},
								"east": {"uv": [184, 104], "uv_size": [3, 11]},
								"south": {"uv": [180, 207], "uv_size": [1, 11]},
								"west": {"uv": [184, 115], "uv_size": [3, 11]},
								"up": {"uv": [216, 19], "uv_size": [1, 3]},
								"down": {"uv": [216, 25], "uv_size": [1, -3]}
							}
						},
						{
							"origin": [10, 60, 0.5],
							"size": [1, 15, 1],
							"uv": {
								"north": {"uv": [129, 203], "uv_size": [1, 15]},
								"east": {"uv": [72, 204], "uv_size": [1, 15]},
								"south": {"uv": [73, 204], "uv_size": [1, 15]},
								"west": {"uv": [83, 204], "uv_size": [1, 15]},
								"up": {"uv": [203, 117], "uv_size": [1, 1]},
								"down": {"uv": [88, 205], "uv_size": [1, -1]}
							}
						},
						{
							"origin": [6, 61, -0.5],
							"size": [3, 13, 3],
							"uv": {
								"north": {"uv": [165, 65], "uv_size": [3, 13]},
								"east": {"uv": [130, 176], "uv_size": [3, 13]},
								"south": {"uv": [133, 176], "uv_size": [3, 13]},
								"west": {"uv": [177, 60], "uv_size": [3, 13]},
								"up": {"uv": [209, 119], "uv_size": [3, 3]},
								"down": {"uv": [209, 126], "uv_size": [3, -3]}
							}
						},
						{
							"origin": [6, 59, 0.5],
							"size": [3, 17, 1],
							"uv": {
								"north": {"uv": [64, 168], "uv_size": [3, 17]},
								"east": {"uv": [190, 201], "uv_size": [1, 17]},
								"south": {"uv": [67, 168], "uv_size": [3, 17]},
								"west": {"uv": [191, 201], "uv_size": [1, 17]},
								"up": {"uv": [214, 4], "uv_size": [3, 1]},
								"down": {"uv": [214, 75], "uv_size": [3, -1]}
							}
						},
						{
							"origin": [3, 60, 0.5],
							"size": [3, 15, 1],
							"uv": {
								"north": {"uv": [171, 12], "uv_size": [3, 15]},
								"east": {"uv": [84, 204], "uv_size": [1, 15]},
								"south": {"uv": [100, 171], "uv_size": [3, 15]},
								"west": {"uv": [89, 204], "uv_size": [1, 15]},
								"up": {"uv": [215, 83], "uv_size": [3, 1]},
								"down": {"uv": [215, 93], "uv_size": [3, -1]}
							}
						},
						{
							"origin": [0, 61, 0.5],
							"size": [3, 13, 1],
							"uv": {
								"north": {"uv": [177, 86], "uv_size": [3, 13]},
								"east": {"uv": [144, 206], "uv_size": [1, 13]},
								"south": {"uv": [177, 99], "uv_size": [3, 13]},
								"west": {"uv": [145, 206], "uv_size": [1, 13]},
								"up": {"uv": [215, 93], "uv_size": [3, 1]},
								"down": {"uv": [215, 127], "uv_size": [3, -1]}
							}
						},
						{
							"origin": [-3, 62, 0.5],
							"size": [3, 11, 1],
							"uv": {
								"north": {"uv": [64, 185], "uv_size": [3, 11]},
								"east": {"uv": [126, 208], "uv_size": [1, 11]},
								"south": {"uv": [67, 185], "uv_size": [3, 11]},
								"west": {"uv": [127, 208], "uv_size": [1, 11]},
								"up": {"uv": [215, 127], "uv_size": [3, 1]},
								"down": {"uv": [215, 146], "uv_size": [3, -1]}
							}
						},
						{
							"origin": [-6, 63, 0.5],
							"size": [3, 9, 1],
							"uv": {
								"north": {"uv": [190, 183], "uv_size": [3, 9]},
								"east": {"uv": [156, 209], "uv_size": [1, 9]},
								"south": {"uv": [110, 192], "uv_size": [3, 9]},
								"west": {"uv": [157, 209], "uv_size": [1, 9]},
								"up": {"uv": [215, 146], "uv_size": [3, 1]},
								"down": {"uv": [215, 153], "uv_size": [3, -1]}
							}
						},
						{
							"origin": [-9, 64, 0.5],
							"size": [3, 7, 1],
							"uv": {
								"north": {"uv": [196, 70], "uv_size": [3, 7]},
								"east": {"uv": [184, 172], "uv_size": [1, 7]},
								"south": {"uv": [196, 77], "uv_size": [3, 7]},
								"west": {"uv": [179, 211], "uv_size": [1, 7]},
								"up": {"uv": [215, 158], "uv_size": [3, 1]},
								"down": {"uv": [215, 162], "uv_size": [3, -1]}
							}
						},
						{
							"origin": [-12, 65, 0.5],
							"size": [3, 5, 1],
							"uv": {
								"north": {"uv": [205, 185], "uv_size": [3, 5]},
								"east": {"uv": [174, 213], "uv_size": [1, 5]},
								"south": {"uv": [205, 190], "uv_size": [3, 5]},
								"west": {"uv": [213, 179], "uv_size": [1, 5]},
								"up": {"uv": [215, 162], "uv_size": [3, 1]},
								"down": {"uv": [216, 36], "uv_size": [3, -1]}
							}
						},
						{
							"origin": [-14, 66, 0.5],
							"size": [2, 3, 1],
							"uv": {
								"north": {"uv": [213, 156], "uv_size": [2, 3]},
								"east": {"uv": [216, 45], "uv_size": [1, 3]},
								"south": {"uv": [213, 164], "uv_size": [2, 3]},
								"west": {"uv": [216, 48], "uv_size": [1, 3]},
								"up": {"uv": [198, 16], "uv_size": [2, 1]},
								"down": {"uv": [200, 176], "uv_size": [2, -1]}
							}
						},
						{
							"origin": [3, 62, -0.5],
							"size": [3, 11, 3],
							"uv": {
								"north": {"uv": [184, 126], "uv_size": [3, 11]},
								"east": {"uv": [156, 184], "uv_size": [3, 11]},
								"south": {"uv": [159, 184], "uv_size": [3, 11]},
								"west": {"uv": [184, 161], "uv_size": [3, 11]},
								"up": {"uv": [209, 139], "uv_size": [3, 3]},
								"down": {"uv": [209, 154], "uv_size": [3, -3]}
							}
						},
						{
							"origin": [0, 63, -0.5],
							"size": [3, 9, 3],
							"uv": {
								"north": {"uv": [179, 48], "uv_size": [3, 9]},
								"east": {"uv": [148, 190], "uv_size": [3, 9]},
								"south": {"uv": [151, 190], "uv_size": [3, 9]},
								"west": {"uv": [190, 156], "uv_size": [3, 9]},
								"up": {"uv": [209, 154], "uv_size": [3, 3]},
								"down": {"uv": [209, 169], "uv_size": [3, -3]}
							}
						},
						{
							"origin": [-3, 64, -0.5],
							"size": [3, 7, 3],
							"uv": {
								"north": {"uv": [156, 76], "uv_size": [3, 7]},
								"east": {"uv": [196, 0], "uv_size": [3, 7]},
								"south": {"uv": [196, 25], "uv_size": [3, 7]},
								"west": {"uv": [66, 196], "uv_size": [3, 7]},
								"up": {"uv": [209, 174], "uv_size": [3, 3]},
								"down": {"uv": [209, 180], "uv_size": [3, -3]}
							}
						},
						{
							"origin": [-6, 65, -0.5],
							"size": [3, 5, 3],
							"uv": {
								"north": {"uv": [202, 204], "uv_size": [3, 5]},
								"east": {"uv": [205, 84], "uv_size": [3, 5]},
								"south": {"uv": [86, 205], "uv_size": [3, 5]},
								"west": {"uv": [205, 180], "uv_size": [3, 5]},
								"up": {"uv": [209, 180], "uv_size": [3, 3]},
								"down": {"uv": [209, 186], "uv_size": [3, -3]}
							}
						},
						{
							"origin": [-9, 66, -0.5],
							"size": [3, 3, 3],
							"uv": {
								"north": {"uv": [202, 209], "uv_size": [3, 3]},
								"east": {"uv": [210, 16], "uv_size": [3, 3]},
								"south": {"uv": [210, 45], "uv_size": [3, 3]},
								"west": {"uv": [210, 48], "uv_size": [3, 3]},
								"up": {"uv": [210, 54], "uv_size": [3, 3]},
								"down": {"uv": [210, 63], "uv_size": [3, -3]}
							}
						},
						{
							"origin": [9, 60, -0.5],
							"size": [1, 15, 3],
							"uv": {
								"north": {"uv": [104, 202], "uv_size": [1, 15]},
								"east": {"uv": [167, 170], "uv_size": [3, 15]},
								"south": {"uv": [105, 202], "uv_size": [1, 15]},
								"west": {"uv": [170, 170], "uv_size": [3, 15]},
								"up": {"uv": [216, 29], "uv_size": [1, 3]},
								"down": {"uv": [216, 35], "uv_size": [1, -3]}
							}
						},
						{
							"origin": [9, 58, 0.5],
							"size": [1, 19, 1],
							"uv": {
								"north": {"uv": [174, 194], "uv_size": [1, 19]},
								"east": {"uv": [69, 196], "uv_size": [1, 19]},
								"south": {"uv": [172, 196], "uv_size": [1, 19]},
								"west": {"uv": [181, 197], "uv_size": [1, 19]},
								"up": {"uv": [205, 69], "uv_size": [1, 1]},
								"down": {"uv": [208, 89], "uv_size": [1, -1]}
							}
						},
						{
							"origin": [15, 62, 0.5],
							"size": [2, 11, 1],
							"uv": {
								"north": {"uv": [173, 110], "uv_size": [2, 11]},
								"east": {"uv": [183, 207], "uv_size": [1, 11]},
								"south": {"uv": [196, 38], "uv_size": [2, 11]},
								"west": {"uv": [184, 207], "uv_size": [1, 11]},
								"up": {"uv": [176, 21], "uv_size": [2, 1]},
								"down": {"uv": [176, 138], "uv_size": [2, -1]}
							}
						},
						{
							"origin": [12, 65.5, -0.5],
							"size": [5, 4, 3],
							"uv": {
								"north": {"uv": [156, 124], "uv_size": [5, 4]},
								"east": {"uv": [207, 47], "uv_size": [3, 4]},
								"south": {"uv": [199, 119], "uv_size": [5, 4]},
								"west": {"uv": [207, 94], "uv_size": [3, 4]},
								"up": {"uv": [164, 121], "uv_size": [5, 3]},
								"down": {"uv": [202, 148], "uv_size": [5, -3]}
							}
						},
						{
							"origin": [13, 63, 0.5],
							"size": [2, 9, 1],
							"uv": {
								"north": {"uv": [90, 201], "uv_size": [2, 9]},
								"east": {"uv": [152, 209], "uv_size": [1, 9]},
								"south": {"uv": [107, 201], "uv_size": [2, 9]},
								"west": {"uv": [153, 209], "uv_size": [1, 9]},
								"up": {"uv": [184, 78], "uv_size": [2, 1]},
								"down": {"uv": [184, 157], "uv_size": [2, -1]}
							}
						},
						{
							"origin": [12, 62, 0.5],
							"size": [1, 11, 1],
							"uv": {
								"north": {"uv": [74, 208], "uv_size": [1, 11]},
								"east": {"uv": [75, 208], "uv_size": [1, 11]},
								"south": {"uv": [114, 208], "uv_size": [1, 11]},
								"west": {"uv": [115, 208], "uv_size": [1, 11]},
								"up": {"uv": [92, 192], "uv_size": [1, 1]},
								"down": {"uv": [193, 35], "uv_size": [1, -1]}
							}
						},
						{
							"origin": [11, 61, 0.5],
							"size": [1, 13, 1],
							"uv": {
								"north": {"uv": [101, 206], "uv_size": [1, 13]},
								"east": {"uv": [102, 206], "uv_size": [1, 13]},
								"south": {"uv": [103, 206], "uv_size": [1, 13]},
								"west": {"uv": [143, 206], "uv_size": [1, 13]},
								"up": {"uv": [201, 145], "uv_size": [1, 1]},
								"down": {"uv": [201, 181], "uv_size": [1, -1]}
							}
						}
					]
				}
			]
		}
	]
}