{
  "format_version": "1.8.0",
  "minecraft:client_entity": {
    "description": {
      "identifier": "bullet:dsword",
      "materials": { "default": "slime" },
      "textures": {
        "default": "textures/dsword"
      },
      "geometry": {
        "default": "geometry.dsword"
      },
      "animations": {
        "move": "animation.dsword.move"
      },
      "animation_controllers": [
        { "move": "controller.animation.dsword.move" }
      ],
      "spawn_egg": {
        "texture": "spawn_egg",
        "texture_index": 99
      },
      "render_controllers": [ "controller.render.slime" ]
    }
  }
}