{
  "format_version": "1.8.0",
  "minecraft:client_entity": {
    "description": {
      "identifier": "bullet:laser",
      "materials": { "default": "slime" },
      "textures": {
        "default": "textures/bullet"
      },
      "geometry": {
        "default": "geometry.bullet"
      },
      "animations": {
        "default_leg_pose": "animation.spider.default_leg_pose",
        "look_at_target": "animation.spider.look_at_target",
        "walk": "animation.spider.walk"
      },
      "particle_effects": {
        "trail_effect": "xm:gun_laser_trail"
      },
      "animation_controllers": [
        { "move": "controller.animation.spider.move" },
        { "particles": "controller.animation.gun_laser.particles" }
      ],
      "spawn_egg": {
        "texture": "spawn_egg",
        "texture_index": 99
      },
      "render_controllers": [ "controller.render.slime" ]
    }
  }
}