{
  "format_version": "1.8.0",
  "minecraft:client_entity": {
    "description": {
      "identifier": "bullet:bat",
      "materials": { "default": "slime" },
      "textures": {
        "default": "textures/xmbat"
      },
      "geometry": {
        "default": "geometry.black_bat"
      },
      "animations": {
        "xmbat": "animation.xmbat",
        "walk": "animation.spider.walk"
      },
      "animation_controllers": [
        { "move": "controller.animation.spider.move" },
        { "xmbat": "controller.animation.xmbat" }
      ],
      "spawn_egg": {
        "texture": "spawn_egg",
        "texture_index": 99
      },
      "render_controllers": [ "controller.render.slime" ]
    }
  }
}