{
	"format_version": "1.8.0",
	"animations": {
		"animation.thepe.gear_d0": {
			"loop": true,
			"animation_length": 2.5,
			"bones": {
				"main_valve": {
					"position": {
						"0.0": {
							"post": [0, 0, 0],
							"lerp_mode": "catmullrom"
						},
						"0.5833": {
							"post": [0, 2.4, 9],
							"lerp_mode": "catmullrom"
						},
						"1.25": {
							"post": [0, 10, 7.2],
							"lerp_mode": "catmullrom"
						},
						"1.7917": {
							"post": [0, 7.7, -1.39],
							"lerp_mode": "catmullrom"
						},
						"2.5": {
							"post": [0, 0, 0],
							"lerp_mode": "catmullrom"
						}
					}
				},
				"front_wheels": {
					"rotation": {
						"0.0": [-360, 0, 0],
						"2.5": [0, 0, 0]
					}
				},
				"rear_wheels": {
					"rotation": {
						"0.0": [-360, 0, 0],
						"2.5": [0, 0, 0]
					}
				},
				"rear_wheels2": {
					"rotation": {
						"0.0": [-360, 0, 0],
						"2.5": [0, 0, 0]
					}
				},
				"main_wheels": {
					"rotation": {
						"0.0": [-360, 0, 0],
						"2.5": [0, 0, 0]
					}
				},
				"main_wheels2": {
					"rotation": {
						"0.0": [-360, 0, 0],
						"2.5": [0, 0, 0]
					}
				},
				"main_wheels3": {
					"rotation": {
						"0.0": [-360, 0, 0],
						"2.5": [0, 0, 0]
					}
				},
				"main_wheels4": {
					"rotation": {
						"0.0": [-360, 0, 0],
						"2.5": [0, 0, 0]
					}
				},
				"pump_valve": {
					"position": {
						"0.0": {
							"post": [0, 0, 0],
							"lerp_mode": "catmullrom"
						},
						"1.125": {
							"post": [0, 0, 7.4],
							"lerp_mode": "catmullrom"
						},
						"1.6667": {
							"post": [0, 0, 0.11],
							"lerp_mode": "catmullrom"
						},
						"2.2083": {
							"post": [0, 0, -0.55],
							"lerp_mode": "catmullrom"
						},
						"2.375": {
							"post": [0, 0, -0.49],
							"lerp_mode": "catmullrom"
						},
						"2.5": {
							"post": [0, 0, 0],
							"lerp_mode": "catmullrom"
						}
					}
				},
				"root1": {
					"rotation": {
						"0.0": {
							"post": [0, 0, 0],
							"lerp_mode": "catmullrom"
						},
						"0.4167": {
							"post": [-2.89, 0, 0],
							"lerp_mode": "catmullrom"
						},
						"0.8333": {
							"post": [-8.09, 0, 0],
							"lerp_mode": "catmullrom"
						},
						"1.25": {
							"post": [-19.38, 0, 0],
							"lerp_mode": "catmullrom"
						},
						"1.5417": {
							"post": [-16.72, 0, 0],
							"lerp_mode": "catmullrom"
						},
						"1.7917": {
							"post": [-14.61, 0, 0],
							"lerp_mode": "catmullrom"
						},
						"2.0833": {
							"post": [-10.56, 0, 0],
							"lerp_mode": "catmullrom"
						},
						"2.5": {
							"post": [0, 0, 0],
							"lerp_mode": "catmullrom"
						}
					},
					"position": {
						"0.0": {
							"post": [0, 0, 0],
							"lerp_mode": "catmullrom"
						},
						"0.4167": {
							"post": [0, 0, 7.03],
							"lerp_mode": "catmullrom"
						},
						"0.8333": {
							"post": [0, 0, 8.72],
							"lerp_mode": "catmullrom"
						},
						"1.25": {
							"post": [0, 0, 6.75],
							"lerp_mode": "catmullrom"
						},
						"1.5417": {
							"post": [0, 0, 3.1],
							"lerp_mode": "catmullrom"
						},
						"1.6667": {
							"post": [0, 0, 0],
							"lerp_mode": "catmullrom"
						},
						"2.5": {
							"post": [0, 0, 0],
							"lerp_mode": "catmullrom"
						}
					}
				},
				"root2": {
					"rotation": {
						"0.0": {
							"post": [-360, 0, 0],
							"lerp_mode": "catmullrom"
						},
						"2.5": {
							"post": [0, 0, 0],
							"lerp_mode": "catmullrom"
						}
					},
					"position": {
						"0.0": {
							"post": [0, 0, 0],
							"lerp_mode": "catmullrom"
						},
						"0.5833": {
							"post": [0, 2.4, 9],
							"lerp_mode": "catmullrom"
						},
						"1.25": {
							"post": [0, 10, 7.2],
							"lerp_mode": "catmullrom"
						},
						"1.7917": {
							"post": [0, 7.7, -1.39],
							"lerp_mode": "catmullrom"
						},
						"2.5": {
							"post": [0, 0, 0],
							"lerp_mode": "catmullrom"
						}
					}
				},
				"root4": {
					"rotation": {
						"0.0": {
							"post": [0, 0, 0],
							"lerp_mode": "catmullrom"
						},
						"0.1667": {
							"post": [47.04, 0, 0],
							"lerp_mode": "catmullrom"
						},
						"0.2917": {
							"post": [62.99, 0, 0],
							"lerp_mode": "catmullrom"
						},
						"0.4167": {
							"post": [70.22, 0, 0],
							"lerp_mode": "catmullrom"
						},
						"0.8333": {
							"post": [75.93, 0, 0],
							"lerp_mode": "catmullrom"
						},
						"1.0": {
							"post": [78.19, 0, 0],
							"lerp_mode": "catmullrom"
						},
						"1.125": {
							"post": [76.22, 0, 0],
							"lerp_mode": "catmullrom"
						},
						"1.25": {
							"post": [70.38, 0, 0],
							"lerp_mode": "catmullrom"
						},
						"1.4167": {
							"post": [65.23, 0, 0],
							"lerp_mode": "catmullrom"
						},
						"1.5417": {
							"post": [63.92, 0, 0],
							"lerp_mode": "catmullrom"
						},
						"1.7917": {
							"post": [69.15, 0, 0],
							"lerp_mode": "catmullrom"
						},
						"2.0833": {
							"post": [61.78, 0, 0],
							"lerp_mode": "catmullrom"
						},
						"2.2083": {
							"post": [56.37, 0, 0],
							"lerp_mode": "catmullrom"
						},
						"2.375": {
							"post": [39, 0, 0],
							"lerp_mode": "catmullrom"
						},
						"2.5": {
							"post": [0, 0, 0],
							"lerp_mode": "catmullrom"
						}
					},
					"position": {
						"0.0": {
							"post": [0, 0, 0],
							"lerp_mode": "catmullrom"
						},
						"0.1667": {
							"post": [0, -0.1, -2.75],
							"lerp_mode": "catmullrom"
						},
						"0.2917": {
							"post": [0, -0.17, -2.66],
							"lerp_mode": "catmullrom"
						},
						"0.4167": {
							"post": [0, 0.05, -2.28],
							"lerp_mode": "catmullrom"
						},
						"0.8333": {
							"post": [0, 0.08, -2.93],
							"lerp_mode": "catmullrom"
						},
						"1.125": {
							"post": [0, 0.12, -0.87],
							"lerp_mode": "catmullrom"
						},
						"1.25": {
							"post": [0, 0.13, 1.35],
							"lerp_mode": "catmullrom"
						},
						"1.5417": {
							"post": [0, 0.16, 2.83],
							"lerp_mode": "catmullrom"
						},
						"1.7917": {
							"post": [0, 0.18, 0.55],
							"lerp_mode": "catmullrom"
						},
						"2.375": {
							"post": [0, 0.2, -2],
							"lerp_mode": "catmullrom"
						},
						"2.5": {
							"post": [0, 0, 0],
							"lerp_mode": "catmullrom"
						}
					}
				},
				"root3": {
					"rotation": {
						"0.0": {
							"post": [0, 0, 0],
							"lerp_mode": "catmullrom"
						},
						"1.0": {
							"post": [25, 0, 0],
							"lerp_mode": "catmullrom"
						},
						"1.7917": {
							"post": [-1.27, 0, 0],
							"lerp_mode": "catmullrom"
						},
						"2.5": {
							"post": [0, 0, 0],
							"lerp_mode": "catmullrom"
						}
					},
					"position": {
						"0.0": {
							"post": [0, 0, 0],
							"lerp_mode": "catmullrom"
						},
						"0.1667": {
							"post": [0, 0.3, 0.45],
							"lerp_mode": "catmullrom"
						},
						"0.2917": {
							"post": [0, 0, 1.6],
							"lerp_mode": "catmullrom"
						},
						"0.4167": {
							"post": [0, -0.8, 2.75],
							"lerp_mode": "catmullrom"
						},
						"0.8333": {
							"post": [0, -2.6, 3.75],
							"lerp_mode": "catmullrom"
						},
						"1.0": {
							"post": [0, -2.9, 4],
							"lerp_mode": "catmullrom"
						},
						"1.25": {
							"post": [0, -1.9, 7.5],
							"lerp_mode": "catmullrom"
						},
						"1.5417": {
							"post": [0, 0.45, 7.73],
							"lerp_mode": "catmullrom"
						},
						"1.6667": {
							"post": [0, 2.06, 6.29],
							"lerp_mode": "catmullrom"
						},
						"1.7917": {
							"post": [0, 3.6, 5.07],
							"lerp_mode": "catmullrom"
						},
						"2.2083": {
							"post": [0, 2.9, 1.9],
							"lerp_mode": "catmullrom"
						},
						"2.5": {
							"post": [0, 0, 0],
							"lerp_mode": "catmullrom"
						}
					}
				},
				"pump": {
					"position": {
						"0.0": {
							"post": [0, 0, 0],
							"lerp_mode": "catmullrom"
						},
						"0.1667": {
							"post": [0, 0, -3.65],
							"lerp_mode": "catmullrom"
						},
						"0.2917": {
							"post": [0, 0, -3.7],
							"lerp_mode": "catmullrom"
						},
						"0.4167": {
							"post": [0, 0, -3.29],
							"lerp_mode": "catmullrom"
						},
						"0.5833": {
							"post": [0, 0, -3.6],
							"lerp_mode": "catmullrom"
						},
						"0.8333": {
							"post": [0, 0, -3.35],
							"lerp_mode": "catmullrom"
						},
						"1.0": {
							"post": [0, 0, -3.2],
							"lerp_mode": "catmullrom"
						},
						"1.125": {
							"post": [0, 0, -1.85],
							"lerp_mode": "catmullrom"
						},
						"1.25": {
							"post": [0, 0, 0.1],
							"lerp_mode": "catmullrom"
						},
						"1.5417": {
							"post": [0, 0, 1.8],
							"lerp_mode": "catmullrom"
						},
						"1.6667": {
							"post": [0, 0, 0.79],
							"lerp_mode": "catmullrom"
						},
						"2.0833": {
							"post": [0, 0, -1.12],
							"lerp_mode": "catmullrom"
						},
						"2.2083": {
							"post": [0, 0, -2.61],
							"lerp_mode": "catmullrom"
						},
						"2.375": {
							"post": [0, 0, -2.89],
							"lerp_mode": "catmullrom"
						},
						"2.5": {
							"post": [0, 0, 0],
							"lerp_mode": "catmullrom"
						}
					}
				},
				"root5": {
					"rotation": {
						"0.0": [0, 0, 0],
						"1.125": [30, 0, 0],
						"1.5417": [1, 0, 0],
						"1.7917": [0, 0, 0],
						"2.5": [0, 0, 0]
					},
					"position": {
						"0.0": [0, 0, 0],
						"1.125": [0, 0, 7],
						"1.5417": [0, 0, 1.88],
						"1.7917": [0, 0, -0.7],
						"2.375": [0, 0, -0.07],
						"2.5": [0, 0, 0]
					}
				},
				"root6": {
					"rotation": {
						"0.0": [0, 0, 0],
						"0.5833": [18, 0, 0],
						"1.125": [25, 0, 0],
						"1.7917": [1.14, 0, 0],
						"2.2083": [1, 0, 0],
						"2.375": [1, 0, 0],
						"2.5": [0, 0, 0]
					}
				},
				"root7": {
					"rotation": {
						"0.0": [0, 0, 0],
						"0.8333": [35.14, 0, 0],
						"1.125": [45, 0, 0],
						"1.25": [34.8, 0, 0],
						"1.5417": [9.4, 0, 0],
						"1.7917": [-6, 0, 0],
						"2.375": [-0.5, 0, 0],
						"2.5": [0, 0, 0]
					},
					"position": {
						"0.0": [0, 0, 0],
						"0.4167": [0, 0.2, 1.16],
						"0.8333": [0, 0.3, 1.83],
						"1.125": [0, 0.4, 2.3],
						"1.7917": [0, 0, 0],
						"2.5": [0, 0, 0]
					}
				},
				"main_valve2": {
					"position": {
						"0.0": {
							"post": [0, 0, 0],
							"lerp_mode": "catmullrom"
						},
						"0.5833": {
							"post": [0, 2.4, 9],
							"lerp_mode": "catmullrom"
						},
						"1.25": {
							"post": [0, 10, 7.2],
							"lerp_mode": "catmullrom"
						},
						"1.7917": {
							"post": [0, 7.7, -1.39],
							"lerp_mode": "catmullrom"
						},
						"2.5": {
							"post": [0, 0, 0],
							"lerp_mode": "catmullrom"
						}
					}
				},
				"pump2": {
					"position": {
						"0.0": {
							"post": [0, 0, 0],
							"lerp_mode": "catmullrom"
						},
						"0.1667": {
							"post": [0, 0, -3.65],
							"lerp_mode": "catmullrom"
						},
						"0.2917": {
							"post": [0, 0, -3.7],
							"lerp_mode": "catmullrom"
						},
						"0.4167": {
							"post": [0, 0, -3.29],
							"lerp_mode": "catmullrom"
						},
						"0.5833": {
							"post": [0, 0, -3.6],
							"lerp_mode": "catmullrom"
						},
						"0.8333": {
							"post": [0, 0, -3.35],
							"lerp_mode": "catmullrom"
						},
						"1.0": {
							"post": [0, 0, -3.2],
							"lerp_mode": "catmullrom"
						},
						"1.125": {
							"post": [0, 0, -1.85],
							"lerp_mode": "catmullrom"
						},
						"1.25": {
							"post": [0, 0, 0.1],
							"lerp_mode": "catmullrom"
						},
						"1.5417": {
							"post": [0, 0, 1.8],
							"lerp_mode": "catmullrom"
						},
						"1.6667": {
							"post": [0, 0, 0.79],
							"lerp_mode": "catmullrom"
						},
						"2.0833": {
							"post": [0, 0, -1.12],
							"lerp_mode": "catmullrom"
						},
						"2.2083": {
							"post": [0, 0, -2.61],
							"lerp_mode": "catmullrom"
						},
						"2.375": {
							"post": [0, 0, -2.89],
							"lerp_mode": "catmullrom"
						},
						"2.5": {
							"post": [0, 0, 0],
							"lerp_mode": "catmullrom"
						}
					}
				},
				"root8": {
					"rotation": {
						"0.0": {
							"post": [0, 0, 0],
							"lerp_mode": "catmullrom"
						},
						"0.4167": {
							"post": [-2.89, 0, 0],
							"lerp_mode": "catmullrom"
						},
						"0.8333": {
							"post": [-8.09, 0, 0],
							"lerp_mode": "catmullrom"
						},
						"1.25": {
							"post": [-19.38, 0, 0],
							"lerp_mode": "catmullrom"
						},
						"1.5417": {
							"post": [-16.72, 0, 0],
							"lerp_mode": "catmullrom"
						},
						"1.7917": {
							"post": [-14.61, 0, 0],
							"lerp_mode": "catmullrom"
						},
						"2.0833": {
							"post": [-10.56, 0, 0],
							"lerp_mode": "catmullrom"
						},
						"2.5": {
							"post": [0, 0, 0],
							"lerp_mode": "catmullrom"
						}
					},
					"position": {
						"0.0": {
							"post": [0, 0, 0],
							"lerp_mode": "catmullrom"
						},
						"0.4167": {
							"post": [0, 0, 7.03],
							"lerp_mode": "catmullrom"
						},
						"0.8333": {
							"post": [0, 0, 8.72],
							"lerp_mode": "catmullrom"
						},
						"1.25": {
							"post": [0, 0, 6.75],
							"lerp_mode": "catmullrom"
						},
						"1.5417": {
							"post": [0, 0, 3.1],
							"lerp_mode": "catmullrom"
						},
						"1.6667": {
							"post": [0, 0, 0],
							"lerp_mode": "catmullrom"
						},
						"2.5": {
							"post": [0, 0, 0],
							"lerp_mode": "catmullrom"
						}
					}
				},
				"root9": {
					"rotation": {
						"0.0": {
							"post": [-360, 0, 0],
							"lerp_mode": "catmullrom"
						},
						"2.5": {
							"post": [0, 0, 0],
							"lerp_mode": "catmullrom"
						}
					},
					"position": {
						"0.0": {
							"post": [0, 0, 0],
							"lerp_mode": "catmullrom"
						},
						"0.5833": {
							"post": [0, 2.4, 9],
							"lerp_mode": "catmullrom"
						},
						"1.25": {
							"post": [0, 10, 7.2],
							"lerp_mode": "catmullrom"
						},
						"1.7917": {
							"post": [0, 7.7, -1.39],
							"lerp_mode": "catmullrom"
						},
						"2.5": {
							"post": [0, 0, 0],
							"lerp_mode": "catmullrom"
						}
					}
				},
				"root10": {
					"rotation": {
						"0.0": {
							"post": [0, 0, 0],
							"lerp_mode": "catmullrom"
						},
						"1.0": {
							"post": [25, 0, 0],
							"lerp_mode": "catmullrom"
						},
						"1.7917": {
							"post": [-1.27, 0, 0],
							"lerp_mode": "catmullrom"
						},
						"2.5": {
							"post": [0, 0, 0],
							"lerp_mode": "catmullrom"
						}
					},
					"position": {
						"0.0": {
							"post": [0, 0, 0],
							"lerp_mode": "catmullrom"
						},
						"0.1667": {
							"post": [0, 0.3, 0.45],
							"lerp_mode": "catmullrom"
						},
						"0.2917": {
							"post": [0, 0, 1.6],
							"lerp_mode": "catmullrom"
						},
						"0.4167": {
							"post": [0, -0.8, 2.75],
							"lerp_mode": "catmullrom"
						},
						"0.8333": {
							"post": [0, -2.6, 3.75],
							"lerp_mode": "catmullrom"
						},
						"1.0": {
							"post": [0, -2.9, 4],
							"lerp_mode": "catmullrom"
						},
						"1.25": {
							"post": [0, -1.9, 7.5],
							"lerp_mode": "catmullrom"
						},
						"1.5417": {
							"post": [0, 0.45, 7.73],
							"lerp_mode": "catmullrom"
						},
						"1.6667": {
							"post": [0, 2.06, 6.29],
							"lerp_mode": "catmullrom"
						},
						"1.7917": {
							"post": [0, 3.6, 5.07],
							"lerp_mode": "catmullrom"
						},
						"2.2083": {
							"post": [0, 2.9, 1.9],
							"lerp_mode": "catmullrom"
						},
						"2.5": {
							"post": [0, 0, 0],
							"lerp_mode": "catmullrom"
						}
					}
				},
				"root11": {
					"rotation": {
						"0.0": {
							"post": [0, 0, 0],
							"lerp_mode": "catmullrom"
						},
						"0.1667": {
							"post": [47.04, 0, 0],
							"lerp_mode": "catmullrom"
						},
						"0.2917": {
							"post": [62.99, 0, 0],
							"lerp_mode": "catmullrom"
						},
						"0.4167": {
							"post": [70.22, 0, 0],
							"lerp_mode": "catmullrom"
						},
						"0.8333": {
							"post": [75.93, 0, 0],
							"lerp_mode": "catmullrom"
						},
						"1.0": {
							"post": [78.19, 0, 0],
							"lerp_mode": "catmullrom"
						},
						"1.125": {
							"post": [76.22, 0, 0],
							"lerp_mode": "catmullrom"
						},
						"1.25": {
							"post": [70.38, 0, 0],
							"lerp_mode": "catmullrom"
						},
						"1.4167": {
							"post": [65.23, 0, 0],
							"lerp_mode": "catmullrom"
						},
						"1.5417": {
							"post": [63.92, 0, 0],
							"lerp_mode": "catmullrom"
						},
						"1.7917": {
							"post": [69.15, 0, 0],
							"lerp_mode": "catmullrom"
						},
						"2.0833": {
							"post": [61.78, 0, 0],
							"lerp_mode": "catmullrom"
						},
						"2.2083": {
							"post": [56.37, 0, 0],
							"lerp_mode": "catmullrom"
						},
						"2.375": {
							"post": [39, 0, 0],
							"lerp_mode": "catmullrom"
						},
						"2.5": {
							"post": [0, 0, 0],
							"lerp_mode": "catmullrom"
						}
					},
					"position": {
						"0.0": {
							"post": [0, 0, 0],
							"lerp_mode": "catmullrom"
						},
						"0.1667": {
							"post": [0, -0.1, -2.75],
							"lerp_mode": "catmullrom"
						},
						"0.2917": {
							"post": [0, -0.17, -2.66],
							"lerp_mode": "catmullrom"
						},
						"0.4167": {
							"post": [0, 0.05, -2.28],
							"lerp_mode": "catmullrom"
						},
						"0.8333": {
							"post": [0, 0.08, -2.93],
							"lerp_mode": "catmullrom"
						},
						"1.125": {
							"post": [0, 0.12, -0.87],
							"lerp_mode": "catmullrom"
						},
						"1.25": {
							"post": [0, 0.13, 1.35],
							"lerp_mode": "catmullrom"
						},
						"1.5417": {
							"post": [0, 0.16, 2.83],
							"lerp_mode": "catmullrom"
						},
						"1.7917": {
							"post": [0, 0.18, 0.55],
							"lerp_mode": "catmullrom"
						},
						"2.375": {
							"post": [0, 0.2, -2],
							"lerp_mode": "catmullrom"
						},
						"2.5": {
							"post": [0, 0, 0],
							"lerp_mode": "catmullrom"
						}
					}
				},
				"root12": {
					"rotation": {
						"0.0": [0, 0, 0],
						"1.125": [30, 0, 0],
						"1.5417": [1, 0, 0],
						"1.7917": [0, 0, 0],
						"2.5": [0, 0, 0]
					},
					"position": {
						"0.0": [0, 0, 0],
						"1.125": [0, 0, 7],
						"1.5417": [0, 0, 1.88],
						"1.7917": [0, 0, -0.7],
						"2.375": [0, 0, -0.07],
						"2.5": [0, 0, 0]
					}
				},
				"root13": {
					"rotation": {
						"0.0": [0, 0, 0],
						"0.5833": [18, 0, 0],
						"1.125": [25, 0, 0],
						"1.7917": [1.14, 0, 0],
						"2.2083": [1, 0, 0],
						"2.375": [1, 0, 0],
						"2.5": [0, 0, 0]
					}
				},
				"root14": {
					"rotation": {
						"0.0": [0, 0, 0],
						"0.8333": [35.14, 0, 0],
						"1.125": [45, 0, 0],
						"1.25": [34.8, 0, 0],
						"1.5417": [9.4, 0, 0],
						"1.7917": [-6, 0, 0],
						"2.375": [-0.5, 0, 0],
						"2.5": [0, 0, 0]
					},
					"position": {
						"0.0": [0, 0, 0],
						"0.4167": [0, 0.2, 1.16],
						"0.8333": [0, 0.3, 1.83],
						"1.125": [0, 0.4, 2.3],
						"1.7917": [0, 0, 0],
						"2.5": [0, 0, 0]
					}
				},
				"pump_valve2": {
					"position": {
						"0.0": {
							"post": [0, 0, 0],
							"lerp_mode": "catmullrom"
						},
						"1.125": {
							"post": [0, 0, 7.4],
							"lerp_mode": "catmullrom"
						},
						"1.6667": {
							"post": [0, 0, 0.11],
							"lerp_mode": "catmullrom"
						},
						"2.2083": {
							"post": [0, 0, -0.55],
							"lerp_mode": "catmullrom"
						},
						"2.375": {
							"post": [0, 0, -0.49],
							"lerp_mode": "catmullrom"
						},
						"2.5": {
							"post": [0, 0, 0],
							"lerp_mode": "catmullrom"
						}
					}
				},
				"bell": {
					"rotation": {
						"0.0": [0, 0, 0],
						"0.4167": [-2.5, 0, 0],
						"1.0833": [5, 0, 0],
						"2.5": [0, 0, 0]
					}
				},
				"speedometer1": {
					"rotation": {
						"0.0": [0, 2.5, 70],
						"1.25": [0, 2.5, 82.5],
						"2.3333": [0, 2.5, 70]
					}
				},
				"speedometer2": {
					"rotation": {
						"0.0": [0, 12.5, 155],
						"0.9583": [0.87038, 12.42385, 165.03742],
						"1.375": [0, 12.5, 155],
						"1.9167": [0.87038, 12.42385, 165.03742],
						"2.2083": [0.87038, 12.42385, 165.03742],
						"2.5": [0, 12.5, 155]
					}
				},
				"speedometer3": {
					"rotation": {
						"0.0": [0, 0, 55],
						"0.4167": [0, 0, 57.5],
						"1.0833": [0, 0, 64.04],
						"1.5": [0, 0, 57.5],
						"2.2083": [0, 0, 64.04],
						"2.5": [0, 0, 55]
					}
				},
				"speedometer4": {
					"rotation": {
						"0.0": [0, 0, 72.5],
						"0.2917": [0, 0, 65],
						"0.9583": [0, 0, 100],
						"1.6667": [0, 0, 77.5],
						"2.3333": [0, 0, 87.5],
						"2.5": [0, 0, 72.5]
					}
				},
				"fire": {
					"position": {
						"0.0": [-0.8, -0.5, 0],
						"0.7083": {"pre": [-0.8, -0.5, 0], "post": [0.6, -0.5, 0]},
						"1.0833": {"pre": [0.6, -0.5, 0], "post": [0.6, -1, 0]},
						"1.9167": {"pre": [0.6, -1, 0], "post": [0.6, 0.3, 0]},
						"2.5": {"pre": [0.6, 0.3, 0], "post": [-0.8, -0.5, 0]}
					}
				},
				"fire2": {
					"position": {
						"0.0": [0, 0, 0],
						"0.4167": {"pre": [0, 0, 0], "post": [0, -1, 0]},
						"1.0833": {"pre": [0, -1, 0], "post": [-1, -0.69, 0]},
						"1.6667": {"pre": [-1, -0.69, 0], "post": [1.94, -1.48, 0]},
						"2.5": {"pre": [1.94, -1.48, 0], "post": [0, 0, 0]}
					}
				},
				"drive": {
					"rotation": {
						"0.0": [0, 12.5, 0],
						"2.5": [0, 12.5, 0]
					}
				},
				"train": {
					"rotation": {
						"0.0": [0, 0, 0],
						"0.9583": [-0.05, 0, 0.1],
						"2.5": [0, 0, 0]
					}
				},
				"wheels1": {
					"rotation": {
						"0.0": [-360, 0, 0],
						"2.5": [0, 0, 0]
					}
				},
				"wheels2": {
					"rotation": {
						"0.0": [-360, 0, 0],
						"2.5": [0, 0, 0]
					}
				},
				"wheels3": {
					"rotation": {
						"0.0": [-360, 0, 0],
						"2.5": [0, 0, 0]
					}
				},
				"wheels4": {
					"rotation": {
						"0.0": [-360, 0, 0],
						"2.5": [0, 0, 0]
					}
				},
				"wheels5": {
					"rotation": {
						"0.0": [-360, 0, 0],
						"2.5": [0, 0, 0]
					}
				},
				"wheels6": {
					"rotation": {
						"0.0": [-360, 0, 0],
						"2.5": [0, 0, 0]
					}
				},
				"mainbody": {
					"rotation": {
						"0.0": [0, 0, 0],
						"1.5": [0.05, 0, -0.1],
						"2.5": [0, 0, 0]
					}
				},
				"mainbody2": {
					"rotation": {
						"0.4167": [0, 0, 0],
						"2.0833": [0.05, 0, -0.1],
						"2.5": [0, 0, 0]
					}
				},
				"right1": {
					"rotation": {
						"1.6667": [0, 0, 0],
						"2.0833": {"pre": [0, 0, 0], "post": [0, 5, 0]}
					},
					"position": {
						"1.4583": [0, 0, 0],
						"1.5833": {"pre": [0, 0, 0], "post": [-0.37, -3, 19.75]},
						"1.9167": {"pre": [-0.37, -3, 19.75], "post": [11, -2, 3]},
						"2.4583": [11, -2, -15]
					},
					"scale": {
						"2.0833": [1, 1, 1],
						"2.4583": [1, 0.12, 1]
					}
				},
				"left1": {
					"rotation": {
						"1.6667": [0, 0, 0],
						"2.0833": {"pre": [0, 0, 0], "post": [0, -5, 0]}
					},
					"position": {
						"1.4583": [0, 0, 0],
						"1.5833": {"pre": [0, 0, 0], "post": [0.37, -3, 19.75]},
						"1.9167": {"pre": [0.37, -3, 19.75], "post": [-11, -2, 3]},
						"2.4583": [-11, -2, -15]
					},
					"scale": {
						"2.0833": [1, 1, 1],
						"2.4583": [1, 0.12, 1]
					}
				}
			}
		}
	}
}