{
	"format_version": "1.8.0",
	"animations": {
		"animation.thepe.door_right_close": {
			"loop": "hold_on_last_frame",
			"animation_length": 1000,
			"bones": {
				"door1": {
					"rotation": {
						"0.25": [0, 87.5, 0],
						"1.3333": [0, 0, 0]
					}
				},
				"door2": {
					"rotation": {
						"0.0": [0, -85, 0],
						"1.0": [0, 0, 0]
					}
				},
				"door3": {
					"rotation": {
						"0.25": [0, 85, 0],
						"1.25": [0, 0, 0]
					}
				},
				"door4": {
					"rotation": {
						"0.0": [0, -87.5, 0],
						"1.0": [0, 0, 0]
					}
				}
			}
		}
	}
}