{
	"format_version": "1.8.0",
	"animations": {
		"animation.thepe.door_all_close": {
			"loop": "hold_on_last_frame",
			"animation_length": 1000,
			"bones": {
				"door1": {
					"rotation": {
						"0.125": [0, 87.5, 0],
						"1.2083": [0, 0, 0]
					}
				},
				"door2": {
					"rotation": {
						"0.0": [0, -85, 0],
						"1.0": [0, 0, 0]
					}
				},
				"door3": {
					"rotation": {
						"0.25": [0, 85, 0],
						"1.25": [0, 0, 0]
					}
				},
				"door4": {
					"rotation": {
						"0.0": [0, -87.5, 0],
						"1.0": [0, 0, 0]
					}
				},
				"doorsliding": {
					"position": {
						"0.0": [6, 0, -1],
						"0.5833": [0, 0, -1],
						"0.9167": [0, 0, 0]
					}
				},
				"doorsliding2": {
					"position": {
						"0.0": [6, 0, 1],
						"0.5833": [0, 0, 1],
						"0.9167": [0, 0, 0]
					}
				},
				"doorsliding3": {
					"position": {
						"0.0": [6, 0, -1],
						"0.5833": [0, 0, -1],
						"0.9167": [0, 0, 0]
					}
				},
				"doorsliding4": {
					"position": {
						"0.0": [6, 0, 1],
						"0.5833": [0, 0, 1],
						"0.9167": [0, 0, 0]
					}
				},
				"doorsliding5": {
					"position": {
						"0.0": [6, 0, -1],
						"0.5833": [0, 0, -1],
						"0.9167": [0, 0, 0]
					}
				}
			}
		}
	}
}