{
	"format_version": "1.8.0",
	"animations": {
		"animation.hp_thepe1.hissing": {
			"animation_length": 1,
			"bones": {
				"right1": {
					"rotation": {
						"0.3333": [0, 0, 0],
						"0.6667": {"pre": [0, 0, 0], "post": [0, 5, 0]}
					},
					"position": {
						"0.0": [0, 0, 0],
						"0.0417": {"pre": [0, 0, 0], "post": [-0.37, -3, 19.75]},
						"0.5": {"pre": [-0.37, -3, 19.75], "post": [11, -2, 3]},
						"0.9583": [11, -2, -15]
					},
					"scale": {
						"0.6667": [1, 1, 1],
						"0.9583": [1, 0.12, 1]
					}
				},
				"left1": {
					"rotation": {
						"0.3333": [0, 0, 0],
						"0.6667": {"pre": [0, 0, 0], "post": [0, -5, 0]}
					},
					"position": {
						"0.0": [0, 0, 0],
						"0.0417": {"pre": [0, 0, 0], "post": [0.37, -3, 19.75]},
						"0.5": {"pre": [0.37, -3, 19.75], "post": [-11, -2, 3]},
						"0.9583": [-11, -2, -15]
					},
					"scale": {
						"0.6667": [1, 1, 1],
						"0.9583": [1, 0.12, 1]
					}
				}
			}
		}
	}
}