{
	"format_version": "1.8.0",
	"animations": {
		"animation.thepe.door_left_close": {
			"loop": "hold_on_last_frame",
			"animation_length": 1000,
			"bones": {
				"doorsliding": {
					"position": {
						"0.0": [6, 0, -1],
						"0.5833": [0, 0, -1],
						"0.9167": [0, 0, 0]
					}
				},
				"doorsliding2": {
					"position": {
						"0.0": [6, 0, 1],
						"0.5833": [0, 0, 1],
						"0.9167": [0, 0, 0]
					}
				},
				"doorsliding3": {
					"position": {
						"0.0": [6, 0, -1],
						"0.5833": [0, 0, -1],
						"0.9167": [0, 0, 0]
					}
				},
				"doorsliding4": {
					"position": {
						"0.0": [6, 0, 1],
						"0.5833": [0, 0, 1],
						"0.9167": [0, 0, 0]
					}
				},
				"doorsliding5": {
					"position": {
						"0.0": [6, 0, -1],
						"0.5833": [0, 0, -1],
						"0.9167": [0, 0, 0]
					}
				}
			}
		}
	}
}