{
	"format_version": "1.8.0",
	"animations": {
		"animation.hp_thepe.turn": {
			"loop": true,
			"bones": {
				"body_main": {
					"rotation": [0,
                        "!query.body_x_rotation && query.body_x_rotation",
                        0]
				}
			}
		},
		"animation.hp_thepe.up": {
			"loop": true,
			"bones": {
				"body_main": {
					"rotation": [1,
                        "!query.body_x_rotation && !-query.body_y_rotation",
                        0]
				}
			}
		},
		"animation.hp_thepe.down": {
			"loop": true,
			"bones": {
				"body_main": {
					"rotation": [-1,
                        "!-query.body_x_rotation && !query.body_y_rotation",
                        0]
				}
			}
		}
	}
}