{
	"format_version": "1.8.0",
	"animations": {
		"animation.thepe.gear_2": {
			"loop": true,
			"animation_length": 1.373,
			"bones": {
				"main_valve": {
					"position": {
						"0.0": {
							"post": [0, 0, 0],
							"lerp_mode": "catmullrom"
						},
						"0.375": {
							"post": [0, 7.7, -1.39],
							"lerp_mode": "catmullrom"
						},
						"0.6667": {
							"post": [0, 10, 7.2],
							"lerp_mode": "catmullrom"
						},
						"1.0833": {
							"post": [0, 2.4, 9],
							"lerp_mode": "catmullrom"
						},
						"1.3333": {
							"post": [0, 0, 0],
							"lerp_mode": "catmullrom"
						}
					}
				},
				"front_wheels": {
					"rotation": {
						"0.0": [0, 0, 0],
						"1.3333": [-360, 0, 0]
					}
				},
				"rear_wheels": {
					"rotation": {
						"0.0": [0, 0, 0],
						"1.3333": [-360, 0, 0]
					}
				},
				"rear_wheels2": {
					"rotation": {
						"0.0": [0, 0, 0],
						"1.3333": [-360, 0, 0]
					}
				},
				"main_wheels": {
					"rotation": {
						"0.0": [0, 0, 0],
						"1.3333": [-360, 0, 0]
					}
				},
				"main_wheels2": {
					"rotation": {
						"0.0": [0, 0, 0],
						"1.3333": [-360, 0, 0]
					}
				},
				"main_wheels3": {
					"rotation": {
						"0.0": [0, 0, 0],
						"1.3333": [-360, 0, 0]
					}
				},
				"main_wheels4": {
					"rotation": {
						"0.0": [0, 0, 0],
						"1.3333": [-360, 0, 0]
					}
				},
				"pump_valve": {
					"position": {
						"0.0": {
							"post": [0, 0, 0],
							"lerp_mode": "catmullrom"
						},
						"0.0833": {
							"post": [0, 0, -0.49],
							"lerp_mode": "catmullrom"
						},
						"0.125": {
							"post": [0, 0, -0.55],
							"lerp_mode": "catmullrom"
						},
						"0.4583": {
							"post": [0, 0, 0.11],
							"lerp_mode": "catmullrom"
						},
						"0.75": {
							"post": [0, 0, 7.4],
							"lerp_mode": "catmullrom"
						},
						"1.3333": {
							"post": [0, 0, 0],
							"lerp_mode": "catmullrom"
						}
					}
				},
				"root1": {
					"rotation": {
						"0.0": {
							"post": [0, 0, 0],
							"lerp_mode": "catmullrom"
						},
						"0.2083": {
							"post": [-10.56, 0, 0],
							"lerp_mode": "catmullrom"
						},
						"0.375": {
							"post": [-14.61, 0, 0],
							"lerp_mode": "catmullrom"
						},
						"0.5417": {
							"post": [-16.72, 0, 0],
							"lerp_mode": "catmullrom"
						},
						"0.6667": {
							"post": [-19.38, 0, 0],
							"lerp_mode": "catmullrom"
						},
						"0.9167": {
							"post": [-8.09, 0, 0],
							"lerp_mode": "catmullrom"
						},
						"1.125": {
							"post": [-2.89, 0, 0],
							"lerp_mode": "catmullrom"
						},
						"1.3333": {
							"post": [0, 0, 0],
							"lerp_mode": "catmullrom"
						}
					},
					"position": {
						"0.0": {
							"post": [0, 0, 0],
							"lerp_mode": "catmullrom"
						},
						"0.4583": {
							"post": [0, 0, 0],
							"lerp_mode": "catmullrom"
						},
						"0.5417": {
							"post": [0, 0, 3.1],
							"lerp_mode": "catmullrom"
						},
						"0.6667": {
							"post": [0, 0, 6.75],
							"lerp_mode": "catmullrom"
						},
						"0.9167": {
							"post": [0, 0, 8.72],
							"lerp_mode": "catmullrom"
						},
						"1.125": {
							"post": [0, 0, 7.03],
							"lerp_mode": "catmullrom"
						},
						"1.3333": {
							"post": [0, 0, 0],
							"lerp_mode": "catmullrom"
						}
					}
				},
				"root2": {
					"rotation": {
						"0.0": {
							"post": [0, 0, 0],
							"lerp_mode": "catmullrom"
						},
						"1.3333": {
							"post": [-360, 0, 0],
							"lerp_mode": "catmullrom"
						}
					},
					"position": {
						"0.0": {
							"post": [0, 0, 0],
							"lerp_mode": "catmullrom"
						},
						"0.375": {
							"post": [0, 7.7, -1.39],
							"lerp_mode": "catmullrom"
						},
						"0.6667": {
							"post": [0, 10, 7.2],
							"lerp_mode": "catmullrom"
						},
						"1.0833": {
							"post": [0, 2.4, 9],
							"lerp_mode": "catmullrom"
						},
						"1.3333": {
							"post": [0, 0, 0],
							"lerp_mode": "catmullrom"
						}
					}
				},
				"root4": {
					"rotation": {
						"0.0": {
							"post": [0, 0, 0],
							"lerp_mode": "catmullrom"
						},
						"0.0833": {
							"post": [39, 0, 0],
							"lerp_mode": "catmullrom"
						},
						"0.125": {
							"post": [56.37, 0, 0],
							"lerp_mode": "catmullrom"
						},
						"0.2083": {
							"post": [61.78, 0, 0],
							"lerp_mode": "catmullrom"
						},
						"0.375": {
							"post": [69.15, 0, 0],
							"lerp_mode": "catmullrom"
						},
						"0.5417": {
							"post": [63.92, 0, 0],
							"lerp_mode": "catmullrom"
						},
						"0.625": {
							"post": [65.23, 0, 0],
							"lerp_mode": "catmullrom"
						},
						"0.6667": {
							"post": [70.38, 0, 0],
							"lerp_mode": "catmullrom"
						},
						"0.75": {
							"post": [76.22, 0, 0],
							"lerp_mode": "catmullrom"
						},
						"0.8333": {
							"post": [78.19, 0, 0],
							"lerp_mode": "catmullrom"
						},
						"0.9167": {
							"post": [75.93, 0, 0],
							"lerp_mode": "catmullrom"
						},
						"1.125": {
							"post": [70.22, 0, 0],
							"lerp_mode": "catmullrom"
						},
						"1.2083": {
							"post": [62.99, 0, 0],
							"lerp_mode": "catmullrom"
						},
						"1.2917": {
							"post": [47.04, 0, 0],
							"lerp_mode": "catmullrom"
						},
						"1.3333": {
							"post": [0, 0, 0],
							"lerp_mode": "catmullrom"
						}
					},
					"position": {
						"0.0": {
							"post": [0, 0, 0],
							"lerp_mode": "catmullrom"
						},
						"0.0833": {
							"post": [0, 0.2, -2],
							"lerp_mode": "catmullrom"
						},
						"0.375": {
							"post": [0, 0.18, 0.55],
							"lerp_mode": "catmullrom"
						},
						"0.5417": {
							"post": [0, 0.16, 2.83],
							"lerp_mode": "catmullrom"
						},
						"0.6667": {
							"post": [0, 0.13, 1.35],
							"lerp_mode": "catmullrom"
						},
						"0.75": {
							"post": [0, 0.12, -0.87],
							"lerp_mode": "catmullrom"
						},
						"0.9167": {
							"post": [0, 0.08, -2.93],
							"lerp_mode": "catmullrom"
						},
						"1.125": {
							"post": [0, 0.05, -2.28],
							"lerp_mode": "catmullrom"
						},
						"1.2083": {
							"post": [0, -0.17, -2.66],
							"lerp_mode": "catmullrom"
						},
						"1.2917": {
							"post": [0, -0.1, -2.75],
							"lerp_mode": "catmullrom"
						},
						"1.3333": {
							"post": [0, 0, 0],
							"lerp_mode": "catmullrom"
						}
					}
				},
				"root3": {
					"rotation": {
						"0.0": {
							"post": [0, 0, 0],
							"lerp_mode": "catmullrom"
						},
						"0.125": {
							"post": [-0.25, 0, 0],
							"lerp_mode": "catmullrom"
						},
						"0.375": {
							"post": [1.73, 0, 0],
							"lerp_mode": "catmullrom"
						},
						"0.8333": {
							"post": [25, 0, 0],
							"lerp_mode": "catmullrom"
						},
						"1.3333": {
							"post": [0, 0, 0],
							"lerp_mode": "catmullrom"
						}
					},
					"position": {
						"0.0": {
							"post": [0, 0, 0],
							"lerp_mode": "catmullrom"
						},
						"0.125": {
							"post": [0, 2.2, 1.9],
							"lerp_mode": "catmullrom"
						},
						"0.375": {
							"post": [0, 2.6, 5.07],
							"lerp_mode": "catmullrom"
						},
						"0.4583": {
							"post": [0, 2.06, 6.29],
							"lerp_mode": "catmullrom"
						},
						"0.5417": {
							"post": [0, 0.45, 7.73],
							"lerp_mode": "catmullrom"
						},
						"0.6667": {
							"post": [0, -1.9, 7.5],
							"lerp_mode": "catmullrom"
						},
						"0.8333": {
							"post": [0, -2.9, 4],
							"lerp_mode": "catmullrom"
						},
						"0.9167": {
							"post": [0, -2.6, 3.75],
							"lerp_mode": "catmullrom"
						},
						"1.125": {
							"post": [0, 0.3, 3.85],
							"lerp_mode": "catmullrom"
						},
						"1.2083": {
							"post": [0, 0, 1.6],
							"lerp_mode": "catmullrom"
						},
						"1.2917": {
							"post": [0, 0.3, 0.45],
							"lerp_mode": "catmullrom"
						},
						"1.3333": {
							"post": [0, 0, 0],
							"lerp_mode": "catmullrom"
						}
					}
				},
				"pump": {
					"position": {
						"0.0": {
							"post": [0, 0, 0],
							"lerp_mode": "catmullrom"
						},
						"0.0833": {
							"post": [0, 0, -2.89],
							"lerp_mode": "catmullrom"
						},
						"0.125": {
							"post": [0, 0, -2.61],
							"lerp_mode": "catmullrom"
						},
						"0.2083": {
							"post": [0, 0, -1.12],
							"lerp_mode": "catmullrom"
						},
						"0.4583": {
							"post": [0, 0, 0.79],
							"lerp_mode": "catmullrom"
						},
						"0.5417": {
							"post": [0, 0, 1.8],
							"lerp_mode": "catmullrom"
						},
						"0.6667": {
							"post": [0, 0, 0.1],
							"lerp_mode": "catmullrom"
						},
						"0.75": {
							"post": [0, 0, -1.85],
							"lerp_mode": "catmullrom"
						},
						"0.8333": {
							"post": [0, 0, -3.2],
							"lerp_mode": "catmullrom"
						},
						"0.9167": {
							"post": [0, 0, -3.35],
							"lerp_mode": "catmullrom"
						},
						"1.0833": {
							"post": [0, 0, -3.6],
							"lerp_mode": "catmullrom"
						},
						"1.125": {
							"post": [0, 0, -3.29],
							"lerp_mode": "catmullrom"
						},
						"1.2083": {
							"post": [0, 0, -3.7],
							"lerp_mode": "catmullrom"
						},
						"1.2917": {
							"post": [0, 0, -3.65],
							"lerp_mode": "catmullrom"
						},
						"1.3333": {
							"post": [0, 0, 0],
							"lerp_mode": "catmullrom"
						}
					}
				},
				"root5": {
					"rotation": {
						"0.0": [0, 0, 0],
						"0.375": [0, 0, 0],
						"0.5417": [1, 0, 0],
						"0.75": [30, 0, 0],
						"1.3333": [0, 0, 0]
					},
					"position": {
						"0.0": [0, 0, 0],
						"0.0833": [0, 0, -0.07],
						"0.375": [0, 0, -0.7],
						"0.5417": [0, 0, 1.88],
						"0.75": [0, 0, 7],
						"1.3333": [0, 0, 0]
					}
				},
				"root6": {
					"rotation": {
						"0.0": [0, 0, 0],
						"0.0833": [1, 0, 0],
						"0.125": [1, 0, 0],
						"0.375": [1.14, 0, 0],
						"0.75": [25, 0, 0],
						"1.0833": [18, 0, 0],
						"1.3333": [0, 0, 0]
					}
				},
				"root7": {
					"rotation": {
						"0.0": [0, 0, 0],
						"0.0833": [-0.5, 0, 0],
						"0.375": [-6, 0, 0],
						"0.5417": [9.4, 0, 0],
						"0.6667": [34.8, 0, 0],
						"0.75": [45, 0, 0],
						"0.9167": [35.14, 0, 0],
						"1.3333": [0, 0, 0]
					},
					"position": {
						"0.0": [0, 0, 0],
						"0.375": [0, 0, 0],
						"0.75": [0, 0.4, 2.3],
						"0.9167": [0, 0.3, 1.83],
						"1.125": [0, 0.2, 1.16],
						"1.3333": [0, 0, 0]
					}
				},
				"main_valve2": {
					"position": {
						"0.0": {
							"post": [0, 0, 0],
							"lerp_mode": "catmullrom"
						},
						"0.375": {
							"post": [0, 7.7, -1.39],
							"lerp_mode": "catmullrom"
						},
						"0.6667": {
							"post": [0, 10, 7.2],
							"lerp_mode": "catmullrom"
						},
						"1.0833": {
							"post": [0, 2.4, 9],
							"lerp_mode": "catmullrom"
						},
						"1.3333": {
							"post": [0, 0, 0],
							"lerp_mode": "catmullrom"
						}
					}
				},
				"pump2": {
					"position": {
						"0.0": {
							"post": [0, 0, 0],
							"lerp_mode": "catmullrom"
						},
						"0.0833": {
							"post": [0, 0, -2.89],
							"lerp_mode": "catmullrom"
						},
						"0.125": {
							"post": [0, 0, -2.61],
							"lerp_mode": "catmullrom"
						},
						"0.2083": {
							"post": [0, 0, -1.12],
							"lerp_mode": "catmullrom"
						},
						"0.4583": {
							"post": [0, 0, 0.79],
							"lerp_mode": "catmullrom"
						},
						"0.5417": {
							"post": [0, 0, 1.8],
							"lerp_mode": "catmullrom"
						},
						"0.6667": {
							"post": [0, 0, 0.1],
							"lerp_mode": "catmullrom"
						},
						"0.75": {
							"post": [0, 0, -1.85],
							"lerp_mode": "catmullrom"
						},
						"0.8333": {
							"post": [0, 0, -3.2],
							"lerp_mode": "catmullrom"
						},
						"0.9167": {
							"post": [0, 0, -3.35],
							"lerp_mode": "catmullrom"
						},
						"1.0833": {
							"post": [0, 0, -3.6],
							"lerp_mode": "catmullrom"
						},
						"1.125": {
							"post": [0, 0, -3.29],
							"lerp_mode": "catmullrom"
						},
						"1.2083": {
							"post": [0, 0, -3.7],
							"lerp_mode": "catmullrom"
						},
						"1.2917": {
							"post": [0, 0, -3.65],
							"lerp_mode": "catmullrom"
						},
						"1.3333": {
							"post": [0, 0, 0],
							"lerp_mode": "catmullrom"
						}
					}
				},
				"root8": {
					"rotation": {
						"0.0": {
							"post": [0, 0, 0],
							"lerp_mode": "catmullrom"
						},
						"0.2083": {
							"post": [-10.56, 0, 0],
							"lerp_mode": "catmullrom"
						},
						"0.375": {
							"post": [-14.61, 0, 0],
							"lerp_mode": "catmullrom"
						},
						"0.5417": {
							"post": [-16.72, 0, 0],
							"lerp_mode": "catmullrom"
						},
						"0.6667": {
							"post": [-19.38, 0, 0],
							"lerp_mode": "catmullrom"
						},
						"0.9167": {
							"post": [-8.09, 0, 0],
							"lerp_mode": "catmullrom"
						},
						"1.125": {
							"post": [-2.89, 0, 0],
							"lerp_mode": "catmullrom"
						},
						"1.3333": {
							"post": [0, 0, 0],
							"lerp_mode": "catmullrom"
						}
					},
					"position": {
						"0.0": {
							"post": [0, 0, 0],
							"lerp_mode": "catmullrom"
						},
						"0.4583": {
							"post": [0, 0, 0],
							"lerp_mode": "catmullrom"
						},
						"0.5417": {
							"post": [0, 0, 3.1],
							"lerp_mode": "catmullrom"
						},
						"0.6667": {
							"post": [0, 0, 6.75],
							"lerp_mode": "catmullrom"
						},
						"0.9167": {
							"post": [0, 0, 8.72],
							"lerp_mode": "catmullrom"
						},
						"1.125": {
							"post": [0, 0, 7.03],
							"lerp_mode": "catmullrom"
						},
						"1.3333": {
							"post": [0, 0, 0],
							"lerp_mode": "catmullrom"
						}
					}
				},
				"root9": {
					"rotation": {
						"0.0": {
							"post": [0, 0, 0],
							"lerp_mode": "catmullrom"
						},
						"1.3333": {
							"post": [-360, 0, 0],
							"lerp_mode": "catmullrom"
						}
					},
					"position": {
						"0.0": {
							"post": [0, 0, 0],
							"lerp_mode": "catmullrom"
						},
						"0.375": {
							"post": [0, 7.7, -1.39],
							"lerp_mode": "catmullrom"
						},
						"0.6667": {
							"post": [0, 10, 7.2],
							"lerp_mode": "catmullrom"
						},
						"1.0833": {
							"post": [0, 2.4, 9],
							"lerp_mode": "catmullrom"
						},
						"1.3333": {
							"post": [0, 0, 0],
							"lerp_mode": "catmullrom"
						}
					}
				},
				"root10": {
					"rotation": {
						"0.0": {
							"post": [0, 0, 0],
							"lerp_mode": "catmullrom"
						},
						"0.125": {
							"post": [-0.25, 0, 0],
							"lerp_mode": "catmullrom"
						},
						"0.375": {
							"post": [1.73, 0, 0],
							"lerp_mode": "catmullrom"
						},
						"0.8333": {
							"post": [25, 0, 0],
							"lerp_mode": "catmullrom"
						},
						"1.3333": {
							"post": [0, 0, 0],
							"lerp_mode": "catmullrom"
						}
					},
					"position": {
						"0.0": {
							"post": [0, 0, 0],
							"lerp_mode": "catmullrom"
						},
						"0.125": {
							"post": [0, 2.2, 1.9],
							"lerp_mode": "catmullrom"
						},
						"0.375": {
							"post": [0, 2.6, 5.07],
							"lerp_mode": "catmullrom"
						},
						"0.4583": {
							"post": [0, 2.06, 6.29],
							"lerp_mode": "catmullrom"
						},
						"0.5417": {
							"post": [0, 0.45, 7.73],
							"lerp_mode": "catmullrom"
						},
						"0.6667": {
							"post": [0, -1.9, 7.5],
							"lerp_mode": "catmullrom"
						},
						"0.8333": {
							"post": [0, -2.9, 4],
							"lerp_mode": "catmullrom"
						},
						"0.9167": {
							"post": [0, -2.6, 3.75],
							"lerp_mode": "catmullrom"
						},
						"1.125": {
							"post": [0, 0.3, 3.85],
							"lerp_mode": "catmullrom"
						},
						"1.2083": {
							"post": [0, 0, 1.6],
							"lerp_mode": "catmullrom"
						},
						"1.2917": {
							"post": [0, 0.3, 0.45],
							"lerp_mode": "catmullrom"
						},
						"1.3333": {
							"post": [0, 0, 0],
							"lerp_mode": "catmullrom"
						}
					}
				},
				"root11": {
					"rotation": {
						"0.0": {
							"post": [0, 0, 0],
							"lerp_mode": "catmullrom"
						},
						"0.0833": {
							"post": [39, 0, 0],
							"lerp_mode": "catmullrom"
						},
						"0.125": {
							"post": [56.37, 0, 0],
							"lerp_mode": "catmullrom"
						},
						"0.2083": {
							"post": [61.78, 0, 0],
							"lerp_mode": "catmullrom"
						},
						"0.375": {
							"post": [69.15, 0, 0],
							"lerp_mode": "catmullrom"
						},
						"0.5417": {
							"post": [63.92, 0, 0],
							"lerp_mode": "catmullrom"
						},
						"0.625": {
							"post": [65.23, 0, 0],
							"lerp_mode": "catmullrom"
						},
						"0.6667": {
							"post": [70.38, 0, 0],
							"lerp_mode": "catmullrom"
						},
						"0.75": {
							"post": [76.22, 0, 0],
							"lerp_mode": "catmullrom"
						},
						"0.8333": {
							"post": [78.19, 0, 0],
							"lerp_mode": "catmullrom"
						},
						"0.9167": {
							"post": [75.93, 0, 0],
							"lerp_mode": "catmullrom"
						},
						"1.125": {
							"post": [70.22, 0, 0],
							"lerp_mode": "catmullrom"
						},
						"1.2083": {
							"post": [62.99, 0, 0],
							"lerp_mode": "catmullrom"
						},
						"1.2917": {
							"post": [47.04, 0, 0],
							"lerp_mode": "catmullrom"
						},
						"1.3333": {
							"post": [0, 0, 0],
							"lerp_mode": "catmullrom"
						}
					},
					"position": {
						"0.0": {
							"post": [0, 0, 0],
							"lerp_mode": "catmullrom"
						},
						"0.0833": {
							"post": [0, 0.2, -2],
							"lerp_mode": "catmullrom"
						},
						"0.375": {
							"post": [0, 0.18, 0.55],
							"lerp_mode": "catmullrom"
						},
						"0.5417": {
							"post": [0, 0.16, 2.83],
							"lerp_mode": "catmullrom"
						},
						"0.6667": {
							"post": [0, 0.13, 1.35],
							"lerp_mode": "catmullrom"
						},
						"0.75": {
							"post": [0, 0.12, -0.87],
							"lerp_mode": "catmullrom"
						},
						"0.9167": {
							"post": [0, 0.08, -2.93],
							"lerp_mode": "catmullrom"
						},
						"1.125": {
							"post": [0, 0.05, -2.28],
							"lerp_mode": "catmullrom"
						},
						"1.2083": {
							"post": [0, -0.17, -2.66],
							"lerp_mode": "catmullrom"
						},
						"1.2917": {
							"post": [0, -0.1, -2.75],
							"lerp_mode": "catmullrom"
						},
						"1.3333": {
							"post": [0, 0, 0],
							"lerp_mode": "catmullrom"
						}
					}
				},
				"root12": {
					"rotation": {
						"0.0": [0, 0, 0],
						"0.375": [0, 0, 0],
						"0.5417": [1, 0, 0],
						"0.75": [30, 0, 0],
						"1.3333": [0, 0, 0]
					},
					"position": {
						"0.0": [0, 0, 0],
						"0.0833": [0, 0, -0.07],
						"0.375": [0, 0, -0.7],
						"0.5417": [0, 0, 1.88],
						"0.75": [0, 0, 7],
						"1.3333": [0, 0, 0]
					}
				},
				"root13": {
					"rotation": {
						"0.0": [0, 0, 0],
						"0.0833": [1, 0, 0],
						"0.125": [1, 0, 0],
						"0.375": [1.14, 0, 0],
						"0.75": [25, 0, 0],
						"1.0833": [18, 0, 0],
						"1.3333": [0, 0, 0]
					}
				},
				"root14": {
					"rotation": {
						"0.0": [0, 0, 0],
						"0.0833": [-0.5, 0, 0],
						"0.375": [-6, 0, 0],
						"0.5417": [9.4, 0, 0],
						"0.6667": [34.8, 0, 0],
						"0.75": [45, 0, 0],
						"0.9167": [35.14, 0, 0],
						"1.3333": [0, 0, 0]
					},
					"position": {
						"0.0": [0, 0, 0],
						"0.375": [0, 0, 0],
						"0.75": [0, 0.4, 2.3],
						"0.9167": [0, 0.3, 1.83],
						"1.125": [0, 0.2, 1.16],
						"1.3333": [0, 0, 0]
					}
				},
				"pump_valve2": {
					"position": {
						"0.0": {
							"post": [0, 0, 0],
							"lerp_mode": "catmullrom"
						},
						"0.0833": {
							"post": [0, 0, -0.49],
							"lerp_mode": "catmullrom"
						},
						"0.125": {
							"post": [0, 0, -0.55],
							"lerp_mode": "catmullrom"
						},
						"0.4583": {
							"post": [0, 0, 0.11],
							"lerp_mode": "catmullrom"
						},
						"0.75": {
							"post": [0, 0, 7.4],
							"lerp_mode": "catmullrom"
						},
						"1.3333": {
							"post": [0, 0, 0],
							"lerp_mode": "catmullrom"
						}
					}
				},
				"bell": {
					"rotation": {
						"0.0": [0, 0, 0],
						"0.2083": [-2.5, 0, 0],
						"0.625": [5, 0, 0],
						"1.3333": [0, 0, 0]
					}
				},
				"speedometer1": {
					"rotation": {
						"0.0": [0, 2.5, 70],
						"0.6667": [0, 2.5, 82.5],
						"1.2917": [0, 2.5, 70]
					}
				},
				"speedometer2": {
					"rotation": {
						"0.0": [0, 12.5, 155],
						"0.5417": [0.87038, 12.42385, 165.03742],
						"0.75": [0, 12.5, 155],
						"1.0833": [0.87038, 12.42385, 165.03742],
						"1.2083": [0.87038, 12.42385, 165.03742],
						"1.3333": [0, 12.5, 155]
					}
				},
				"speedometer3": {
					"rotation": {
						"0.0": [0, 0, 55],
						"0.2083": [0, 0, 57.5],
						"0.625": [0, 0, 64.04],
						"0.8333": [0, 0, 57.5],
						"1.2083": [0, 0, 64.04],
						"1.3333": [0, 0, 55]
					}
				},
				"speedometer4": {
					"rotation": {
						"0.0": [0, 0, 72.5],
						"0.125": [0, 0, 65],
						"0.5417": [0, 0, 100],
						"0.9167": [0, 0, 77.5],
						"1.2917": [0, 0, 87.5],
						"1.3333": [0, 0, 72.5]
					}
				},
				"fire": {
					"position": {
						"0.0": [-0.8, -0.5, 0],
						"0.375": {"pre": [-0.8, -0.5, 0], "post": [0.6, -0.5, 0]},
						"0.625": {"pre": [0.6, -0.5, 0], "post": [0.6, -1, 0]},
						"1.0833": {"pre": [0.6, -1, 0], "post": [0.6, 0.3, 0]},
						"1.3333": {"pre": [0.6, 0.3, 0], "post": [-0.8, -0.5, 0]}
					}
				},
				"fire2": {
					"position": {
						"0.0": [0, 0, 0],
						"0.2083": {"pre": [0, 0, 0], "post": [0, -1, 0]},
						"0.625": {"pre": [0, -1, 0], "post": [-1, -0.69, 0]},
						"0.9167": {"pre": [-1, -0.69, 0], "post": [1.94, -1.48, 0]},
						"1.3333": {"pre": [1.94, -1.48, 0], "post": [0, 0, 0]}
					}
				},
				"drive": {
					"rotation": {
						"0.0": [0, 12.5, 0],
						"1.3333": [0, 12.5, 0]
					}
				},
				"train": {
					"rotation": {
						"0.0": [0, 0, 0],
						"0.5417": [-0.05, 0, 0.1],
						"1.3333": [0, 0, 0]
					}
				},
				"wheels1": {
					"rotation": {
						"0.0": [0, 0, 0],
						"1.3333": [-360, 0, 0]
					}
				},
				"wheels2": {
					"rotation": {
						"0.0": [0, 0, 0],
						"1.3333": [-360, 0, 0]
					}
				},
				"wheels3": {
					"rotation": {
						"0.0": [0, 0, 0],
						"1.3333": [-360, 0, 0]
					}
				},
				"wheels4": {
					"rotation": {
						"0.0": [0, 0, 0],
						"1.3333": [-360, 0, 0]
					}
				},
				"wheels5": {
					"rotation": {
						"0.0": [0, 0, 0],
						"1.3333": [-360, 0, 0]
					}
				},
				"wheels6": {
					"rotation": {
						"0.0": [0, 0, 0],
						"1.3333": [-360, 0, 0]
					}
				},
				"mainbody": {
					"rotation": {
						"0.0": [0, 0, 0],
						"0.8333": [0.05, 0, -0.1],
						"1.3333": [0, 0, 0]
					}
				},
				"mainbody2": {
					"rotation": {
						"0.2083": [0, 0, 0],
						"1.125": [0.05, 0, -0.1],
						"1.3333": [0, 0, 0]
					}
				}
			}
		}
	}
}