{
  "resource_pack_name": "vanilla",
  "texture_name": "atlas.items",
  "texture_data": {
    "ammo_rifle": {
      "textures": "textures/ammo/ammo_rifle"
    },
    "ammo_smg": {
      "textures": "textures/ammo/ammo_smg"
    },
    "ammo_rpg": {
      "textures": "textures/ammo/ammo_rpg"
    },
    "ammo_shotgun": {
      "textures": "textures/ammo/ammo_shotgun"
    },
    "ammo_machine": {
      "textures": "textures/ammo/ammo_machine"
    },
    "ammo_pistol": {
      "textures": "textures/ammo/ammo_pistol"
    },
    "ammo_sniper": {
      "textures": "textures/ammo/ammo_sniper"
    },
    "parachute": {
      "textures": "textures/xm/parachute"
    },
    "moon_cake": {
      "textures": "textures/bombs/moon_cake"
    },
    "peace": {
      "textures": "textures/bombs/peace"
    },
    "coin": {
      "textures": "textures/bombs/coin"
    },
    "pumpkin": {
      "textures": "textures/bombs/pumpkin"
    },
    "rpg": {
      "textures": "textures/bombs/rpg"
    },
    "rpg_empty": {
      "textures": "textures/bombs/rpg_empty"
    },
    "bat": {
      "textures": "textures/guns/bat"
    },
    "taser": {
      "textures": "textures/guns/taser"
    },
    "dsword": {
      "textures": "textures/guns/dsword"
    },
    "bubble": {
      "textures": "textures/guns/bubble"
    },
    "laser": {
      "textures": "textures/guns/laser"
    },
    "flame": {
      "textures": "textures/guns/flame"
    },
    "m249": {
      "textures": "textures/guns/m249"
    },
    "m249_empty": {
      "textures": "textures/guns/m249_empty"
    },
    "p90": {
      "textures": "textures/guns/p90"
    },
    "p90_empty": {
      "textures": "textures/guns/p90_empty"
    },
    "ak47": {
      "textures": "textures/guns/ak47"
    },
    "ak47_empty": {
      "textures": "textures/guns/ak47_empty"
    },
    "aug": {
      "textures": "textures/guns/aug"
    },
    "aug_empty": {
      "textures": "textures/guns/aug_empty"
    },
    "uzi": {
      "textures": "textures/guns/uzi"
    },
    "uzi_empty": {
      "textures": "textures/guns/uzi_empty"
    },
    "s686": {
      "textures": "textures/guns/s686"
    },
    "s686_empty": {
      "textures": "textures/guns/s686_empty"
    },
    "deagle": {
      "textures": "textures/guns/deagle"
    },
    "deagle_empty": {
      "textures": "textures/guns/deagle_empty"
    },
    "scar": {
      "textures": "textures/guns/scar"
    },
    "scar_empty": {
      "textures": "textures/guns/scar_empty"
    },
    "kar98k": {
      "textures": "textures/guns/kar98k"
    },
    "kar98k_empty": {
      "textures": "textures/guns/kar98k_empty"
    },
    "m1897": {
      "textures": "textures/guns/m1897"
    },
    "m1897_empty": {
      "textures": "textures/guns/m1897_empty"
    },
    "awm": {
      "textures": "textures/guns/awm"
    },
    "awm_empty": {
      "textures": "textures/guns/awm_empty"
    },
    "m16a4": {
      "textures": "textures/guns/m16a4"
    },
    "m16a4_empty": {
      "textures": "textures/guns/m16a4_empty"
    },
    "baseball_bat": {
      "textures": "textures/items/baseball_bat"
    },
    "water_bottle": {
      "textures": "textures/items/water_bottle"
    },
    "bandage": {
      "textures": "textures/items/bandage"
    },
    "soda_cans": {
      "textures": "textures/items/soda_cans"
    },
    "soda1": {
      "textures": "textures/items/soda1"
    },
    "soda2": {
      "textures": "textures/items/soda2"
    },
    "soda3": {
      "textures": "textures/items/soda3"
    },
    "soda4": {
      "textures": "textures/items/soda4"
    },
    "soda5": {
      "textures": "textures/items/soda5"
    },
    "soda6": {
      "textures": "textures/items/soda6"
    },
    "canned_fish1": {
      "textures": "textures/items/canned_fish1"
    },
    "canned_fish2": {
      "textures": "textures/items/canned_fish2"
    },
    "canned_fish3": {
      "textures": "textures/items/canned_fish3"
    },
    "canned_fish4": {
      "textures": "textures/items/canned_fish4"
    },
    "canned_fish5": {
      "textures": "textures/items/canned_fish5"
    },
    "canned_fish6": {
      "textures": "textures/items/canned_fish6"
    },
    "canned_fish1_open": {
      "textures": "textures/items/canned_fish1_open"
    },
    "canned_fish2_open": {
      "textures": "textures/items/canned_fish2_open"
    },
    "canned_fish3_open": {
      "textures": "textures/items/canned_fish3_open"
    },
    "canned_fish4_open": {
      "textures": "textures/items/canned_fish4_open"
    },
    "canned_fish5_open": {
      "textures": "textures/items/canned_fish5_open"
    },
    "canned_fish6_open": {
      "textures": "textures/items/canned_fish6_open"
    },
    "canned_luncheon_meat1": {
      "textures": "textures/items/canned_luncheon_meat1"
    },
    "canned_luncheon_meat2": {
      "textures": "textures/items/canned_luncheon_meat2"
    },
    "canned_luncheon_meat3": {
      "textures": "textures/items/canned_luncheon_meat3"
    },
    "canned_luncheon_meat4": {
      "textures": "textures/items/canned_luncheon_meat4"
    },
    "canned_luncheon_meat5": {
      "textures": "textures/items/canned_luncheon_meat5"
    },
    "canned_luncheon_meat6": {
      "textures": "textures/items/canned_luncheon_meat6"
    },
    "canned_luncheon_meat1_open": {
      "textures": "textures/items/canned_luncheon_meat1_open"
    },
    "canned_luncheon_meat2_open": {
      "textures": "textures/items/canned_luncheon_meat2_open"
    },
    "canned_luncheon_meat3_open": {
      "textures": "textures/items/canned_luncheon_meat3_open"
    },
    "canned_luncheon_meat4_open": {
      "textures": "textures/items/canned_luncheon_meat4_open"
    },
    "canned_luncheon_meat5_open": {
      "textures": "textures/items/canned_luncheon_meat5_open"
    },
    "canned_luncheon_meat6_open": {
      "textures": "textures/items/canned_luncheon_meat6_open"
    },
    "chocolate1": {
      "textures": "textures/items/chocolate1"
    },
    "chocolate2": {
      "textures": "textures/items/chocolate2"
    },
    "chocolate3": {
      "textures": "textures/items/chocolate3"
    },
    "chocolate4": {
      "textures": "textures/items/chocolate4"
    },
    "chocolate5": {
      "textures": "textures/items/chocolate5"
    },
    "chocolate6": {
      "textures": "textures/items/chocolate6"
    },
    "painkiller1": {
      "textures": "textures/items/painkiller1"
    },
    "painkiller2": {
      "textures": "textures/items/painkiller2"
    },
    "painkiller3": {
      "textures": "textures/items/painkiller3"
    },
    "painkiller4": {
      "textures": "textures/items/painkiller4"
    },
    "painkiller5": {
      "textures": "textures/items/painkiller5"
    },
    "painkiller6": {
      "textures": "textures/items/painkiller6"
    },
    "crisps1": {
      "textures": "textures/items/crisps1"
    },
    "crisps2": {
      "textures": "textures/items/crisps2"
    },
    "crisps3": {
      "textures": "textures/items/crisps3"
    },
    "crisps4": {
      "textures": "textures/items/crisps4"
    },
    "crisps5": {
      "textures": "textures/items/crisps5"
    },
    "crisps6": {
      "textures": "textures/items/crisps6"
    },
    "tomato_soup": {
      "textures": "textures/items/tomato_soup"
    },
    "tomato_soup_open": {
      "textures": "textures/items/tomato_soup_open"                     
    }
  }
}


