{
    "format_version": "1.16.0",
    "minecraft:entity": {
        "description": {
            "runtime_identifier": "minecraft:parrot",
            "identifier": "hp:thepe1",
            "is_spawnable": true,
            "is_summonable": true,
            "is_experimental": false
        },
        "components": {
            "minecraft:type_family": {
                "family": [
                    "minecart",
                    "train",
                    "inanimate"
                ]
            },
            "minecraft:collision_box": {
                "width": 0.5,
                "height": 0.7
            },
            "minecraft:scale": {
                "value": 1.70
            },
            "minecraft:rail_movement": {},
            "minecraft:rideable": {
                "seat_count": 10,
                "interact_text": "PE Locomotive",
                "pull_in_entities": true,
                "seats": [
                    {
                        "position": [
                            0.55,
                            0.7,
                            2.6
                        ],
                        "min_rider_count": 0,
                        "max_rider_count": 10
                    },
                    {
                        "position": [
                            -0.55,
                            0.7,
                            2.6
                        ],
                        "min_rider_count": 0,
                        "max_rider_count": 10
                    },
                    {
                        "position": [
                            0,
                            1.9,
                            2.6
                        ],
                        "min_rider_count": 0,
                        "max_rider_count": 10
                    },
                    {
                        "position": [
                            0,
                            0.5,
                            4.0
                        ],
                        "min_rider_count": 0,
                        "max_rider_count": 10
                    },
                    {
                        "position": [
                            0,
                            2.0,
                            -3.0
                        ],
                        "min_rider_count": 0,
                        "max_rider_count": 10
                    },
                    {
                        "position": [
                            0,
                            0.2,
                            -4,1
                        ],
                        "min_rider_count": 0,
                        "max_rider_count": 10
                    },
                    {
                        "position": [
                            0.5,
                            0.2,
                            -4,1
                        ],
                        "min_rider_count": 0,
                        "max_rider_count": 10
                    },
                    {
                        "position": [
                            -0.5,
                            0.2,
                            -4,1
                        ],
                        "min_rider_count": 0,
                        "max_rider_count": 10
                    },
                    {
                        "position": [
                            0,
                            0.2,
                            10,9
                        ],
                        "min_rider_count": 0,
                        "max_rider_count": 10
                    },
                    {
                        "position": [
                            0,
                            1.5,
                            9.0
                        ],
                        "min_rider_count": 0,
                        "max_rider_count": 10
                    }
                ]
            },
            "minecraft:leashable": {
                "soft_distance": 20,
                "hard_distance": 30,
                "max_distance": 50,
                "can_be_stolen": false
            },
            "minecraft:rail_sensor": {
                "eject_on_activate": false
            },
            "minecraft:physics": {},
            "minecraft:nameable": {},
            "minecraft:pushable": {
                "is_pushable": false,
                "is_pushable_by_piston": false
            },
            "minecraft:conditional_bandwidth_optimization": {
                "default_values": {
                    "max_optimized_distance": 60,
                    "max_dropped_ticks": 20,
                    "use_motion_prediction_hints": true
                }
            }
        }
    }
}