{
    "format_version": "1.16.0",
    "minecraft:entity": {
        "description": {
			"runtime_identifier": "minecraft:parrot",
            "identifier": "hp:thepe3",
            "is_spawnable": true,
            "is_summonable": true,
            "is_experimental": false
        },
        "components": {
            "minecraft:type_family": {
                "family": [
                    "minecart",
                    "train",
                    "inanimate"
                ]
            },
            "minecraft:collision_box": {
                "width": 0.5,
                "height": 0.7
            },
            "minecraft:scale": {
                "value": 1.70
            },
            "minecraft:rail_movement": {},
            "minecraft:rideable": {
                "seat_count": 24,
                "interact_text": "PE Observation",
                "pull_in_entities": true,
                "seats": [
                   {
                        "position": [
                            0.45,
                            0.4,
                            5.3
                        ],
                        "min_rider_count": 0,
                        "max_rider_count": 24
                    },
                    {
                        "position": [
                            -0.45,
                            0.4,
                            5.3
                        ],
                        "min_rider_count": 0,
                        "max_rider_count": 24
                    },
                    {
                        "position": [
                            0.45,
                            0.4,
                            4.8
                        ],
                        "min_rider_count": 0,
                        "max_rider_count": 24
                    },
                    {
                        "position": [
                            -0.45,
                            0.4,
                            4.8
                        ],
                        "min_rider_count": 0,
                        "max_rider_count": 24
                    },
                    {
                        "position": [
                            0.45,
                            0.4,
                            7.2
                        ],
                        "min_rider_count": 0,
                        "max_rider_count": 24
                    },
                    {
                        "position": [
                            -0.45,
                            0.4,
                            7.2
                        ],
                        "min_rider_count": 0,
                        "max_rider_count": 24
                    },
                    {
                        "position": [
                            0.45,
                            0.4,
                            6.2
                        ],
                        "min_rider_count": 0,
                        "max_rider_count": 24
                    },
                    {
                        "position": [
                            -0.45,
                            0.4,
                            6.2
                        ],
                        "min_rider_count": 0,
                        "max_rider_count": 24
                    },
                    {
                        "position": [
                            0.45,
                            0.4,
                            3.2
                        ],
                        "min_rider_count": 0,
                        "max_rider_count": 24
                    },
                    {
                        "position": [
                            -0.45,
                            0.4,
                            3.2
                        ],
                        "min_rider_count": 0,
                        "max_rider_count": 24
                    },
                    {
                        "position": [
                            0.45,
                            0.4,
                            3.8
                        ],
                        "min_rider_count": 0,
                        "max_rider_count": 24
                    },
                    {
                        "position": [
                            -0.45,
                            0.4,
                            3.8
                        ],
                        "min_rider_count": 0,
                        "max_rider_count": 24
                    },
                    {
                        "position": [
                            0.45,
                            0.4,
                            1.8
                        ],
                        "min_rider_count": 0,
                        "max_rider_count": 24
                    },
                    {
                        "position": [
                            -0.45,
                            0.4,
                            1.8
                        ],
                        "min_rider_count": 0,
                        "max_rider_count": 24
                    },
                    {
                        "position": [
                            0.45,
                            0.4,
                            9
                        ],
                        "min_rider_count": 0,
                        "max_rider_count": 24
                    },
                    {
                        "position": [
                            -0.45,
                            0.4,
                            9
                        ],
                        "min_rider_count": 0,
                        "max_rider_count": 24
                    },
                    {
                        "position": [
                            0.45,
                            0.4,
                            8.1
                        ],
                        "min_rider_count": 0,
                        "max_rider_count": 24
                    },
                    {
                        "position": [
                            -0.45,
                            0.4,
                            8.1
                        ],
                        "min_rider_count": 0,
                        "max_rider_count": 24
                    },
                    {
                        "position": [
                            0.4,
                            0.4,
                            10.7
                        ],
                        "min_rider_count": 0,
                        "max_rider_count": 24
                    },
                    {
                        "position": [
                            -0.4,
                            0.4,
                            10.7
                        ],
                        "min_rider_count": 0,
                        "max_rider_count": 24
                    },
                    {
                        "position": [
                            -0.45,
                            0.4,
                            4.8
                        ],
                        "min_rider_count": 0,
                        "max_rider_count": 24
                    },
                    {
                        "position": [
                            -0.45,
                            0.4,
                            4.8
                        ],
                        "min_rider_count": 0,
                        "max_rider_count": 24
                    },
                    {
                        "position": [
                            0.6,
                            0.3,
                            0.7
                        ],
                        "min_rider_count": 0,
                        "max_rider_count": 24
                    },
                    {
                        "position": [
                            -0.6,
                            0.3,
                            0.7
                        ],
                        "min_rider_count": 0,
                        "max_rider_count": 24
                    }
                ]
            },
            "minecraft:leashable": {
                "soft_distance": 20,
                "hard_distance": 30,
                "max_distance": 50,
                "can_be_stolen": false
            },
            "minecraft:rail_sensor": {
                "eject_on_activate": false
            },
            "minecraft:physics": {},
            "minecraft:nameable": {},
            "minecraft:pushable": {
                "is_pushable": false,
                "is_pushable_by_piston": false
            },
            "minecraft:conditional_bandwidth_optimization": {
                "default_values": {
                    "max_optimized_distance": 60,
                    "max_dropped_ticks": 20,
                    "use_motion_prediction_hints": true
                }
            }
        }
    }
}