{
  "trade_screen": {
    "variables": [
      {
        "requires": "$desktop_screen",
        "$screen_content": "villager_desktop_dx.center_screen",
        "$screen_bg_content": "villager_desktop_dx.full_screen",
        "$gamepad_cursor": true
      },
      {
        "requires": "$pocket_screen",
        "$screen_content": "villager_pocket_dx.center_screen",
        "$screen_bg_content": "villager_pocket_dx.full_screen",
        "$button_mappings": [
          {
            "from_button_id": "button.menu_cancel",
            "to_button_id": "button.menu_exit",
            "mapping_type": "global"
          },
          {
            "from_button_id": "button.menu_inventory_cancel",
            "to_button_id": "button.menu_exit",
            "mapping_type": "global"
          },
          {
            "from_button_id": "button.menu_up",
            "to_button_id": "button.menu_up",
            "mapping_type": "global",
            "scope": "view"
          },
          {
            "from_button_id": "button.menu_down",
            "to_button_id": "button.menu_down",
            "mapping_type": "global",
            "scope": "view"
          },
          {
            "from_button_id": "button.menu_left",
            "to_button_id": "button.menu_left",
            "mapping_type": "global",
            "scope": "view"
          },
          {
            "from_button_id": "button.menu_right",
            "to_button_id": "button.menu_right",
            "mapping_type": "global",
            "scope": "view"
          },
          {
            "from_button_id": "button.menu_select",
            "to_button_id": "button.cursor_drop_all",
            "mapping_type": "pressed"
          },
          {
            "from_button_id": "button.menu_secondary_select",
            "to_button_id": "button.cursor_drop_one",
            "mapping_type": "pressed"
          },
          {
            "from_button_id": "button.menu_ok",
            "to_button_id": "button.cursor_drop_all",
            "mapping_type": "pressed"
          },
          {
            "from_button_id": "button.controller_select",
            "to_button_id": "button.cursor_drop_one",
            "mapping_type": "pressed"
          },
          {
            "from_button_id": "button.controller_secondary_select",
            "to_button_id": "button.cursor_drop_all",
            "mapping_type": "pressed"
          },
          {
            "from_button_id": "button.menu_tab_left",
            "to_button_id": "button.left_panel_tab_decrement",
            "mapping_type": "global"
          },
          {
            "from_button_id": "button.menu_tab_right",
            "to_button_id": "button.menu_tab_right",
            "mapping_type": "global"
          },
          {
            "from_button_id": "button.menu_alternate_tab_left",
            "to_button_id": "button.left_panel_tab_increment",
            "mapping_type": "global"
          },
          {
            "from_button_id": "button.menu_alternate_tab_right",
            "to_button_id": "button.menu_alternate_tab_right",
            "mapping_type": "global"
          },
          {
            "from_button_id": "button.controller_secondary_select_left",
            "to_button_id": "button.focus_left",
            "mapping_type": "global"
          },
          {
            "from_button_id": "button.menu_clear",
            "to_button_id": "button.menu_clear",
            "mapping_type": "focused"
          }
        ]
      }
    ]
  }
}