{
  "format_version": "1.8.0",
  "animation_controllers": {
    "controller.animation.bomb_moon_cake": {
      "states": {
        "default": {
          "transitions": [
            { "moon_cake": "query.is_baby" }
          ]
        },
        "moon_cake": {
          "particle_effects": [
            {
              "effect": "moon_cake"
            }
          ],
          "transitions": [
            { "default": "!query.baby" }
          ]
        }
      }
    }
  }
}