{
	"format_version": "1.10.0",
	"geometry.black_bat": {
		"texturewidth": 96,
		"textureheight": 96,
		"visible_bounds_width": 3,
		"visible_bounds_height": 1,
		"visible_bounds_offset": [0, 0.5, 0],
		"bones": [
			{
				"name": "body",
				"pivot": [0, 0, 0]
			},
			{
				"name": "bone3",
				"parent": "body",
				"pivot": [0, 0, 0],
				"cubes": [
					{"origin": [1, 0, -8], "size": [1, 1, 14], "uv": [0, 0], "mirror": true},
					{"origin": [0, 0, -6], "size": [1, 1, 12], "uv": [0, 0], "mirror": true},
					{"origin": [0, 0, 7], "size": [1, 1, 1], "uv": [0, 0], "mirror": true},
					{"origin": [0, 0, 6], "size": [1, 1, 1], "uv": [0, 0], "mirror": true},
					{"origin": [2, 0, 2], "size": [1, 1, 1], "uv": [0, 0], "mirror": true},
					{"origin": [3, 0, 1], "size": [1, 1, 1], "uv": [0, 0], "mirror": true},
					{"origin": [3, 0, 0], "size": [1, 1, 1], "uv": [0, 0], "mirror": true},
					{"origin": [2, 0, 1], "size": [1, 1, 1], "uv": [0, 0], "mirror": true},
					{"origin": [4, 0, 1], "size": [1, 1, 1], "uv": [0, 0], "mirror": true},
					{"origin": [5, 0, 0], "size": [1, 1, 1], "uv": [0, 0], "mirror": true},
					{"origin": [4, 0, 0], "size": [1, 1, 1], "uv": [0, 0], "mirror": true},
					{"origin": [5, 0, -1], "size": [1, 1, 1], "uv": [0, 0], "mirror": true},
					{"origin": [4, 0, -1], "size": [1, 1, 1], "uv": [0, 0], "mirror": true},
					{"origin": [3, 0, -1], "size": [1, 1, 1], "uv": [0, 0], "mirror": true},
					{"origin": [6, 0, -1], "size": [1, 1, 1], "uv": [0, 0], "mirror": true},
					{"origin": [6, 0, -1], "size": [1, 1, 1], "uv": [0, 0], "mirror": true},
					{"origin": [7, 0, -1], "size": [1, 1, 1], "uv": [0, 0], "mirror": true},
					{"origin": [8, 0, -1], "size": [1, 1, 1], "uv": [0, 0], "mirror": true},
					{"origin": [7, 0, -2], "size": [1, 1, 1], "uv": [0, 0], "mirror": true},
					{"origin": [6, 0, -2], "size": [1, 1, 1], "uv": [0, 0], "mirror": true},
					{"origin": [5, 0, -2], "size": [1, 1, 1], "uv": [0, 0], "mirror": true},
					{"origin": [4, 0, -2], "size": [1, 1, 1], "uv": [0, 0], "mirror": true},
					{"origin": [3, 0, -2], "size": [1, 1, 1], "uv": [0, 0], "mirror": true},
					{"origin": [8, 0, -2], "size": [1, 1, 1], "uv": [0, 0], "mirror": true},
					{"origin": [8, 0, -3], "size": [1, 1, 1], "uv": [0, 0], "mirror": true},
					{"origin": [7, 0, -3], "size": [1, 1, 1], "uv": [0, 0], "mirror": true},
					{"origin": [6, 0, -3], "size": [1, 1, 1], "uv": [0, 0], "mirror": true},
					{"origin": [5, 0, -3], "size": [1, 1, 1], "uv": [0, 0], "mirror": true},
					{"origin": [4, 0, -3], "size": [1, 1, 1], "uv": [0, 0], "mirror": true},
					{"origin": [3, 0, -3], "size": [1, 1, 1], "uv": [0, 0], "mirror": true},
					{"origin": [7, 0, -4], "size": [1, 1, 1], "uv": [0, 0], "mirror": true},
					{"origin": [5, 0, -4], "size": [1, 1, 1], "uv": [0, 0], "mirror": true},
					{"origin": [6, 0, -4], "size": [1, 1, 1], "uv": [0, 0], "mirror": true},
					{"origin": [8, 0, -4], "size": [1, 1, 1], "uv": [0, 0], "mirror": true},
					{"origin": [7, 0, -5], "size": [1, 1, 1], "uv": [0, 0], "mirror": true},
					{"origin": [6, 0, -5], "size": [1, 1, 1], "uv": [0, 0], "mirror": true},
					{"origin": [5, 0, -5], "size": [1, 1, 1], "uv": [0, 0], "mirror": true},
					{"origin": [8, 0, -5], "size": [1, 1, 1], "uv": [0, 0], "mirror": true},
					{"origin": [8, 0, -6], "size": [1, 1, 1], "uv": [0, 0], "mirror": true},
					{"origin": [9, 0, -1], "size": [1, 1, 1], "uv": [0, 0], "mirror": true},
					{"origin": [9, 0, -2], "size": [1, 1, 1], "uv": [0, 0], "mirror": true},
					{"origin": [11, 0, 1], "size": [1, 1, 1], "uv": [0, 0], "mirror": true},
					{"origin": [11, 0, 2], "size": [1, 1, 1], "uv": [0, 0], "mirror": true},
					{"origin": [10, 0, 4], "size": [1, 1, 1], "uv": [0, 0], "mirror": true},
					{"origin": [11, 0, 4], "size": [1, 1, 1], "uv": [0, 0], "mirror": true},
					{"origin": [10, 0, 5], "size": [1, 1, 1], "uv": [0, 0], "mirror": true},
					{"origin": [11, 0, 3], "size": [1, 1, 1], "uv": [0, 0], "mirror": true},
					{"origin": [12, 0, 3], "size": [1, 1, 1], "uv": [0, 0], "mirror": true},
					{"origin": [12, 0, 2], "size": [1, 1, 1], "uv": [0, 0], "mirror": true},
					{"origin": [13, 0, 2], "size": [1, 1, 1], "uv": [0, 0], "mirror": true},
					{"origin": [13, 0, 1], "size": [1, 1, 1], "uv": [0, 0], "mirror": true},
					{"origin": [14, 0, -6], "size": [1, 1, 1], "uv": [0, 0], "mirror": true},
					{"origin": [14, 0, -7], "size": [1, 1, 1], "uv": [0, 0], "mirror": true},
					{"origin": [13, 0, -7], "size": [1, 1, 1], "uv": [0, 0], "mirror": true},
					{"origin": [12, 0, -7], "size": [1, 1, 1], "uv": [0, 0], "mirror": true},
					{"origin": [11, 0, -7], "size": [1, 1, 1], "uv": [0, 0], "mirror": true},
					{"origin": [10, 0, -8], "size": [1, 1, 1], "uv": [0, 0], "mirror": true},
					{"origin": [10, 0, -7], "size": [1, 1, 1], "uv": [0, 0], "mirror": true},
					{"origin": [13, 0, -6], "size": [1, 1, 1], "uv": [0, 0], "mirror": true},
					{"origin": [12, 0, -6], "size": [1, 1, 1], "uv": [0, 0], "mirror": true},
					{"origin": [11, 0, -6], "size": [1, 1, 1], "uv": [0, 0], "mirror": true},
					{"origin": [10, 0, -6], "size": [1, 1, 1], "uv": [0, 0], "mirror": true},
					{"origin": [12, 0, -8], "size": [1, 1, 1], "uv": [0, 0], "mirror": true},
					{"origin": [11, 0, -8], "size": [1, 1, 1], "uv": [0, 0], "mirror": true},
					{"origin": [10, 0, -9], "size": [1, 1, 1], "uv": [0, 0], "mirror": true},
					{"origin": [9, 0, -9], "size": [1, 1, 1], "uv": [0, 0], "mirror": true},
					{"origin": [8, 0, -9], "size": [1, 1, 1], "uv": [0, 0], "mirror": true},
					{"origin": [8, 0, -8], "size": [1, 1, 1], "uv": [0, 0], "mirror": true},
					{"origin": [8, 0, -7], "size": [1, 1, 1], "uv": [0, 0], "mirror": true},
					{"origin": [7, 0, -7], "size": [1, 1, 1], "uv": [0, 0], "mirror": true},
					{"origin": [7, 0, -6], "size": [1, 1, 1], "uv": [0, 0], "mirror": true},
					{"origin": [6, 0, -6], "size": [1, 1, 1], "uv": [0, 0], "mirror": true},
					{"origin": [5, 0, -6], "size": [1, 1, 1], "uv": [0, 0], "mirror": true},
					{"origin": [4, 0, -5], "size": [1, 1, 1], "uv": [0, 0], "mirror": true},
					{"origin": [4, 0, -4], "size": [1, 1, 1], "uv": [0, 0], "mirror": true},
					{"origin": [3, 0, -4], "size": [1, 1, 1], "uv": [0, 0], "mirror": true},
					{"origin": [3, 0, -5], "size": [1, 1, 1], "uv": [0, 0], "mirror": true},
					{"origin": [2, 0, -6], "size": [1, 1, 1], "uv": [0, 0], "mirror": true},
					{"origin": [8, 0, -10], "size": [1, 1, 1], "uv": [0, 0], "mirror": true},
					{"origin": [7, 0, -10], "size": [1, 1, 1], "uv": [0, 0], "mirror": true},
					{"origin": [14, 0, 1], "size": [1, 1, 1], "uv": [0, 0], "mirror": true},
					{"origin": [10, 0, -5], "size": [6, 1, 6], "uv": [0, 0], "mirror": true},
					{"origin": [2, 0, -5], "size": [1, 1, 6], "uv": [0, 0], "mirror": true},
					{"origin": [9, 0, -8], "size": [1, 1, 6], "uv": [0, 0], "mirror": true},
					{"origin": [12, 0, 1], "size": [1, 1, 1], "uv": [0, 0], "mirror": true}
				]
			},
			{
				"name": "bone",
				"parent": "body",
				"pivot": [0, 0, 0],
				"cubes": [
					{"origin": [-2, 0, -8], "size": [1, 1, 14], "uv": [0, 0]},
					{"origin": [-1, 0, -6], "size": [1, 1, 12], "uv": [0, 0]},
					{"origin": [-1, 0, 7], "size": [1, 1, 1], "uv": [0, 0]},
					{"origin": [-1, 0, 6], "size": [1, 1, 1], "uv": [0, 0]},
					{"origin": [-3, 0, 2], "size": [1, 1, 1], "uv": [0, 0]},
					{"origin": [-4, 0, 1], "size": [1, 1, 1], "uv": [0, 0]},
					{"origin": [-4, 0, 0], "size": [1, 1, 1], "uv": [0, 0]},
					{"origin": [-3, 0, 1], "size": [1, 1, 1], "uv": [0, 0]},
					{"origin": [-5, 0, 1], "size": [1, 1, 1], "uv": [0, 0]},
					{"origin": [-6, 0, 0], "size": [1, 1, 1], "uv": [0, 0]},
					{"origin": [-5, 0, 0], "size": [1, 1, 1], "uv": [0, 0]},
					{"origin": [-6, 0, -1], "size": [1, 1, 1], "uv": [0, 0]},
					{"origin": [-5, 0, -1], "size": [1, 1, 1], "uv": [0, 0]},
					{"origin": [-4, 0, -1], "size": [1, 1, 1], "uv": [0, 0]},
					{"origin": [-7, 0, -1], "size": [1, 1, 1], "uv": [0, 0]},
					{"origin": [-7, 0, -1], "size": [1, 1, 1], "uv": [0, 0]},
					{"origin": [-8, 0, -1], "size": [1, 1, 1], "uv": [0, 0]},
					{"origin": [-9, 0, -1], "size": [1, 1, 1], "uv": [0, 0]},
					{"origin": [-8, 0, -2], "size": [1, 1, 1], "uv": [0, 0]},
					{"origin": [-7, 0, -2], "size": [1, 1, 1], "uv": [0, 0]},
					{"origin": [-6, 0, -2], "size": [1, 1, 1], "uv": [0, 0]},
					{"origin": [-5, 0, -2], "size": [1, 1, 1], "uv": [0, 0]},
					{"origin": [-4, 0, -2], "size": [1, 1, 1], "uv": [0, 0]},
					{"origin": [-9, 0, -2], "size": [1, 1, 1], "uv": [0, 0]},
					{"origin": [-9, 0, -3], "size": [1, 1, 1], "uv": [0, 0]},
					{"origin": [-8, 0, -3], "size": [1, 1, 1], "uv": [0, 0]},
					{"origin": [-7, 0, -3], "size": [1, 1, 1], "uv": [0, 0]},
					{"origin": [-6, 0, -3], "size": [1, 1, 1], "uv": [0, 0]},
					{"origin": [-5, 0, -3], "size": [1, 1, 1], "uv": [0, 0]},
					{"origin": [-4, 0, -3], "size": [1, 1, 1], "uv": [0, 0]},
					{"origin": [-8, 0, -4], "size": [1, 1, 1], "uv": [0, 0]},
					{"origin": [-6, 0, -4], "size": [1, 1, 1], "uv": [0, 0]},
					{"origin": [-7, 0, -4], "size": [1, 1, 1], "uv": [0, 0]},
					{"origin": [-9, 0, -4], "size": [1, 1, 1], "uv": [0, 0]},
					{"origin": [-8, 0, -5], "size": [1, 1, 1], "uv": [0, 0]},
					{"origin": [-7, 0, -5], "size": [1, 1, 1], "uv": [0, 0]},
					{"origin": [-6, 0, -5], "size": [1, 1, 1], "uv": [0, 0]},
					{"origin": [-9, 0, -5], "size": [1, 1, 1], "uv": [0, 0]},
					{"origin": [-9, 0, -6], "size": [1, 1, 1], "uv": [0, 0]},
					{"origin": [-10, 0, -1], "size": [1, 1, 1], "uv": [0, 0]},
					{"origin": [-10, 0, -2], "size": [1, 1, 1], "uv": [0, 0]},
					{"origin": [-12, 0, 1], "size": [1, 1, 1], "uv": [0, 0]},
					{"origin": [-12, 0, 2], "size": [1, 1, 1], "uv": [0, 0]},
					{"origin": [-11, 0, 4], "size": [1, 1, 1], "uv": [0, 0]},
					{"origin": [-12, 0, 4], "size": [1, 1, 1], "uv": [0, 0]},
					{"origin": [-11, 0, 5], "size": [1, 1, 1], "uv": [0, 0]},
					{"origin": [-12, 0, 3], "size": [1, 1, 1], "uv": [0, 0]},
					{"origin": [-13, 0, 3], "size": [1, 1, 1], "uv": [0, 0]},
					{"origin": [-13, 0, 2], "size": [1, 1, 1], "uv": [0, 0]},
					{"origin": [-14, 0, 2], "size": [1, 1, 1], "uv": [0, 0]},
					{"origin": [-14, 0, 1], "size": [1, 1, 1], "uv": [0, 0]},
					{"origin": [-15, 0, -6], "size": [1, 1, 1], "uv": [0, 0]},
					{"origin": [-15, 0, -7], "size": [1, 1, 1], "uv": [0, 0]},
					{"origin": [-14, 0, -7], "size": [1, 1, 1], "uv": [0, 0]},
					{"origin": [-13, 0, -7], "size": [1, 1, 1], "uv": [0, 0]},
					{"origin": [-12, 0, -7], "size": [1, 1, 1], "uv": [0, 0]},
					{"origin": [-11, 0, -8], "size": [1, 1, 1], "uv": [0, 0]},
					{"origin": [-11, 0, -7], "size": [1, 1, 1], "uv": [0, 0]},
					{"origin": [-14, 0, -6], "size": [1, 1, 1], "uv": [0, 0]},
					{"origin": [-13, 0, -6], "size": [1, 1, 1], "uv": [0, 0]},
					{"origin": [-12, 0, -6], "size": [1, 1, 1], "uv": [0, 0]},
					{"origin": [-11, 0, -6], "size": [1, 1, 1], "uv": [0, 0]},
					{"origin": [-13, 0, -8], "size": [1, 1, 1], "uv": [0, 0]},
					{"origin": [-12, 0, -8], "size": [1, 1, 1], "uv": [0, 0]},
					{"origin": [-11, 0, -9], "size": [1, 1, 1], "uv": [0, 0]},
					{"origin": [-10, 0, -9], "size": [1, 1, 1], "uv": [0, 0]},
					{"origin": [-9, 0, -9], "size": [1, 1, 1], "uv": [0, 0]},
					{"origin": [-9, 0, -8], "size": [1, 1, 1], "uv": [0, 0]},
					{"origin": [-9, 0, -7], "size": [1, 1, 1], "uv": [0, 0]},
					{"origin": [-8, 0, -7], "size": [1, 1, 1], "uv": [0, 0]},
					{"origin": [-8, 0, -6], "size": [1, 1, 1], "uv": [0, 0]},
					{"origin": [-7, 0, -6], "size": [1, 1, 1], "uv": [0, 0]},
					{"origin": [-6, 0, -6], "size": [1, 1, 1], "uv": [0, 0]},
					{"origin": [-5, 0, -5], "size": [1, 1, 1], "uv": [0, 0]},
					{"origin": [-5, 0, -4], "size": [1, 1, 1], "uv": [0, 0]},
					{"origin": [-4, 0, -4], "size": [1, 1, 1], "uv": [0, 0]},
					{"origin": [-4, 0, -5], "size": [1, 1, 1], "uv": [0, 0]},
					{"origin": [-3, 0, -6], "size": [1, 1, 1], "uv": [0, 0]},
					{"origin": [-9, 0, -10], "size": [1, 1, 1], "uv": [0, 0]},
					{"origin": [-8, 0, -10], "size": [1, 1, 1], "uv": [0, 0]},
					{"origin": [-15, 0, 1], "size": [1, 1, 1], "uv": [0, 0]},
					{"origin": [-16, 0, -5], "size": [6, 1, 6], "uv": [0, 0]},
					{"origin": [-3, 0, -5], "size": [1, 1, 6], "uv": [0, 0]},
					{"origin": [-10, 0, -8], "size": [1, 1, 6], "uv": [0, 0]},
					{"origin": [-13, 0, 1], "size": [1, 1, 1], "uv": [0, 0]}
				]
			}
		]
	}
}