{
	"format_version": "1.10.0",
	"geometry.dsword": {
		"texturewidth": 256,
		"textureheight": 256,
		"visible_bounds_width": 3,
		"visible_bounds_height": 1,
		"visible_bounds_offset": [0, 0.5, 0],
		"bones": [
			{
				"name": "head",
				"pivot": [0, 0, 0],
				"rotation": [0, 90, 90],
				"cubes": [
					{"origin": [7, -0.5, 7], "size": [1, 1, 1], "uv": [12, 0]},
					{"origin": [6, -0.5, 7], "size": [1, 1, 1], "uv": [12, 0]},
					{"origin": [5, -0.5, 6], "size": [1, 1, 1], "uv": [12, 0]},
					{"origin": [5, -0.5, 7], "size": [1, 1, 1], "uv": [12, 0]},
					{"origin": [7, -0.5, 6], "size": [1, 1, 1], "uv": [20, 0]},
					{"origin": [7, -0.5, 5], "size": [1, 1, 1], "uv": [20, 0]},
					{"origin": [6, -0.5, 5], "size": [1, 1, 1], "uv": [20, 0]},
					{"origin": [6, -0.5, 6], "size": [1, 1, 1], "uv": [24, 0]},
					{"origin": [3, -0.5, 3], "size": [1, 1, 1], "uv": [32, 0]},
					{"origin": [2, -0.5, 3], "size": [1, 1, 1], "uv": [12, 0]},
					{"origin": [1, -0.5, 4], "size": [1, 1, 1], "uv": [12, 0]},
					{"origin": [0, -0.5, 4], "size": [1, 1, 1], "uv": [12, 0]},
					{"origin": [-1, -0.5, 5], "size": [1, 1, 1], "uv": [12, 0]},
					{"origin": [-1, -0.5, 4], "size": [1, 1, 1], "uv": [20, 0]},
					{"origin": [-2, -0.5, 5], "size": [1, 1, 1], "uv": [12, 0]},
					{"origin": [-2, -0.5, 4], "size": [1, 1, 1], "uv": [12, 0]},
					{"origin": [4, -0.5, 3], "size": [1, 1, 1], "uv": [36, 0]},
					{"origin": [2, -0.5, 2], "size": [1, 1, 1], "uv": [24, 0]},
					{"origin": [1, -0.5, 3], "size": [1, 1, 1], "uv": [20, 0]},
					{"origin": [0, -0.5, 3], "size": [1, 1, 1], "uv": [20, 0]},
					{"origin": [-1, -0.5, 3], "size": [1, 1, 1], "uv": [12, 0]},
					{"origin": [1, -0.5, 2], "size": [1, 1, 1], "uv": [20, 0]},
					{"origin": [0, -0.5, 2], "size": [1, 1, 1], "uv": [12, 0]},
					{"origin": [3, -0.5, 2], "size": [1, 1, 1], "uv": [20, 0]},
					{"origin": [3, -0.5, 0], "size": [1, 1, 1], "uv": [24, 0]},
					{"origin": [3, -0.5, -1], "size": [1, 1, 1], "uv": [20, 0]},
					{"origin": [2, -0.5, 1], "size": [1, 1, 1], "uv": [24, 0]},
					{"origin": [2, -0.5, 0], "size": [1, 1, 1], "uv": [12, 0]},
					{"origin": [3, -0.5, 1], "size": [1, 1, 1], "uv": [24, 0]},
					{"origin": [4, -0.5, 1], "size": [1, 1, 1], "uv": [20, 0]},
					{"origin": [4, -0.5, 0], "size": [1, 1, 1], "uv": [20, 0]},
					{"origin": [5, -0.5, -1], "size": [1, 1, 1], "uv": [20, 0]},
					{"origin": [4, -0.5, -1], "size": [1, 1, 1], "uv": [24, 0]},
					{"origin": [5, -0.5, -2], "size": [1, 1, 1], "uv": [20, 0]},
					{"origin": [4, -0.5, -2], "size": [1, 1, 1], "uv": [20, 0]},
					{"origin": [1, -0.5, 1], "size": [1, 1, 1], "uv": [9, 0]},
					{"origin": [0, -0.5, 0], "size": [1, 1, 1], "uv": [9, 1]},
					{"origin": [0, -0.5, -1], "size": [1, 1, 1], "uv": [16, 0]},
					{"origin": [0, -0.5, 1], "size": [1, 1, 1], "uv": [16, 0]},
					{"origin": [-1, -0.5, 1], "size": [1, 1, 1], "uv": [12, 0]},
					{"origin": [1, -0.5, 0], "size": [1, 1, 1], "uv": [16, 0]},
					{"origin": [1, -0.5, -1], "size": [1, 1, 1], "uv": [20, 0]},
					{"origin": [-1, -0.5, -1], "size": [1, 1, 1], "uv": [6, 0]},
					{"origin": [-1, -0.5, -2], "size": [1, 1, 1], "uv": [16, 0]},
					{"origin": [0, -0.5, -2], "size": [1, 1, 1], "uv": [20, 0]},
					{"origin": [-1, -0.5, 0], "size": [1, 1, 1], "uv": [16, 0]},
					{"origin": [-2, -0.5, 0], "size": [1, 1, 1], "uv": [12, 0]},
					{"origin": [-2, -0.5, -2], "size": [1, 1, 1], "uv": [4, 0]},
					{"origin": [-2, -0.5, -1], "size": [1, 1, 1], "uv": [16, 0]},
					{"origin": [-3, -0.5, -1], "size": [1, 1, 1], "uv": [12, 0]},
					{"origin": [-1, -0.5, -3], "size": [1, 1, 1], "uv": [20, 0]},
					{"origin": [-3, -0.5, -3], "size": [1, 1, 1], "uv": [6, 0]},
					{"origin": [-2, -0.5, -3], "size": [1, 1, 1], "uv": [0, 0]},
					{"origin": [-3, -0.5, -2], "size": [1, 1, 1], "uv": [16, 0]},
					{"origin": [-4, -0.5, -2], "size": [1, 1, 1], "uv": [12, 0]},
					{"origin": [-3, -0.5, -4], "size": [1, 1, 1], "uv": [0, 0]},
					{"origin": [-3, -0.5, -5], "size": [1, 1, 1], "uv": [20, 0]},
					{"origin": [-2, -0.5, -4], "size": [1, 1, 1], "uv": [20, 0]},
					{"origin": [-3, -0.5, -4], "size": [1, 1, 1], "uv": [0, 0]},
					{"origin": [-4, -0.5, -4], "size": [1, 1, 1], "uv": [5, 2]},
					{"origin": [-4, -0.5, -3], "size": [1, 1, 1], "uv": [16, 0]},
					{"origin": [-5, -0.5, -3], "size": [1, 1, 1], "uv": [12, 0]},
					{"origin": [-4, -0.5, -5], "size": [1, 1, 1], "uv": [0, 0]},
					{"origin": [-4, -0.5, -6], "size": [1, 1, 1], "uv": [20, 0]},
					{"origin": [-5, -0.5, -6], "size": [1, 1, 1], "uv": [0, 0]},
					{"origin": [-5, -0.5, -7], "size": [1, 1, 1], "uv": [20, 0]},
					{"origin": [-5, -0.5, -5], "size": [1, 1, 1], "uv": [6, 0]},
					{"origin": [-5, -0.5, -4], "size": [1, 1, 1], "uv": [16, 0]},
					{"origin": [-6, -0.5, -4], "size": [1, 1, 1], "uv": [12, 0]},
					{"origin": [-6, -0.5, -6], "size": [1, 1, 1], "uv": [4, 0]},
					{"origin": [-6, -0.5, -5], "size": [1, 1, 1], "uv": [0, 0]},
					{"origin": [-7, -0.5, -5], "size": [1, 1, 1], "uv": [12, 0]},
					{"origin": [-6, -0.5, -7], "size": [1, 1, 1], "uv": [0, 0]},
					{"origin": [-6, -0.5, -8], "size": [1, 1, 1], "uv": [20, 0]},
					{"origin": [-7, -0.5, -7], "size": [1, 1, 1], "uv": [0, 0]},
					{"origin": [-7, -0.5, -6], "size": [1, 1, 1], "uv": [0, 0]},
					{"origin": [-8, -0.5, -6], "size": [1, 1, 1], "uv": [12, 0]},
					{"origin": [-7, -0.5, -8], "size": [1, 1, 1], "uv": [20, 0]},
					{"origin": [-8, -0.5, -8], "size": [1, 1, 1], "uv": [20, 0]},
					{"origin": [-8, -0.5, -7], "size": [1, 1, 1], "uv": [12, 0]},
					{"origin": [3, -0.5, 4], "size": [1, 1, 1], "uv": [28, 0]},
					{"origin": [5, -0.5, 4], "size": [1, 1, 1], "uv": [36, 0]},
					{"origin": [5, -0.5, 5], "size": [1, 1, 1], "uv": [32, 0]},
					{"origin": [4, -0.5, 5], "size": [1, 1, 1], "uv": [28, 0]},
					{"origin": [4, -0.5, 4], "size": [1, 1, 1], "uv": [32, 0]}
				]
			}
		]
	}
}