{
  "format_version": "1.8.0",
  "minecraft:client_entity": {
    "description": {
      "identifier": "bomb:coin",
      "materials": { "default": "slime" },
      "textures": {
        "default": "textures/bullet"
      },
      "geometry": {
        "default": "geometry.bullet"
      },
      "scripts": {
        "scale": "0.1"
      },
      "spawn_egg": {
        "texture": "spawn_egg",
        "texture_index": 99
      },
      "render_controllers": [ "controller.render.slime" ]
    }
  }
}