{
	"format_version": "1.16.0",
	"minecraft:entity": {
		"description": {
			"identifier": "mclaren:sennaorangeblack",
			"is_spawnable": true,
			"is_summonable": true,
			"is_experimental": false,
			"scripts": {
				"animate": [
					"startup",
					"seat"
			]
		},
		"animations": {
			"startup": "controller.animation.mclaren_startup",
			"seat": "controller.animation.ashminggu_seat"
			}
		},
		"component_groups": {
		},
		"components": {
			"minecraft:type_family": {
				"family": [
					"cars",
					"mclaren",
                                        "senna"
				]
			},
			"minecraft:knockback_resistance": {
				"value": 1,
				"max": 1
			},
			"minecraft:scale": {
				"value": 0.38
			},
			"minecraft:collision_box": {
				"width": 4.0,
				"height": 4.0
			},
			"minecraft:health": {
				"value": 50
			},
			"minecraft:movement": {
				"value": 0.8
			},
			"minecraft:movement.basic": {},
			"minecraft:jump.static": {},
			"minecraft:input_ground_controlled": {},
			"minecraft:physics": {},
			"minecraft:rideable": {
				"seat_count": 2,
				"crouching_skip_interact": true,
				"interact_text": "Drive",
				"family_types": [
					"player",
					"villager"
				],
				"pull_in_entities": true,
				"seats": [
					{
						"position": [
							1.0,
							0.5,
							1.0
						],
						"min_rider_count": 1,
						"max_rider_count": 2
					},
					{
						"position": [
							-1.0,
							0.5,
							1.0
						],
						"min_rider_count": 1,
						"max_rider_count": 2
					}
				]
			},
			"minecraft:pushable": {
				"is_pushable": false,
				"is_pushable_by_piston": true
			}
		},
		"events": {
		}
	}
}