{
	"format_version": "1.10.0",
	"animation_controllers": {
		"controller.animation.coin": {
			"states": {
				"default": {
					"transitions": [
						{
							"coin": "query.mark_variant == 1 && query.variant == 16 && query.item_remaining_use_duration > 0"
						}
					],
					"on_entry": [
						"@s coin:fire",
                        "/replaceitem entity @s slot.weapon.mainhand 0 bomb:coin 1 1"
					]
				},
				"coin": {
					"transitions": [
						{
							"default": "query.mark_variant == 1 && query.variant == 16 && query.item_remaining_use_duration > 0"
						}
					],
					"on_entry": [
						"@s coin:fire",
                        "/replaceitem entity @s slot.weapon.mainhand 0 bomb:coin 1 2"
					]
				}
			}
		}
	}
}