{
	"format_version": "1.10.0",
	"animation_controllers": {
		"controller.animation.peace": {
			"states": {
				"default": {
					"transitions": [
						{
							"peace": "query.mark_variant == 1 && query.variant == 19 && query.item_remaining_use_duration > 0"
						}
					],
					"on_entry": [
						"@s peace:fire",
                        "/replaceitem entity @s slot.weapon.mainhand 0 bomb:peace 1 1"
					]
				},
				"peace": {
					"transitions": [
						{
							"default": "query.mark_variant == 1 && query.variant == 19 && query.item_remaining_use_duration > 0"
						}
					],
					"on_entry": [
						"@s peace:fire",
                        "/replaceitem entity @s slot.weapon.mainhand 0 bomb:peace 1 2"
					]
				}
			}
		}
	}
}