{
	"format_version": "1.10.0",
	"animation_controllers": {
		"controller.animation.pumpkin": {
			"states": {
				"default": {
					"transitions": [
						{
							"pumpkin": "query.mark_variant == 1 && query.variant == 21 && query.item_remaining_use_duration > 0"
						}
					],
					"on_entry": [
						"@s pumpkin:fire",
                        "/replaceitem entity @s slot.weapon.mainhand 0 bomb:pumpkin 1 1"
					]
				},
				"pumpkin": {
					"transitions": [
						{
							"default": "query.mark_variant == 1 && query.variant == 21 && query.item_remaining_use_duration > 0"
						}
					],
					"on_entry": [
						"@s pumpkin:fire",
                        "/replaceitem entity @s slot.weapon.mainhand 0 bomb:pumpkin 1 2"
					]
				}
			}
		}
	}
}