{
	"format_version": "1.10.0",
	"animation_controllers": {
		"controller.animation.rpg": {
			"states": {
                                                                                                               
				"default": {
					"transitions": [
						{
							"rpg_2": "query.mark_variant == 2 && query.variant == 17"
						},
						{
							"rpg_1": "query.mark_variant == 1 && query.variant == 17 && query.item_remaining_use_duration > 0"
						}
					],
					"on_entry": [
						"@s mm"
					]
				},
				"rpg_2": {
					"transitions": [
						{
							"default": "(1.0)"
						}
					],
					"on_entry": [
	"/replaceitem entity @s slot.weapon.mainhand 0 bomb:rpg 1 1"
					]
				},
				"rpg_1": {
					"transitions": [
						{
							"default": "(1.0)"
						}
					],
					"on_entry": [
	"@s rpg:fire",
    "/tp @s ~ ~ ~ ~ ~-1",
    "/replaceitem entity @s slot.weapon.mainhand 0 bomb:rpg_empty 1 0"
					]
				}
			}
		}
	}
}