{
 "format_version": "1.8.0",
 "minecraft:entity": {
   "description": {
	"identifier": "bomb:rpg",
	"is_spawnable": false,
	"is_summonable": true,
	"is_experimental": false,
	"runtime_identifier": "minecraft:egg"
   },

  "component_groups": {
   "minecraft:exploding": {
    "minecraft:is_baby": {
    },
    "minecraft:explode": {
     "fuseLength": 0,
     "fuseLit": true,
     "power": 5
    }
   }
  },

  "components": {
   "minecraft:type_family": {
       "family": ["bomb"]
   },
   "minecraft:collision_box": {
       "width": 0.01,
       "height": 0.01
   },
   "minecraft:scale": {
       "value":1.6
   },
    "minecraft:explode": {
     "fuseLength": 3,
     "fuseLit": true,
     "power": 5
    },
            "minecraft:spawn_entity": [
              {
                "min_wait_time": 0,
                "max_wait_time": 0,
                "single_use": true,
                "spawn_entity": "xx:xx",
                "spawn_sound": "purr",
                "num_to_spawn": 1
              }
            ],
   "minecraft:projectile": {
    "onHit": {
     "definition_event": {
      "affectProjectile": true,
      "eventTrigger": {
            "event": "minecraft:explode",
            "target": "self"
      }
     }
    },
        "power": 1.5,
        "gravity": -0.01,
        "angleoffset": 0.0
   },
   "minecraft:physics": {
   }
  },
  "events": {
   "minecraft:explode": {
    "add": {
     "component_groups": [
      "minecraft:exploding"
     ]
    }
   }
  }
 }
}