{
 "format_version": "1.8.0",
 "minecraft:entity": {
   "description": {
	"identifier": "bomb:tnt",
	"is_spawnable": false,
	"is_summonable": true,
	"is_experimental": false,
	"runtime_identifier": "minecraft:egg"
   },


  "components": {
   "minecraft:type_family": {
       "family": ["bomb"]
   },
   "minecraft:collision_box": {
       "width": 0.01,
       "height": 0.01
   },
    "minecraft:explode": {
     "fuseLength": 0,
     "fuseLit": true,
     "power": 6
    },
   "minecraft:physics": {
   }
  }
 }
}