{
	"format_version": "1.8.0",
	"minecraft:entity": {
		"description": {
			"identifier": "bomb:pumpkin",
			"is_spawnable": false,
			"is_summonable": true,
			"is_experimental": false,
			"runtime_identifier": "minecraft:egg",
"scripts":{
"animate":[
"tan"
]
},
"animations":{
"tan":"controller.animation.tan"
}
		},

  "component_groups": {
   "up": {
        "minecraft:is_baby": {
        },
			"minecraft:projectile": {
				"onHit": {
					"impact_damage": {
	    				"damage": 10,
						"knockback": true
					},
     "definition_event": {
      "affectProjectile": true,
      "eventTrigger": {
            "event": "down",
            "target": "self"
      }
     },
          "particle_on_hit": {
            "particle_type": "iconcrack",
            "num_particles": 6,
            "on_entity_hit": true,
            "on_other_hit": true
          }
				},
                "power": 1.7,
                "gravity": -0.35,
                "angleoffset": 0.0
			}
   },
   "down": {
			"minecraft:projectile": {
				"onHit": {
					"impact_damage": {
	    				"damage": 10,
						"knockback": true
					},
     "definition_event": {
      "affectProjectile": true,
      "eventTrigger": {
            "event": "up",
            "target": "self"
      }
     },
          "particle_on_hit": {
            "particle_type": "iconcrack",
            "num_particles": 6,
            "on_entity_hit": true,
            "on_other_hit": true
          }
				},
                "power": 1.7,
                "gravity": 0.035,
                "angleoffset": 0.0
			}
   },
   "minecraft:exploding": {
    "minecraft:explode": {
     "fuseLength": 2.2,
     "fuseLit": true,
     "breaks_blocks": false,
     "power": 1,
     "fireAffectedByGriefing": true,
     "destroyAffectedByGriefing": true
    }
   }
  },

		"components": {
			"minecraft:type_family": {
				"family": ["magic"]
			},
			"minecraft:collision_box": {
				"width": 0.25,
				"height": 0.25
			},
            "minecraft:spawn_entity": [
              {
                "min_wait_time": 0,
                "max_wait_time": 0,
                "single_use": true,
                "spawn_entity": "xx:xx",
                "spawn_sound": "purr",
                "num_to_spawn": 1
              }
            ],
			"minecraft:projectile": {
				"onHit": {
					"impact_damage": {
	    				"damage": 10,
						"knockback": true
					},
     "definition_event": {
      "affectProjectile": true,
      "eventTrigger": {
            "event": "minecraft:explode",
            "target": "self"
      }
     },
          "particle_on_hit": {
            "particle_type": "iconcrack",
            "num_particles": 6,
            "on_entity_hit": true,
            "on_other_hit": true
          }
				},
                "power": 0.8,
                "gravity": 0.025,
                "angleoffset": 0.0
			},
			"minecraft:physics": {}
		},

  "events": {
   "up": {
    "remove": {
     "component_groups": [
      "down"
     ]
    },
    "add": {
     "component_groups": [
      "up"
     ]
    }
   },
   "down": {
    "remove": {
     "component_groups": [
      "up"
     ]
    },
    "add": {
     "component_groups": [
      "down"
     ]
    }
   },
   "minecraft:explode": {
    "add": {
     "component_groups": [
      "minecraft:exploding","up"
     ]
    }
   }
  }
	}
}