{
 "format_version": "1.8.0",
 "minecraft:entity": {
   "description": {
	"identifier": "bomb:moon_cake",
	"is_spawnable": false,
	"is_summonable": true,
	"is_experimental": false,
	"runtime_identifier": "minecraft:egg"
   },

  "component_groups": {
   "minecraft:exploding": {
    "minecraft:is_baby": {
    },
    "minecraft:explode": {
     "fuseLength": 0,
     "fuseLit": true,
     "power": 3
    }
   }
  },

  "components": {
   "minecraft:type_family": {
       "family": ["bomb"]
   },
   "minecraft:collision_box": {
       "width": 0.01,
       "height": 0.01
   },
   "minecraft:scale": {
       "value":0.6
   },
   "minecraft:projectile": {
    "onHit": {
     "definition_event": {
      "affectProjectile": true,
      "eventTrigger": {
            "event": "minecraft:explode",
            "target": "self"
      }
     }
    },
        "power": 1.3,
        "gravity": 0.03,
        "angleoffset": 0.0
   },
   "minecraft:physics": {
   }
  },
  "events": {
   "minecraft:explode": {
    "add": {
     "component_groups": [
      "minecraft:exploding"
     ]
    }
   }
  }
 }
}