{
 "format_version": "1.8.0",
 "minecraft:entity": {
   "description": {
	"identifier": "bomb:coin",
	"is_spawnable": false,
	"is_summonable": true,
	"is_experimental": false,
	"runtime_identifier": "minecraft:egg"
   },

  "component_groups": {
   "boom": {
    "minecraft:spawn_entity": [
     {
       "min_wait_time": 0.01,
       "max_wait_time": 0.01,
       "spawn_entity": "minecraft:tnt",
       "num_to_spawn": 1
     }
    ]
   }
  },

  "components": {
   "minecraft:type_family": {
       "family": ["bomb"]
   },
   "minecraft:collision_box": {
       "width": 0.01,
       "height": 0.01
   },
   "minecraft:timer": {
     "time": 0.1,
     "looping": false,
     "time_down_event": {
       "event": "boom",
       "target": "self"
     }
   },
    "minecraft:spawn_entity": [
     {
       "min_wait_time": 0.01,
       "max_wait_time": 0.01,
       "spawn_entity": "bomb:tnt",
       "num_to_spawn": 1
     }
    ],
   "minecraft:explode": {
   "fuseLength": 1.1,
   "fuseLit": true,
   "power": 6,
   "causesFire": false
   },
   "minecraft:projectile": {
    "onHit": {
    },
        "power": 8.5,
        "gravity": 0.0,
        "angleoffset": 0.0
   },
   "minecraft:physics": {
   }
  },

  "events": {
   "boom": {
    "add": {
     "component_groups": [
      "boom"
     ]
    }
   }
  }
 }
}